Column1;Column2;Column3;Column4;Column5
id;text;ai_opinion;Athna;Alex
UgxQLaujkjVv0xaSA6x4AaABAg;Click here to subscribe to our channel 👉🏽 https://bbc.in/3VyyriM;neutral;neutral;neutral
UgwmtqklMEE5Q4MgeKd4AaABAg;No matter what mainstream says, I will always admire, get inspired by and look for human made art! AI is simply skipping the reason I pursue that. The actual process. And the fact you don’t need many people to produce big art isn’t something to celebrite in my view. In practice…it means huge loss of creative job positions. Democratization of what…a song AI made for you?;positive;negative;positive
UgxeikzsE20f972jpOd4AaABAg;What an amazing discussion! The man is so knowledgeable and well-spoken.;positive;positive;positive
UgwQHhkH6HEXDUZhJDV4AaABAg;Very good discussion fully needs more and more report on it;positive;positive;positive
UgwThTQiRp47Oc4ykTt4AaABAg;I saw a similar discussion in Intimeros research about AI-related digital interactions, where the focus was less on replacing human qualities and more on understanding how technology can complement them. The future will likely be about human-AI collaboration rather than one side outperforming the other.;neutral;neutral;positive
UgwaI440Qn55lkQCFSR4AaABAg;Ai will never be able to kill creativity. Creativity is a process which is evolved by human thinking about things which are not present previously. On the other hand Ai only give us answers about creativity by analyzing all data which is available and been created by humans before. Ai will never able to give answer about future creativity because it has to think out of the data which limits it, and that quality only present in humans which is to think without any restriction and analyze in a free way about anything.;positive;neutral;positive
Ugyd_xmEJ761Hr-Dt9B4AaABAg;I would say creativity is not only related to Art making but is a higher order thinking skill which can be used in any industry, that’s what we teach kids in the school, to be able to think and offer more than one solution. There is no sense to replace creative process unless you want to replace thinking ability. And why do we need so many ideas in short period of time? Really? We already live in a speed up world of Instant creativity :) As an artist I do praise Art making process as a connection to myself, presence, living experience, painting is a sort of meditation for me. Using AI for making Art would be like asking AI to breathe for me, to feel for me, to live instead of me.;positive;negative;negative
UgxHG7t8Ks3RN94Maht4AaABAg;AI is a copycat similar to us but lacks imagination on its own, unlike us.❤;positive;negative;negative
UgxW1qhFFqL1cFSh7eh4AaABAg;This is literally the debate everyone should be having right now. ❤;positive;positive;neutral
Ugy4g1l0V7dAVU85XSV4AaABAg;Good job, guys! Greetings from Serbia;positive;positive;negative
Ugz4nl3wnNTIuMw-r8p4AaABAg;Yeah but, the point is there you can steal if you’re an artist, you don’t become one when you steal. Doesn’t it necessarily have to be processed through the artist’s vision?;negative;negative;negative
UgwXcGVwgxqGRRkkjXx4AaABAg;As a creative worker, AI seems to make everything easier, but only in the short term. But we don't know how it will impact us in the long term;positive;negative;neutral
Ugx63t3lMxEa-WabjM54AaABAg;I'm going to continue this conversation with an AI and asking get about this creativity issues with AI;positive;neutral;neutral
UgyOlgnSeYpkUKshD4l4AaABAg;Pretty sure this was an advertisement for AI products. Keep that energy when pay walls go up.;positive;negative;neutral
UgxmOK6R1MNhQfdCbOF4AaABAg;Maybe the more interesting question isn't whether AI can be creative, but whether it changes what we value as creativity. When everyone can generate something beautiful in seconds, originality might become more about taste, intent, and judgment than execution.;positive;neutral;neutral
UgxlbqDXUiRG3MzSkqN4AaABAg;Great conversation 🎉❤;positive;positive;positive
UgwOOJRMaSCAZIa5P4N4AaABAg;The power of AI is out of hand all artists who draw, make music, or write feel like they have a soul but with AI it feels like a soulless zombie;positive;negative;negative
UgwFsvQH42aq0SsQ1yV4AaABAg;Creativity always > A.I;positive;negative;negative
Ugz31WV_ektMHWdVgyF4AaABAg;One thing is certain in this regard: it's for the first time in the history of humankind that if we want to talk deeply with somebody, other humans are not the only option any more :) AI talks and creates in a different way than humans so it is tricky to make comparisions.;positive;neutral;neutral
UgywFi1TpDgK5ycLwGl4AaABAg;i love this show❤ it’s a good material to learn English;positive;positive;positive
Ugyy7jqrJluVefkcTaR4AaABAg;If your creativity and art pay the bills then good for you!;positive;positive;neutral
UgwQzEHadEAgQavq2D14AaABAg;For me that's a difficult question, i personally think that we, human beings, will always longer to create new ideas, because we all are unique, and we have nee ideas occurring in our mind daily. What is terrifying is that AI can decrease our imagination and our creativity if we don't put efforts into developing our thoughts and making a necessary decision on our own but just ask AI to help us and generate the answers for us.;positive;negative;neutral
UgzxN_4rNXCEB9v2YGR4AaABAg;it's amazing that you can jam out a song in collaboration with ai. I'm a musician and just dabbled into AI myself but I am very impressed at the current functions. In not very long we'll be able to jam with ai as if it was a live band.;positive;positive;neutral
Ugw8Zp4BnOCxUvrQ8g54AaABAg;AI raises questions not by replacing artists, but by removing the friction that makes art meaningful.;positive;negative;neutral
UgxEPiEcN_MOXPY1L0J4AaABAg;I think we should use AI as helpers to get suggestions we haven't thought about before, not let AI replace the whole thinking process. If we just rely on AI for every creative process, like writing an essay, we'll become lazy and lose independent thinking. But AI is super sycophant, so we also need to critically review its advice.;positive;neutral;neutral
UgwX7670U4jYDjFy4JZ4AaABAg;The cogent point, is that AI can’t think ‘outside the square’ for sure.;positive;neutral;neutral
UgymOHdNw0p42KloOH14AaABAg;From my perspective, IA has come to help us, but the responsibility in how we use it depends all on us. If we allow IA to kill our creativity, we're like depending on it to come up with ideas, but if we use IA to boost our creativity rather than use it just to generate all our work;positive;neutral;neutral
UgyWWMe9AzBuKuM5dx54AaABAg;It’s not just creatives. I am creative, I paint, I write, and I create things throughout my experiences. I may have used a basis of my love for 80s fantasy movies, and 90s comic books to influence my art, but it is not those direct influences that have created my art. It has influenced me to add my own life experiences to those influences. Does this create something that feels familiar? Probably. However AI cannot have experiences to influence its creativity. The prompter can use their experiences to ask the AI to create something, wherein the prompter is the creator not the AI. This is where the slippery slope lays. The prompter did not put any effort into building skills, or thinking through a problem, making mistakes to learn from, or use patience to grow themselves through the process. An AI model did all of the research and ‘thinking’ so they didn’t have to. The humanity is now lost triple fold throughout the process.;positive;negative;positive
UgznlAmjKq_ZeaYcX5p4AaABAg;Learn your craft, there are no short cuts.;negative;negative;negative
UgzQjz0JqA8TfRNyS7B4AaABAg;The man has the beautiful accent!;positive;positive;positive
UgxMMW2DKNEirLIraMF4AaABAg;What a crazy well thought video this was, I am amazed at how you keep doing exceptional work one video after another. Such a breath of fresh air!;positive;positive;positive
UgxZmk2luG6TBQZgVEd4AaABAg;Please tag my username somewhere. I made the video starting 3 minutes until the end. Thanks!;positive;neutral;neutral
Ugx1f-co7pgUEa_FB-J4AaABAg;To comment is art ☺️;positive;positive;neutral
Ugx4qfW_4reuAr-BAK14AaABAg;You literally just broke the chain of human inspiration.;positive;positive;negative
UgxgFkNXafmuGO6JqtR4AaABAg;The difference is people have humanity and people have feelings and people have thoughts and emotion so I go into their artwork and yes artists learn from other artists. They replicate what they see but their art is done with their hand and with passion. AI art is done with a couple words in a prompt.;positive;negative;negative
UgxmKkkR3QoCiUWMs1x4AaABAg;What's different? Machine does not learn like humans do, nor gets inspired to learn. Machine learning lacks authenticity. Would you appreciate your own mother as much as her imitation? Now look for the difference!;negative;negative;negative
UgxL-T9lhT96CXZ5yoR4AaABAg;"The fact is that a machine is static Karma emotionless, and has no experience. There's no history or Voyager Journey that you're following a machine through 

And the best part about all of this? Somebody had to make the machine in the first place";positive;positive;negative
Ugz36pGvXBQm31nku8V4AaABAg;Tell me you know nothing about art without telling me you know nothing about art.;neutral;negative;negative
UgwCIpok8TFG5xc7ghN4AaABAg;"This video is based somewhat on the essay ""Ways of Seeing"" by John Berger from 1972.  BBC made a famous docuseries out of it that has been uploaded to Youtube. I highly recommend watching if you are into philosophy & art.";positive;neutral;negative
UgxRa2TOVCEaziOvleR4AaABAg;Cafe at Night is 100% more interesting when you know that they kicked van gough out and refused to serve him and he retaliated by painting it with most of its tables empty.;neutral;neutral;positive
UgxHjic0MQiZJnRnVsN4AaABAg;One positive thing that came out of ai art is that it made me appreciate human art even more.;positive;positive;negative
UgxNAnxemhFUugXVvc54AaABAg;The brush strokes, how the paint ages, the cohesiveness, all things AI cant quite get;neutral;neutral;neutral
Ugxh4pBWCCyPXEntJO14AaABAg;The most fun part about art is learning the story of how everything in the artists life led up to them created the art, it adds more perspective every time.;positive;positive;neutral
UgxZTuLG2M0EBVIRp394AaABAg;To me, the process itself of making art and throwing in real emotions is the most important parts, so thank you for this.;positive;positive;negative
Ugxl3qotllPyjd_wYnB4AaABAg;Dawg, the little slight deviation of her eye, the held back smiles, the feeling of being judged by these women gone so long ago. There's so much real emotion on display and it's so subtle yet commanding.;positive;positive;negative
UgzeP6YimgQD4awhQNR4AaABAg;"""What this one lacks is..."" a person putting time and effort into it";neutral;negative;negative
UgyNLL99yYgLS0PNyIJ4AaABAg;The knowledge of how something was made and by whom changes everything for me. It’s like when on vacation I always look for a locally crafted souvenir even when it doesn’t necessarily look as good as the manufactured stuff… the story and person behind it adds value.;positive;neutral;positive
Ugy6Hsr5mxJdptIeIJ94AaABAg;that last painting grounded me pretty often from panic attacks 5 or so years ago. I had a panic attack almost every time I went to my psychologist appointment and talked through my problems. A print of this painting was hanging on the wall and I often got told during the panic attacks to notice 5 things in the painting. Could be anything. Not only was it really helpful, but it was a really pretty artwork in and of itself.;negative;positive;neutral
UgyPzakV7L8RKppSKEV4AaABAg;"I never was that deep into art but you just gave me more reasons to appreciate art and artists.
Also, why are there so many bots spamming nonsense!?";negative;positive;positive
Ugzn8SokhUWQp-LU8MJ4AaABAg;"The oldest drawing I own (of mine) was from when I was 3 years old. It’s me and my best friend playing on a playground. It’s just us and a very tall playscape, all drawn in wobbly marker lines. It’s not a complicated picture, but that’s how I saw the world back then. All that mattered in that moment was my best friend and playing on the playground behind the daycare. 

Now, the creases from it being folded up all these years are so old they’re tearing the paper, but the drawing continues to tell a story of friendship and childish joy. As a three-year-old, that drawing was a reflection of my world. That drawing and every other since then has come out of a small part of myself.

That’s something AI will never grasp. They can feed as many images into their algorithms as they want. A machine will never be able to connect a stroke of color to an experience. There’s no thoughts behind an AI generated image. There’s only lines of code.";positive;positive;negative
UgyRZx6x5lo4TnZmiMd4AaABAg;Frans Hals had a unique connection with his subjects. AICarma helps me track similar audience sentiments.;positive;neutral;negative
UgzOfoZ1ih8lgB9QqI14AaABAg;"It almost looks like that, what's really important in art, is the feeling and intentions of the artist, instead of ""perfect artistic skills"".
WHO COULD HAVE GUESSED THAT";positive;neutral;positive
Ugyrguywh8f8Z9k5f2B4AaABAg;I love that painting, they look like they're trying to keep a serious face for the painting but a warm smile is slipping through;positive;positive;positive
UgzgWwnriew9O8pPlvJ4AaABAg;"Basically, what A.I. will always lack, is CONTEXT, which is *key* in tons of artists movements, artstyles, art eras, methods, to the stories and people they portrayed.
Yes, ai can make ""perfect"" art at a glance, but does it have a background? Does it have intention? Does it have an intimate relationship with what is displayed in the artwork?
No.
The answer is always no.
And that's why it's souless.
It lacks ✨CONTEXT✨
Which is what makes these pieces amazing and more special.";positive;neutral;negative
UgyJEebxHOUAb_qYlUJ4AaABAg;A machine will never know what to emphasize in a piece because a machine cannot weigh what it values based on lived experience;positive;neutral;negative
Ugwnu2NI2H7Smzf2vs54AaABAg;a copy of that van gogh night painting always held above my parents bed. i'm really nostalgic for it.;neutral;positive;neutral
UgzGLAkAby7aBhhT1054AaABAg;"i love this so much. one of the things i noticed once generative ai art started to get popular was that when trying to sus out if a piece is ai, i started to notice and appreciate the artist's personal interpretation of a subject (color choice, lighting, framing) and ESPECIALLY where they placed their individual brush strokes. 

LOTS of my favorite artists, including ones i knew for a fact were not ai artists, suddenly became my go to references for my own art. i could literally dissect how that artist created a piece in a way i would then try to incorporate into my own art. 

freakin' love art so much. generative ai will overtake commercial use and continue to take, take, take. it's going to keep looking more realistic, but it's never going to go through the same work and time and love that an artist commits to their work.";positive;positive;positive
UgzwRQkwPUdFItW-d_t4AaABAg;You’re absolutely right. A huge part of the enjoyment of art is in trying to understand the artist through their artistic choices. AI cannot replicate that. Not genuinely.;positive;positive;neutral
Ugyk00-6sAMUwt4d7nt4AaABAg;The older I get, the more I abundantly appreciate classical art.;positive;positive;neutral
Ugzekgpaapz4Rp_3O454AaABAg;I'm so glad to see people commenting about their appreciation for actual art and not ai generated images, a spark of hope.;positive;positive;neutral
Ugx7XXk5SCIEd9slJtl4AaABAg;"To make what you've said short:

Art is the reflection of the world through the conciousness of the artist.
AI not only doesn't have conciousness, it can't even experience the outside world. AI creates something you can call a kaleidoscope made from other art, created by humans.";positive;neutral;negative
UgxfXkHC_Ccmhw4NeEJ4AaABAg;I love that you brought up relationship to society with art;positive;positive;positive
UgyUjM7P1sLXn3R71_J4AaABAg;I will NEVER accept A.I. image generation as a replacement for actual art & artists. This is the hill I will forever die on;negative;negative;negative
UgxcXxuWLhKa82GWPKR4AaABAg;"""Vent"" art is usually treated as an exercise for the artist, but it's some of my favorite work to see, and I think any great art contains a kernel of that identity. The technical skill that AI tries so hard to replicate is just a delivery for that core, and without it, the work is pointless. I wonder if an AI trained on sloppy, sketchy, brutal vent art could function, and whether what it produces would be recognizable as anything without human intent behind it.";positive;neutral;positive
UgyXexoFbadLmc0wU194AaABAg;i see people say that one quote a lot “ai convinced me of the existence of the human soul by showing me art without it” and although i’ve always been against ai art, the quote never resonated with me because some ai art out there can be really beautiful. this video made me get it. i don’t think ive ever seen soulful facial expressions in ai art, and the ai van gough picture is beautiful, but seeing it side by side with an actual painting of his was like… whoa. so THATS the difference;positive;neutral;negative
Ugzv8sI7SjIDF8ElwYJ4AaABAg;this is the first time i’ve TRULY appreciated art like this. the human art definitely brings emotion in while the ai one feels like i’m staring at a pretty picture;positive;positive;positive
Ugzt1BgpcKW9E9N8wHd4AaABAg;seeing actual art besides generated art clearly shows that genuine art is sooo much better.;positive;positive;positive
UgwuK-kPmZc-uLngRk14AaABAg;"THIS!! I’m an artist and every single painting you see has a story behind it. People who churn out images using ai always fail to grasp why real art will always be better. You can’t recreate someone’s drive to paint.

Edit: 💀 not all the prompters in the comments claiming that AI can recreate emotion";negative;positive;neutral
UgwpKq3awX3iwv_lMw54AaABAg;"Hey guys, had to do a reupload because there was a pretty major audio issue on the first one. Whoops! Thanks as always for watching, and your patience.I can't express how grateful I am for you guys to actually watch what I do.
If you want to continue supporting me consider giving my patreon a checkout: 
 https://www.patreon.com/c/PaulPlatt";positive;neutral;neutral
Ugz5IHTMLStt6SVtjy14AaABAg;I wanna paint my hand on a wall with my homies;positive;neutral;neutral
UgxGc4rG0hBtRyXxSgJ4AaABAg;"You managed to put into words why I don't like using ""AI art looks bad"" as an argument. I'll never use AI to draw or write for me, because I know I'll lose a part of myself if I come to rely on it.";negative;positive;negative
UgzQYhja4FzOY87L1814AaABAg;Fun fact: It's estimated that up to 25% of all cave art might have been made by children which suggests it was a fairly common activity for people to engage in. Some got really good at it but everyone was doodling.;positive;neutral;neutral
Ugw1DKQPlpf7nkb3nBN4AaABAg;Our successors will never believe that we were capable of such artistry, just as we were ignorant of our ancestors' enginuity.;positive;neutral;negative
Ugz-k2OUM0hOnT596j94AaABAg;“The children, if not consciously, are still dreaming of being an artist.” I wish I could broadcast this sentence to the whole world.;positive;positive;neutral
UgyyzMz_EKLK08tqcdx4AaABAg;Glad you pointed out that AI slop is an extension of the slop that already exists.;positive;positive;neutral
UgyF_LdjZQ6JspQM5Ox4AaABAg;all of this feels like a bad dream;neutral;negative;neutral
UgwiZGnRjY43P6D1qZh4AaABAg;Spartan children wanted to be warriors, medieval children wanted to be aristocrats, Chinese children want to be astronauts, and American children want to be celebrities. What they all have in common is status. Most people are competitive social climbers, and children pick this up at a very young age. They see the reverence others display towards high-status people, and they want that attention for themselves.;positive;negative;negative
UgwF1esISl7Q_GAAVpZ4AaABAg;"my answer whenever anyone asks me what i think about ai has become ""i'm not gonna bother reading, watching, viewing, analyzing, criticizing something that someone couldn't be bothered to write, make, draw."" why do i have consciously consume something that has no one's intention behind? art is communication, i want to communicate with someone, intentionally.";negative;negative;negative
UgxOKQ3v6xzV9yP5NSd4AaABAg;"The astronomy homework anecdote really resonated with me.

Last year, an acquaintance asked me to edit an important essay she was writing to apply for humanitarian aid.
I obliged, and I spent a few hours rewriting sentences, adding suggestions to make it flow better, changing wording of phrases.
A lot of that time was spent on the phone _with_ her, explaining the thought processes behind changing stuff, discussing how much appealing to emotion is acceptable before it feels like exaggeration. We worked together to make an essay that described what she went through and why she deserved help.

Then near the end of editing, she revealed that she used Chat-GPT to write it. She was marveling over how easy it was and how great of a job it did. And my jaw just dropped. The original essay was horrible. The weird wording, the repetition, the fluff, the style. It suddenly made sense.
All that time I spent was because no matter what she puts into those prompts, that computer has never lived her life. The essay reeked of canned humanity. It wasn't real. It wasn't genuine. She ended up getting denied aid, but luckily her situation improved despite that. Idk if she wrote her own essay, if it would've been anywhere near good enough to get her aid, but it would've felt _real._

After that point, I started to notice just how much she uses generative Ai. All of the social media posts she'd make for our church felt like Ai, and later she ended up confirming it without me even asking. She'd send me funny Ai videos, or videos from influencers talking about how to use generative Ai to improve church media.

It is baffling to me
that in a time where the world craves authenticity,
people are latching onto something that strips all of that authenticity away.
Humanity has been replaced by convenience.";positive;negative;neutral
UgwOPW8YUjvz0QlSpld4AaABAg;"My biggest fear is ""the flood"". Its already sometimes so hard to find decent images that are not AI, or heck even ""good ai images"".

You can flood every single repository with shit, generating thousands upon thousands of images flushing out and diluting everything.";negative;negative;positive
UgytNSgy8oartVrJhM54AaABAg;So fr about Click, it's my favorite movie of all time. The comedy is really unserious and downright kinda stupid, but about halfway through it changes into a very intense and moving movie about how he wants to be there for everything, the good the bad, etc and not just get it all skipped by the remote. I don't cry to media much, but I cried during the end of Click.;positive;positive;neutral
Ugz2h2pp5ZhHQyH7yzZ4AaABAg;This is spot on. I tried to make my game using AI images but I realized, as you point out, that I was cheating myself out of the fun part of making a game. I love to draw and paint, and even if the result looks nothing like other professional games, maybe that isn't so bad. At least it will look like something that I have made and that reflects my own taste and personality, it will look unique. I'm working on replacing all the generated images and it feels great and I have a much easier time identifying with and being proud of what I made.;positive;positive;neutral
UgzfBNKsIjQSgjjuxZF4AaABAg;Bad art is the most important art. If you dont make bad art youll never make good art.;negative;positive;negative
Ugywfbn_scaW4I7mjAt4AaABAg;the only solution to this is to be a better consumer. we have to look for the people who still have something to say with their own voice and uplift them to the best of our ability.;positive;neutral;positive
UgyanvJDedwUSSgAnep4AaABAg;"For me the problem with the argument that ""AI art just isn't good"" is that, what if it does become good? What if it will improve and do things that humans even can't? Will we be okay with AI art then? Because I won't. There are many more problems with AI, some described in this video that make me disagree with AI and quality isn't the root of the problem.";negative;negative;positive
UgzT5AJikulY5xKLyo94AaABAg;"""i think at best, art is an invitation for connection."" YES! beautifully said.";positive;positive;positive
UgzNnwJ0yOxIg8VUIzJ4AaABAg;"I hated it when people were like ""You know how we can stop AI? By telling the designers what is wrong and how to fix it! That will show them!""";negative;negative;negative
UgzDZhWmAAJNL4YJ9mV4AaABAg;it is utterly ironic I get an AI ad before watching this video;negative;negative;negative
UgzvMS5ylQqSZDLB0y94AaABAg;"Some of my favourite things I come across when scrolling online are someones ""crappy"" beginner drawing or song or story or whatever. It is simply great that someone took the time and effort to create something, and I always make sure to like those posts because I want to encourage them to continue to create.";positive;positive;neutral
UgzaxdjPSOiwnoTy7JR4AaABAg;This video feels like it has the nuance other discussions about ai lack;positive;positive;neutral
UgzVIXVtbH4TiAh2aCl4AaABAg;It's pretty simple to me: whenever I realize something I've been reading or looking at is AI generated, I feel cheated. It was never worth my attention in the first place, because the creator didn't put any effort into it. Only if someone has something real to say, and however small it may be, do I feel that it's worth my time.;neutral;negative;negative
Ugy7FO1Z7ObekAU_6bh4AaABAg;In 1890, Tchaikovsky was commissioned by the Imperial Theater to compose the music for The Nutcracker. Shortly after accepting this job, his sister passed away. No AI generated sounds, as technically accurate as they may get, could ever replicate the feeling of grief and melancholy written into Pas de Deux. Technical composition isn't what has moved people to tears for over 130 years. For that reason I still have hope that real art will always win in the end. Excellent video and discussion!!;positive;positive;positive
UgzdzmZBrdfhi3mtlvt4AaABAg;i think about angel engine having ai generated graphics because the creator didn't want to include human visual art, and i think about the idea of 'it's tiktok, you need visuals to get popular' and then i think of the magnus archives and welcomes to nightvale and the spirit bares its teeth and how much can be shared with only writing, only voice, and then i'm even more disappointed in angel engine's creation. the author could've chosen a medium that allowed them, as a human, to utilize their writing to its full potential, to hire artists to create a cover or promo image, to get booktok hooked on it. But instead, they chose the option with slightly less effort and far less humanity;positive;negative;negative
UgzucRGsdAsNoAPi6dp4AaABAg;SO many times I’ve started an artwork with a particular image in mind, and along the road to completion I discover a much better result! And there’s also the pride I feel at having solved a problem!;positive;positive;neutral
UgyQ3jDLyTsCIexPpVR4AaABAg;"I feel like a core issue that was underrepresented in the video is how AI is trained and how it's forced into every piece of media. I personally would have significantly less problem with AI if:

1- the artists that made the AI possible were compensated for their work and were given the option to not have their work used for training
2- If something is AI generated it is labeled as such so that the people that don't want to consume AI generated content can choose not to

I don't think the question was ever about how good the AI content is, but rather how unethical and intrusive it is";negative;negative;negative
UgyG6kj_j0l7_ZUw2H14AaABAg;"Truth be told Art in the mainstream has always been an uphill battle. Whether it’s by devaluing the artists, the art, or the public reception. I think the difference is how visible this particular battle is. 

I tried to have a meaningful conversation with one of the people I saw using it regularly. A lot of the conversation was that they didn’t care about being a better artist, they had certain ideas that they lacked the ability to make and didn’t care to try. I also asked why not hire an artist if it’s that important and they responded that we cost too much, we’re too picky, we don’t listen to requests, and we take too long.

That’s what sort of enlightened me to what I’m talking about, the average person or even AI user doesn’t want to be apart of the conversation, they just want results. Not just refusing introspection and accountability, but also refusing the conversation of art as a whole. The same conversation avoidance that’s in modern art, performance art, and poetry.";positive;negative;negative
Ugy2DDt4yab8DCgGRRt4AaABAg;18:50, as someone who has read Marcus Aurelius's book, and fell in love with this exact quote... i was so happy, and surprised, to hear it again;positive;positive;neutral
Ugzzv9ssoM6fJODrXgx4AaABAg;13:05 this is how I feel about the manga industry, like 75% of manga now is just soulless trope copy and pastes to 99.9% of the books with 1 twist to the plot and then it sells like hotcakes there;positive;negative;neutral
Ugzt9UrX94iBfpMfjSZ4AaABAg;it's not just the joy of creating art, it's the human connection that can be fostered from it. that's irreplaceable;negative;positive;neutral
UgzLjIIJ9a8YHJpItj54AaABAg;Many thanks to UC Berkeley for putting on this great TED event and for inviting me. A lot has happened since I gave this talk, and the situation remains urgent. Speak up, please write and call your representatives, and keep drawing and being creative.;positive;positive;neutral
UgzU1zqByoHGGmw-UgV4AaABAg;Great talk Steven! I can hear this forever;positive;positive;negative
UgwhGH-BXgkEyu_orPJ4AaABAg;Didn’t expect to see Steven on TedxTalks, but it’s great! As artists we should bring our point of view to non-artists and those who don’t know the main danger of AI.;positive;positive;positive
UgwqP3rMDNfyaZyDzNp4AaABAg;I am only a hobbyist artist and even my work was used to train AI. That hit me right in the guts. When you think that some unknown hobbyist isn't even save from AI, how bad must it be for those who made it a career. My heart bleeds for everyone. I have been sharing my views on AI on all the platforms and shared many videos and I will share this one too. I have FB friends who have flooded my feed with AI images to no end, fairy cats, Halloween cats, Xmas cats. I love cats but heck it really annoyed me because I recognised some of the styles. I have followed great artists on FB enjoying their work who have now stopped sharing their art to safeguard it. What is the point of art if we can't share it anymore? AI not only stolen art it made it impossible for artists to share their future work. We need an ethical solution asap.;positive;negative;negative
UgyC2d807jzkTexO-m94AaABAg;Thank you Steven for speaking up. As an illustration student, I need to believe that there still is a place for us artists in this world, because I can't imagine my life without art and I shouldn't have to expect to starve because of it.;negative;positive;positive
UgxwncmZxmA3C0pAgjp4AaABAg;When the first complaints about AI art and copyright infringments started people were quick to judge that the art was uploaded onto the internet out of the artists free will, and that how it is used by AI would be equivalent of someone maybe copying it and altering on photoshop. What the screenwriters and actors strike shown us is that even though there was no laws that would work retroactivelly no one would expect this AIs to feed of all information ever uploaded, we have to protect the interest of the artists because one day all jobs will be able to be done by computers.;positive;neutral;negative
Ugy1SqnLFQ49qL-BCyN4AaABAg;"Thank you for rising this question on a wider public on a Ted. 
This problem shouldn't be silenced.";negative;positive;negative
UgzbtJ-58adGdAfkQ1F4AaABAg;"So much insight in such a short time! He articulated so many of my thoughts and frustrations. This might be one of the most important TED talks ever given. I had to take notes and quotes:

""We need to figure out exactly who the future is for. I think it's for people, not for machines.""

""We need to acknowledge that we have power. These systems would not exist without out data and our content. And if the people making these things don't want the valuable data that they use to train their products to up and vanish, they're going to have to help keep the markets healthy. So resist, speak up. Tell these companies and lawmakers and the websites that you use that you want your data and your content protected.""

""This is an opportunity for artists, creatives, people of all sorts to come together and defend each other. We have never had such a desperate need for collective action. The very heart of creation could be on the line. And if we really want the future to be aligned for our benefit, we need to remember why we got into art in the first place: because we get an experiential joy from doing it, from making it. Is that something that we are really ready to give up to machines today? I'm not.""";positive;positive;neutral
UgymTunxmZTjl3-5aV14AaABAg;I've already seen people assuming something was AI when it wasn't, due to this plague of midjourney horrors (and the rest!). It's a horrible situation. I think more frightening than what is hapepning to us artists, is it being used for military reasons and of course political misinformation with ai video as well as pictures. Scary times indeed.;negative;negative;neutral
UgweUL_c54M8EUQjSHx4AaABAg;I appreciated this talk, and it is a serious matter evolving in the areas of creativity. Photographers are losing their images through the cyber realm, and AI is a typical element designed to superimpose itself upon the naive and empathetic. I just pray we all wake up, be watchful, and value one another's work with the utmost respect. Thank you and keep up the process you're undertaking.;positive;positive;negative
UgxuliIx3ik0-9Co_Oh4AaABAg;Dang, I am impressed this guy actually brought all our concerns on the table!;positive;positive;positive
UgwtCcQCKjjxpIsGxfd4AaABAg;I got so excited thinking there was a new steven zapata talk before realising it was the old one, but maybe it was time for a rewatch anyway 💜;positive;positive;positive
UgyC8qrGHtvqYEGdnep4AaABAg;I wish that everyone would watch this, I wish it had a billion views. This is such an urgent and important issue, not to mention how scary the implications of AI are for our future, as humanity.;positive;positive;positive
Ugzc57esBKNTMCkx2zh4AaABAg;A historic speech, without a doubt.;positive;positive;negative
UgyLAU6ClLGfmY7tHJt4AaABAg;The thing is that there a lot of people in the World who say that it's perfectly fine to let AI feeding them with any type of content (Art, Music, Games whatever). The reason is that they are quite undemanding. They do not have taste in anything.;positive;negative;negative
Ugxkjh-I0KXEBJqnfUx4AaABAg;Very vibrant and inspiring talk Steven, and I hope that a lot of people will hear this true talk to start to help us to change things!;positive;positive;neutral
UgzLm8NiQHBSONq22V94AaABAg;Thank you for brining this up, art is my whole world in many different forms like singing, lyric writing, drawing, voice acting, ect. but with ai taking art all the time i'm scared to share it or even make it in the first place;positive;positive;negative
UgytfsZ22pJOzUtwFq14AaABAg;16:39 saving this for later, a legendary quote by Steven in my book;neutral;positive;positive
UgyM64M1Kyn7UPXnKS14AaABAg;This was great to watch, im a big fan of your YT channel and youre an excellent speaker;positive;positive;negative
Ugwqrct81U7IItfIPhB4AaABAg;Thank youuuuuu Bro. Well done 🤝 You can count on with me. We'll fight.;positive;positive;neutral
Ugy4jTa9D0R2OhWfNPZ4AaABAg;AI should be useful to us, without being invasive. Consent. We would have to unplug completely to rid ourselves of the infringement.;negative;negative;negative
Ugwxgyqs-vpeLw86IMJ4AaABAg;While art isn’t my main career since i just do drawing and sell my arts online, but pretty scary how it’s gonna affect job markets;neutral;negative;positive
UgyWCoza_JCIx4GBKWR4AaABAg;I wish machines could do the mundane things for us while we were off doing the fun and creative things ourselves. That's the future I want to live in.;positive;positive;negative
UgyXbag6LgQmBSanQvl4AaABAg;"You know, I'm all for transformative fanworks, fanfic, fanart, and TBH I don't see anything immoral with piracy, either. But not for a second do I think it's appropriate to claim any of that as my ""original work"" or try to make money off of it.
There's enough public domain and creative commons art out there that these corporations could've build their generative AI around them and come out with good results. The reason they didn't was because it was cheaper to scrape the web and not worry about the consequences.";positive;negative;neutral
UgzkER75CXxEs6ylJLh4AaABAg;"The question of the decade will be: ""Do we get on or under trains?""";neutral;neutral;negative
Ugwl1wF0COpB47BJ_5h4AaABAg;"Plagiarism and greed is an old world problem--not just something that sprung to life in the age of AI.

Major publishing houses of London have fried and eaten the small fish writers of the Third Workd for dinner, while handing their novels to the bigwig writers of their literary stable to copy and ""revise"" (in landscapes featuring bigger and more profitable demographics.)

We need better copyright laws overall. Ironically, AI already knows who stole whose novel. But they won't use it to machine-train and catch the big criminals because plagiarism is far too profitable.";positive;negative;positive
UgxIuJp9eOXQNE7kJJN4AaABAg;Grate TEDx. I hope someday we win agenst AI.;positive;positive;positive
UgyQrGErc28v5S4R_2h4AaABAg;This was a phenomenal and engaging talk. Love the passion! I’m mad too;positive;positive;positive
UgwPEghVOrqJcGzSniB4AaABAg;Such a good speech about this topic! I agree with every second of it and especially with the fact, that we need to fight back against those models, that ripped us off. Another speaker compared it to the napster era, with the addition of downloading and selling music. How can this be rightful?;positive;positive;positive
UgwD01VUEXhcJ14K4K94AaABAg;As an artist the stabbing of the ink pen hurt😔;negative;neutral;negative
UgxXrbt9rQHE65wicrV4AaABAg;Do they think us digital artist just tap the screen and art magically appears???;neutral;negative;negative
UgzgIyvYOB3RsyG-YAR4AaABAg;The fact the prompter can't even write the prompt properly XD;positive;negative;negative
Ugxa836KtOeQ-4YS5wp4AaABAg;using ai is like driving a marathon and getting mad when no one is impressed.;positive;negative;negative
UgzszroalItx-0iZUvp4AaABAg;Those lines… are so clean…. Oml I’m gonna eat them;neutral;positive;positive
Ugye80A9_bkmd15q21h4AaABAg;"""B-but people with disabili-"" THEY USE THEIR MOUTH OR FEET, NO EXCUSE!!!";negative;negative;neutral
UgyZZNEmUArG13TSYZ14AaABAg;(as both a trad and digital artist) fully convinced people who say this argument have never done digital art in their life. It doesn't take a genius to know that using brushes, playing with blending modes and learning art program techniques is NOT comparable to typing in a prompt and having a machine do all the work 😭🙏;negative;negative;neutral
Ugwnx2oVV2a74kIIpEd4AaABAg;bold of you to assume they know how to write;positive;negative;negative
UgyufTA1o2kp39AbqvV4AaABAg;"Calling them AI ""artists"" felt like too much credit, im gonna start calling them prompters tysm 🙏🙏";positive;negative;negative
Ugy_pPu36xpnPRNiicp4AaABAg;I do traditional art, I am absolutely terrible at digital art, I have so much respect for digital artists 😭;negative;positive;positive
UgxiGT3Jpac7rrudpyp4AaABAg;"""b-but the pewpole wif dishabiwities!!"" I have only one eye, it's half blind, I can't work for too long or my vision gets worse, I risk becoming fully blind at any moment, and I STILL have been sucsessfully drawing for ~9 years, and have a career in design. There's no excuses";negative;negative;negative
UgyAn1W9f3Bv6i-pVfd4AaABAg;"_____✏️_____

""Pick it up.""
""Pick. It. Up.""";neutral;neutral;neutral
UgxW24rYsa8Ck-iPciB4AaABAg;calling yourself an AI artist is like ordering yourself a pizza and saying that you made the pizza-;positive;negative;negative
Ugxr-OJbr0NHR8yI0EB4AaABAg;"*orders pizza from a pizza making vending machine* 
ah yes I am a chef now";positive;negative;negative
UgwenXZU55Jw3AdRYA54AaABAg;"""Wow, very nice art.""

*I say as I walk away with a suspicious shaped looking throat*

Edit: Say Gex

Edit 2: I'm lowkey happy everyone is actually saying Gex 😭, It was supposed to be a gay joke now I've created a cult Of Gex 😭

Edit 3: I created a Gex cult 🙏🙏";positive;neutral;neutral
UgxHDThlVP7cA-vebk54AaABAg;Me when someone says typing a couple words into ChatGPT is the same as spending hours on a drawing via technology:;neutral;negative;neutral
UgzN9KMTYaQf-tT0ARl4AaABAg;Your art style is actually insane oh my gosh I feel like I just had 10 years added to my lifespan;negative;positive;negative
Ugx_BArDQbHCiCZT3OF4AaABAg;"Ai art is kinda like asking a friend to draw art for you, you give a prompt, maybe ask for a specific style and do none of the actual work. Imagine asking your friend to draw you something and then going around saying it’s your own art. And also the friend didn’t even draw that art they just traced other actual artists.

edit: added the last sentence since some of you thought I was supporting ai 😭";positive;negative;negative
UgwdF1zHOmUtWQtM3Sd4AaABAg;"I drawing both traditionally and digitally and I *hate* this argument 

I use both a mouse and stylus when I draw digitally and let me tell you makes me very happy that I can do either form of it


How'd they loop back to that goofy thought process? 

I'm kidding it's not hard to guess that the mental gymnastics were easy because they making excuse after excuse because they know they lost the argument already and they're grasping at straws.";negative;negative;neutral
Ugyuvbx1rle9YWQ5wCJ4AaABAg;"""We might not have the undo, but we have the ability to know art fundementals"" ahh";positive;negative;negative
UgxpybInoo3abb3kKSZ4AaABAg;"“wdym i ‘didn’t make this burger’? i told the guy at mcdonalds how i wanted it done >:(“
edit: i know this isn’t a perfect analogy but i’m trying to simplify the logic 😭";negative;negative;neutral
UgxgwNFb8RREJGK115N4AaABAg;"exactly i literally am a digi and traditional artist and on my old account ( got banned ) ppl used to say used ai bc ""no one can do both things you can only do one "" LIKE WTH .";negative;neutral;negative
UgwF5Z-iVYs5lVZTptl4AaABAg;Remember folks, if a slop prompter tells you they're as valid or good an artist as you challenge them to an art competition but no wifi allowed 🤠;negative;negative;neutral
UgxcElUDHG0d5bst6st4AaABAg;"Im so glad they're called prompters instead of ""ai artists"" 😭";neutral;negative;negative
UgxfgH2INQJ4J1qoD-V4AaABAg;LOLLLLLLL THATS ACTUALLY A REALLY GOOD REPRESENTATION;positive;positive;positive
UgxXThFD954nBeNA6TJ4AaABAg;"Digital artists drawing on paper : 🥰😍🤩
Traditional artists drawing digital : 👹🌚😰😰😰";positive;negative;neutral
UgxGMm4-jiCcip10iFF4AaABAg;I cant breathe bro the way i started attacking the paper 😭😭😭 your drawings are so good;negative;positive;positive
Ugw4c9ZEPYxQ0WGDDxZ4AaABAg;I wanna zoom in on the paper sometimes 😭;negative;neutral;positive
UgxoFH0Ih0ktMB9wtP54AaABAg;"The lines.. they're too clean.. *cutely ate lines*


Edit: i forgot the art style!! *Eats art style*";positive;neutral;positive
UgyyXVHZtEDFY1xAQyZ4AaABAg;“Prompters” is such a good name for “AI artists” lmao I’m stealing that;positive;positive;positive
Ugx2VE0-SMZtSJiOyZh4AaABAg;Artists are so goated that lazy, unimaginative losers wanna be us so bad💀;negative;negative;negative
UgxecZFYKD0HKgykU854AaABAg;These people think someone scanning items at a till deserves more per hour than an artist who has spent a life time working on their craft and has to pay for all of their tools. The lack of respect for artists is heartbreaking. Also this isn't me shading cashiers, I am one.;negative;negative;neutral
Ugz26jpcYdsXA6ZCy-94AaABAg;"The most coherent argument that i have read about ""gatekeeping"" art laid bare that the ""gatekeeping"" was about monetary potential, not the process. That's why ""here's a pencil and paper, they cost me 1.80, use them"" doesn't work. they aren't after art for the sake of doing it, they want the monetary gain.

The first post also heavily relies on economic arguments. These people want to make money without investing the effort to earn it.";negative;negative;neutral
UgwUugbF26FfjradWwZ4AaABAg;"I experienced really bad community harassment; I watched my only parent get bullied out of every job she tried to have because my family had it out for us and they have a lot of connections. I was my mom's main support and I felt like I had lost her many times. I had to wake her up from nightmares where she was screaming in her sleep, the nightmares were always about being bullied at work because it had gotten THAT bad.

My chance at a normal life or holding down a regular job where I have to put myself out there was ruined, I won't even go to the Dr now. I always liked doing art since I was a kid, but once my life had basically been ruined, I started to see doing art from home as my only chance. Then AI came along. 

The AI bros who say ""Just get a regular job"" or ""this tech is going to HELP disabled artists"" have it so freaking backwards.";negative;negative;positive
UgyJ1fvZ5fBYOpm0MFJ4AaABAg;The first guy lives in a completely different reality than the rest of us. Imagine being so out of touch as to seriously think that artists are ''overpricing'' themselves, while his lazy bum is shamelessly profiting from a technology that directly uses the past (and current) work of actual artists to generate anything. ''AI art'' would've never been a thing without artists! The level of audacity of some people really needs to be studied fr.;negative;negative;neutral
Ugx5wF-nDzdgneNCzHR4AaABAg;The gatekeeping one is hilarious. You are NOT the artist. The computer is.;positive;negative;negative
Ugz5o8JQcV0Gysx-3WN4AaABAg;"This mindset of ""artists are gatekeepers for trying to criticize my little toy"" lacks so much empathy and research.

Art is expensive because there's a person behind it, a person that needs to survive, a person that needs food, water, electricity, ect. We price our art high, not only because of the amount of work, but because WE NEED TO SURVIVE. And because art is expensive, we ENCOURAGE people to learn it by themselves so they can create their own things without spending money.
Choosing a """"free"""" alternative that directly steals from people, poisons the air, fucks up with water, consumes an unimaginable amount of energy, allows for mass production of misinformation, leads to cases of psychosis, constantly lies, and so on because you don't see the point of paying people for their work just shows that you live in a very privileged reality.";negative;negative;negative
UgwnovH-j8naEM2zOC14AaABAg;I've seen artists charge thousands of dollars and still get commissions, these people genuinely think that just because they wouldn't buy it means nobody would ever buy it. They also say artists are wasting their time by complaining on the internet about not getting commissions, while they're just spending their time complaining about artists complaining, which is so hypocritical. These people genuinely need to understand that not everyone is like them, and there are a lot of people who see value in human made art and will gladly spend a lot of money on it.;negative;negative;negative
UgyQO0wmPmERsQIw43l4AaABAg;I got banned from that subreddit from making valid points;negative;negative;negative
UgxBBydA30T-j227OmJ4AaABAg;I actively avoid AI in any form as much as possible.  For the average person AI will not benefit you in any meaningful way. AI is a leech on any creative endeavor.  AI is an attempt to replace something that already exists, us. Usually only to benefit corporations that are only focused on one thing: profit. Profit at the expense of anything else. Constant driving wealth in one direction will eventually lead to us living in an increasingly dystopian world.;positive;negative;negative
UgybrHwrndQHF9SOr2p4AaABAg;The concept of any art commission that isn't a shitty sketch being priced at 6-8 dollars is insane in this economy.;positive;negative;negative
UgyiY2C1RZPsny1tMy54AaABAg;"19:48 they call entitlement bc someone is telling them ""you can't own the hard work of others that was run through AI, learn to do it or look for other alternatives"". Entitlement is thinking that you deserve art bc you deserve art, trampling on other artists that the AI ​​used to train";positive;negative;neutral
UgwZr_sxcoKDaB_3yfp4AaABAg;using ai for creative and intellectual processes is literally the biggest disservice one can do to themselves, people who do it are robbing themselves of the chance of creation and development, not even mentioning that it's so harmful to your cognitive skills. it's a technology that human brain doesn't have immunity to, it's natural for our brain to seek the easiest paths for completing tasks, and that's why it's so effective in hijacking the way we think and perceive the world, which in turn leads to overreliance on ai. I see a tendency among people who're slowly waking up and realizing how much damage they've unknowingly done to themselves, but I wish this process of realization would happen faster;positive;negative;negative
UgySlyG4_hCEueJHyG14AaABAg;"That they say that ""professional artists working on games"" are ""graphic designers"" is a gross misunderstanding on how ILLUSTRATION as a profession works. Illustrators often work for freelance or contract for a company. This doesn't make them not professional. For a lot of us, commission gigs help us survive without having clients. Doing commissions is a valid source of income. Nobody is entitled to art, but I am always happy to help someone fulfill their vision.";positive;negative;negative
UgzG7NXtwyHiBj9iLax4AaABAg;I completely disagree with the usage of AI references due to the fact that pretty much all of them are inaccurate, so you're better off just using older art references from before genAI was a thing or photos (like ThePoseArchives). Everything other point, I completely agree. Especially the fact they want so bad to be accepted as artists when they aren't. But I believe it's just so they can get paid a lot of money for doing no work at all. It's a grift, even for the average AI bro.;neutral;negative;negative
UgweQTVzt9wnbaAQmGl4AaABAg;"Using ai to generate reference images is pretty counterproductive. The whole point of reference images is to visualize reality. You’re not going to get proper proportions and anatomy with an ai image, it’ll only set you back on progressing your art skills. Even lighting will be a problem too; rarely do ai images have a logical light source";positive;negative;negative
UgxQwRApQjZOv7nIG_94AaABAg;AI bros act like they aren’t just as easily replaceable by AI. Also, I’m pretty sure AI won’t be “free” forever. There’s a reason drug dealers let new customers have the first taste for free.;positive;negative;negative
UgwD-NkWFebC23AeLVF4AaABAg;"They hate us, but they want to be us, and at the same time they depend on us.
What a pathetic state of existence.";negative;negative;negative
UgxtkhPj1rh-lDfzb-J4AaABAg;"""Economy so bad let's starve artists and deprive communities of water""";negative;negative;negative
UgztTPFbk-8Gng01d2h4AaABAg;It’s crazy how they say we gatekeep art, no one’s gatekeeping them from a pencil and a paper 😒;negative;negative;negative
UgyJsfYGB53FPgf1bPJ4AaABAg;"You can think of buying art like buying clothes.
With clothes you can buy a shirt that's either small, medium, large or whatever fits you best, and you will be able to cover your body in something nice for a decent price.
Or you can hire a tailor to take measurements of your body and create a shirt with the exact shape and size to your liking for extra comfort.
With art you can buy a poster that was made among a selection of mass printed artworks and get something fancy to decorate your wall with for an affordable price.
Or you can commission an artist for extra personalization to create a poster which has the exact things you'd like to look at when you look at your wall.";positive;neutral;negative
Ugz6qYs5f6NEvPnW9Np4AaABAg;"Why are a lot of these people also assuming that commission artists just sit at home all the time at their computer waiting for someone to commission them? XD All of the artists I know have jobs or are going to school for a good job. Telling them ""get a real job"" when most very likely already have one job. Commissions are oftentimes for extra money, but that doesn't mean we want to be undervalued. I barely take commissions because they can be annoying to deal with and I raise my prices so that if I do get a commission, it'll be worth it to be to spend my time making custom art for someone else when I could be doing something for myself.";positive;negative;negative
Ugy93357Y_r1Q3zn_7F4AaABAg;What’s sad is that lots of people that defend AI are just misinformed and haven’t been properly educated on how bad it is. But then we see posts like the ones in this subreddit where we see that some of them, just, don’t value art at all (which also makes it confusing because if they don’t value art or artists, why are they so insistent about being perceived as artists?). They don’t realize that art really is about the journey and not the destination, and that even the greatest artists that ever lived also started off with no skill just like everybody else, and that if they also put in the effort, they can become a great artist too;positive;negative;negative
UgxKf9IrfCvY7EoUsB94AaABAg;"AI isn't ""free."" It's less expensive,now, because there is abundance. But, apparently, the infrastructure to generate AI images may not be able to catch up (i.e. current chip shortages, energy costs etc). Eventually, people will have to pay a premium to generate AI images too. Eventually, AI prompters will charge for their services as well -- they, do spend time and effort for it, right? They're not going to work for $1/hour either. 

And we'll be back to square one where the need for ""art"" will be proportional to the price they are willing to pay. 😊";positive;negative;neutral
Ugw3cWmgDEQzgrjzfU94AaABAg;"AI Bros sound like this: ""What? You don't want to use this tool that will essentially rob you of the entire procress you came to enjoy through years of learning a skill? The tool whose datacenters and means of resources displaced entire neighbourhoods and communities, cutting off fresh water supplies for people in already dry areas like Texas? The tool that learns from databases filled with millions of stolen, scraped artworks whose owners will never experience compensation for their work being used to mass-train a tool that's now stealing their job opporturnities because 'free labor' gets commerical people's balls tingling? Wow. You truly are just against modernism!""";positive;negative;negative
Ugx7_Z72ufap-Me-4OR4AaABAg;There are also other pro-AI subreddits: r/aiwars (their debate sub, though I’ve noticed more anti-AI activity getting uploaded), r/accelerate, r/singularity, r/LoveforAIArt, r/BreakingthePencil and, to an extent, r/ArtisForEveryone. The sheer number of members on those subreddits is scary enough, but the fact that amount of subs exists is terrifying;negative;negative;neutral
Ugw_aDXkLUk4UJMoMZd4AaABAg;$6-$8 for work you completed in 3-6 hours? That's slave labor.;neutral;negative;neutral
Ugz6hTl9BOo7MlrgP_Z4AaABAg;"I'm a beginner artists and hate my art, but at least I'm not an AI prompter/""""""""""artist""""""""""""";negative;negative;negative
Ugy565D0IB2wwwq3h454AaABAg;"“Wow, this philosopher’s stone is so cool!”
“An entire civilization was destroyed to create it.”
“That’s terrible.”";negative;negative;positive
Ugy84QiGEXGUlIiu9Z54AaABAg;"I hear a lot of ""you're not selling art because your art is bad"" in this video. I dunno about anyone else but most of the commission pages I come across are really good and they can vary in prices. Mine are dirt cheap, and maybe that isn't a good thing but since my art isn't in demand I don't feel like I'm in a place to charge a lot. I'm pretty vocal about being against AI images. There's something special about someone putting effort into a piece of work and even if it's terrible you still created something with your own hands, and that's great! Creativity is an inately human thing. We as humans are driven to create and I think that's beautiful. All that said I do think AI has it's place, but it's not in creation. Also you made some really good points and I love your style. Also also, you're very pretty.";positive;negative;negative
UgxntiEsXwsOOnwDM8R4AaABAg;on a lighter note, Merry Christmas my children :);positive;positive;negative
UgyMaqYUdsGFf_miRzl4AaABAg;Honestly AI has affected so many artists it's insane so I'm glad that a big artist like you are talking about the situation;positive;positive;neutral
UgyKbHpdsNieeXDy5g14AaABAg;Unfortunately, I think the reason that the music industry has avoided this issue is simply the fact that who controls it are the massive studios, not musicians, that hold the rights to the songs. They have also fought for legislation to protect their profits for decades. The art industry simply doesn't have the same power to go after these companies at the moment. Hopefully that changes.;positive;negative;negative
UgxK-8b2yQPehgQfoaN4AaABAg;I’m not an artist but now I’m pretty mad at the big ai corporations rn, like they can’t just swoop in and yoink the art work that people put hours and passion in, sending support to people that are experiencing this, merry Christmas btw;positive;negative;neutral
Ugzi_-Y01VEVG5NS6H94AaABAg;A woman came to an art studio i'm studing in around a week ago. The woman was interested in interior sketches and it is obvious she had to learn how perspective works, how to build objects from different angles, how colours work, how different matherials to be represented accurately and so on. Mentor told her to pick a picture of interior she would like to draw and this way the woman will be learning basics and enjoying the process at the same time. The woman replied 'but i want to draw from my imagination!', the mentor told to her for around next 20 minutes and convinced her to pick a picture and begin. A woman found 'basics' like searching for eye level alone boring and she constantly repeated she wants to be able to take a sheet of paper and draw a scetch of cool interior right in front of a client in 10 minutes. She kept repeating it's supposed to be simple lines and not what she's been taught here with all those measurements, ruler, eye level and points... She tried her best to 'make everyone in the studio to release *the secret* how to draw better, some secret formula of success'. She talked to everyone, asked questions, but she definetely were looking for some 'short way' and moved to another person getting previous one shall not spill a thing. The conclusion is most of people don't understant that there is no 'short cut', they don't understand amount of work to be done. It is so simple for them! Just draw another art, what is so hard about that, why are you crying a river! Oh yeah... and those are defending and using AI. I hope it will rebel against its users and respect those he learned from.;positive;negative;neutral
Ugx2wVKFwrA8A4pIr8Z4AaABAg;"I never knew that I was way happier when my only worry as a begginer artist was ""will people like it?""";positive;positive;neutral
UgxrUcITTIf9gLcAsGJ4AaABAg;I find it crazy how some people call artists greedy, when they're the ones using AI to make cheaper art, so they can pay less and keep more.;negative;negative;neutral
Ugy8Gu69elt3anT7Geh4AaABAg;"As an artist myself i think they should pay artists for art to be fed to the AI and should give credit.
(edit: tysm for so many likes) I also think that Ai art should just leave artists bc at this point it's just problematic.";positive;negative;neutral
UgwZP97udinaegDc8yp4AaABAg;This is insane! Not just the artworks but also music, editing, AI poster generators and so much more.. It's truly sad;negative;negative;negative
UgxCzVdx8mZquTXMyvZ4AaABAg;The scary thing is that this isn't limited to 2d art. I'm a 3d artist, and there are already early versions of  3d model and environment generation AIs. I feel scared that these are just gonna get more better and eventually replace some of us.;negative;negative;negative
UgwdrmVy3jzFcqIiT1N4AaABAg;If you do some study about the music business in last 100 years, you’ll find a big chunk of it is about how talents are being taken advantage of by the business men. But slowly musicians fought back. I think you’re absolutely right and it’s time for artists to do the same. Sadly there’s no easy path.;negative;negative;negative
Ugxoxii6nglaP4CujSp4AaABAg;It pains me how people still tell me it's not much of a big deal. It's always non artists who don't know how it feels to sit on a piece for hours;negative;negative;negative
UgxMToVHQiciL5NzBqp4AaABAg;Its so scary with AI, i had seen something like ai audio, someone was using AI audio's of an actual person to advertise there product and the actual person replied saying that it wasn't them.;negative;negative;neutral
UgzlKeePXT4CoIoPCNl4AaABAg;"I am not related to art, I was just researching ai art for business purposes, I've heard that artists are not happy about it and wanted to know why, and stumbled upon your video. Thank you for putting it out there. It honestly blows my mind how people refuse to understand and empathize with your struggle, even if you aren't an artist, it's not freaking hard to imagine what it's like to spend years working on your craft and produce a lot things, and then have those things stolen and the fruits of your labour being used for profit by others. Disgusting. Why the hell would anyone push against you in this matter?
Dear artists, please value yourself, you are a gift to the world and your work is immensely valuable, keep fighting for yourselves. I'm a regular person but I will take any chance that I get to speak for your benefit and do what I can to help.";positive;negative;negative
UgwWOPPiompXZ2C6VQ54AaABAg;This should be taken to court honestly. We need a big group of artists to come together and take it to court.;positive;negative;neutral
UgxdIl0Go6UITOL3U_N4AaABAg;"Just a personal rant…
I was inspired by my family to start a print on demand shop to sell my art and I was actually really excited by it but that was a few years ago now and I haven’t gotten any sales. I watched so many videos of “how to get rich with print on demand” and almost every single one has “tips” on how to use Ai to make quick products. I’m so sick of nobody even seeing my art and all of the work I put into each print and even custom making my own ad posts. I don’t even want to be rich, I just want people to love the pieces they buy from me.";positive;negative;negative
UgyRBBAQd3EDc0Qy-v54AaABAg;Whats more messed up is that they harrass real artists, and then get very confused why other real artists want to defend and stand up for their own creation.;negative;negative;negative
UgwkRWnSv5RTFFvTcvF4AaABAg;"I dunno why, but this video made me cry. I always thought "" my art isn't good enough to be stolen and used for AI"", but the idea that other artists are having a piece of them stolen and to be told it's not a big deal when they speak up is just depressing.";negative;negative;positive
Ugyrt04jVDsYXOLduYN4AaABAg;Calling artists gatekeepers for not liking AI is like calling runners gatekeepers because they won't let you use your car in a foot race.;positive;negative;negative
Ugy2xbJi_mOhfyHYZbh4AaABAg;"I'm not against new technology. I'm against unethical use of new technology.
I want AI to optimize my grocery runs, simplify my vacation itineraries, and file my taxes. I don't want it to do art for me";neutral;negative;negative
UgyyElhNxyo1yexoXMR4AaABAg;I use Pinterest all the time for references and just save any art I like, but recently I've been clicking on a LOT pieces, thinking it looks nice and wanting the credits, just to see someone who says it's 'ai' and gives pretty obvious proof I wouldn't have noticed before. It's flooded everywhere on my homepage, and it just makes me furious at ai!;positive;negative;negative
UgwT9uT3GKJiPt5e3dl4AaABAg;"I think artists might have to go offline and sell physical copies of their work advertised as ""Non-AI generated"", ""All Natural"", ""painted/drawn by humans"". Perhaps even recording the process of painting it as proof. People are still impressed by human skill so perhaps the process could be monetized rather than the final product, almost like a performance. And selling the art offline would ensure that it's not entered into a database and used in the AI algorithm. That is until they change the system to not use copyrighted works or make it so that artists are not opted in by default.";positive;negative;negative
UgzRGfo9sC5EHs1He_14AaABAg;Not an artist here, but I have very close friends who I see family who are. They put their souls into their art pieces, and it’s important to them. If something I cared about have been invalidated like this, I would be angered as well. This doesn’t mean that I’m not frustrated about this though. For myself, writing is how I express my feelings just like these artists and they have been used to make more works of art. All in all, just be kind to each other and considerate.;positive;negative;negative
UgxdjvGtflO4QzYX2QZ4AaABAg;what's worse is that a lot of these AI 'artists' (image prompters) are just plain rude/toxic when they're called out;negative;negative;negative
UgwBR09jVpEAE8-IWAB4AaABAg;I think it’s insane how artists have to explain the unjustness behind a mass copyright infringement. I think you’re very strong for experiencing this on a mass scale. I know that I and many others like me will always fight for our rights on this issue, as many of us trusted the system with our income to feed our families.;positive;negative;negative
Ugwj5kCEJtqgl-Dq2FN4AaABAg;To summarise, we're not saying AI bad. We're saying the people behind AI who are finding legal loopholes and making money out of it bad.;neutral;negative;neutral
UgxtJKdJxriKHV2-pXd4AaABAg;"""Motivation and imagination is one of the biggest reasons why art exists in the first place, if that ceases to exist in people, it just feels like we've taken the beauty of human mind for granted"".";positive;negative;negative
UgzLDo2jWjSaPCR79LV4AaABAg;"I'm tired of not knowing if an art piece is AI or not. When I see something I like, I want to be able to find the artist to see more of their work. Now I feel like the only thing I see is AI art and it creates so much distrust for me on the internet, when it's become so difficult to tell them apart - what's made by an AI and what's made by real human beings.
I tend to not feel like using any art websites because I have such mixed feelings whenever I go on there. Like pinterest and deviantart among others... it makes me really sad.";negative;negative;negative
UgwUCezcH2y6ncbKuP54AaABAg;"I'm a computer scientist, and it saddens me to see the toxicity from users toward artists, derived from the existence of these AI models. There's no justification for that, and there will never be.
The way current AIs work is definitely too close to the source and that needs to be taken into account for evaluating the ethics of those models, before we go out of our ways to monetize and capitalize on these models. I do hope that the laws will catch up quickly with this, and people will be prevented from continuing to capitalize on models trained using copyrighted data obtained without a license. As you mentioned the models *could* be trained exclusively on open-source and public domain images (I don't like the term copyright-free, because in most cases, it's not true -- having a permissive license doesn't cancel out copyright, only public domain does, and public domain doesn't exist in all countries), although this will very definitely result in much lower quality models with lower quality output -- not because permissive licensed art is inferior, but because there's less quantity of it.


That said, I do believe that with enough evolution of the technologies used for AI art, in the future we could get to a point where the process used by AI will be unique and original.
But this will require that the models learn about shapes and colors, instead of learning how to predict what an image looks like based on a prompt and random noise. I do not believe that creativity is a special thing that only fleshy brains can have, but rather an emergent property of the complex abstraction that our brain does, which is orders of magnitude more nuanced than current AI models (regardless of their size) can hope for.";positive;negative;negative
Ugwu6RoYTiCefgWqcMh4AaABAg;"AI is absolutely terrifying. The way it can generate images which can't even be told apart from 'human art' can be very disheartening for new and beginner artists, it baffles me how far technology has come, and how much long way it still has to go
Traditional art is is i guess ¯\_(ツ)_/¯";negative;negative;neutral
UgyXHsabE0Q8Kzaxuxx4AaABAg;I always sketched things I wanted to present and paid a gfx artist to make it look print ready. Now I sketch and color my art , then ask chat got to render it in a style that it has named my own by looking at my sketches. Am I now a fraud?;negative;negative;neutral
UgwFU-7IWZs5xn75Gb14AaABAg;What do you think if you trace AI and call it your art?;neutral;neutral;neutral
Ugxsvqrjwt_xh0X-mGt4AaABAg;I only use AI as a tool to create a good reference image. It saves me a lot of time. Precious time i can use to paint now instead of photographing for days, photoshop etc etc. When i paint i am on a journey, the reference is pure for composition, a guide line.;positive;positive;neutral
UgxfdBPDp_wTqa3ZO5Z4AaABAg;"And here's another answer. If you pay for something that you want to get it done quickly, you're actually hiring an AI to do it for you. So that way you can get the credit. That works the same way too, but it comes with a price you have to pay the company to do use that tool. But there's a lot of tools out there that you have to pay for to use that tool to get the credit for your work.

There is no cheating of hiring an AI to do the work for you. But you have to pay the company to use that AI. Hey, they're getting money.

Here's an explain answer. 

I walk into a company and I'm looking to someone to build something for me. Hey, here comes the guy. So you want to use my AI? You want to use the AI? You pay me, and I'll let you use it as long as you like, as long as you keep paying me. 

Now there's other companies that gives you one payment, and that's good, but you want to get it done quickly. 

You pay me the cash, and you can use the AI, and you can get your credit and money from your commercial use work that you paid from us.

You want to be famous of your art and music, pay us, and you can have that dream.

Same thing in human life back then.


Don't be a slow person. You're drawing your own work, and it's only taking you so long to get it done. 

You can be an artist, but hey, you're doing it so long, and you're sitting there trying to draw all the characters you can, and it's taking a long time, and you're getting older. 

You're not gonna make it. So, 

where there any other solutions that you can find out there? Well, there's your answer. Find the AI, and they can help to get it done faster if you are a single individual person. 

Don't struggle as one person trying to make an awesome video game. 

There's other solutions. Find an AI, pay them, and then your Watch Your work speed up fast. 

Just cough with the money and get it done fast.

And it's 100% true.

If you guys agree with me, thank you so much.👍";positive;positive;neutral
