id,text,ai_opinion,Panagiotis,Athina,Final Opinion
Ugz_ZRkr0xrwMSNyGj94AaABAg,THE MOST UNPREDICTABLE WINNER EVER,positive,positive,neutral,positive
Ugz4MVMA9uw54hnIkQB4AaABAg,"It feels good to see a country win for the 1st time
Congratulations Bulgaria 🇧🇬",positive,positive,positive,positive
UgybRTHk7fT6-F96mGN4AaABAg,"It doesn’t feel like live performance, It looks like a music video… absolutely incredible.",positive,negative,positive,positive
UgxaIfokmeYfvW7nY254AaABAg,People forget this is actually a LIVE performance! The staging is absolutely insane!!,negative,positive,positive,positive
UgwtROvmsWceG9gbbnp4AaABAg,The fact she won both Jury and tele vote. Slay queen!,positive,neutral,positive,positive
UgysBGAsnu9eVaFM-eZ4AaABAg,"Finally a good use of dancers, they actually feel like performers here instead of just dancers jamming in the background.",positive,neutral,positive,positive
Ugyr1jS687Y-IJH3el14AaABAg,"After watching it for the 100th time I can say that I know why they won. They really presented something original and well done: very theatrical, the choreography, the gestures, the faces, the masks, the chairs, the lights, the lyrics, the message, the subtleties. Really fascinating! Congratulations!",positive,positive,positive,positive
UgxxqYJpEPXR4JYoejp4AaABAg,"This performance says ""I've already won, you just don't know it yet""",positive,positive,positive,positive
UgxPjEvCc-Kl0htVt4J4AaABAg,"The biggest dark horse in Eurovision history. Welcome Sofia 2027, and well done Bulgaria!! 🇧🇬",positive,positive,positive,positive
UgyjSRkMxfQqmqBCIP14AaABAg,"Credit to the dancers as well, they were amazing",positive,positive,positive,positive
Ugxe0IWVebkIS5L7RcR4AaABAg,"1st listen: meh
10th listen: its okay
20th listen: BANGARANGARAN!",positive,neutral,positive,positive
Ugz3eRtwINaTQwHELZ14AaABAg,"Admit it, you'd never have thought that this song would win",positive,,negative,positive
UgwLWovttaq9Gx9EqKB4AaABAg,The fact that Bulgaria left Eurovision for three years and came back victorious makes it 10 times crazier!!!,negative,,positive,negative
Ugy5P0bcr7FcvFRyOO54AaABAg,"I’m not the biggest fan of the song but you have to admit the staging, choreography, and her vocals being good despite her dancing was incredible. She is a natural performer. Congrats Bulgaria!",positive,,positive,positive
UgwoeJ8dNS06b09v7ox4AaABAg,"One of the bosses at the company I work for is Bulgarian and a huge Eurovision fan. She gave us a days holiday when they won. Thank you, Dara ❤️",positive,,positive,positive
UgzQGCwDHaPnoxfwiM14AaABAg,This doesn’t feel like a live performance… it feels like a cinematic experience. Bulgaria absolutely nailed it.,positive,,positive,positive
UgxbvxQDZO6QnC9c58V4AaABAg,"FINALLY! BALKANS WIN! Finally win a country without money and budget!!! Clear winner, congratulations to Bulgaria!",positive,,positive,positive
UgwuuzyI56FwZB1EHiR4AaABAg,Ive never cheered this much for Bulgaria to win anything.,positive,,positive,positive
UgyZ7xDeYv7iGqB82wR4AaABAg,"Hi dear people! 2 months after our diva DARA won Eurovision 🏆!!!! This was a crazy moment for my country Bulgaria 🇧🇬 and for me of course, because i'm a very big fan of Eurovision since 10 years!!! For the first time Bulgaria won something big competition in the World 🌎!!! I use this comment to say thank you to everyone for congrats my country and our queen winning Eurovision!!!  I love you all here!!!!❤❤❤ I invite everyone to come in Bulgaria 🇧🇬 for next year!!! I hope we Bulgarians to make best Eurovision ever!!!! Welcome all to Bulgaria 🇧🇬!!! Best wishes from me,Andi!!!❤❤❤",positive,,positive,positive
UgwjreByLjWvzaQ87uN4AaABAg,"That performance was incredible. It felt like watching a complete, professionally produced video song live.",positive,,positive,positive
Ugx4YnLjl4El8WB-TtJ4AaABAg,"When you think of it, she might be the one that relied the least on this huge stage. She shrank it down to a ""room"", like a random waiting room in a office building, worked in it, and just at the very end, she used a bit of the entire stage. She actually played with the camera and engaged directly with the audience, pulling us in that ""room"" and her song. Really, it gave a mid 00's MTV video feel, in the best way possible. Bravo Dara, congrats!",positive,,positive,positive
UgwfMqIVd6z622IUQqF4AaABAg,The fact that they were able to create a music video feel during a live performance is mind blowing.,positive,,positive,positive
Ugwcj6yJS1AznKrwuUx4AaABAg,This is a masterclass in how to win the Eurovision,positive,,positive,positive
UgxpOI8WRwLnoGd148d4AaABAg,"Loved how everyone underestimated her... 

That she is the right choice to represented Bulgaria.
That she might not qualify.
That she might not get into Top 10
That there is no chance to win.

And then she casually came, brought the arena roof down, took all that jury  and televote points, totally turned over the table (and chairs😅), took the trophy and fly back to Bulgaria, leaving everyone in complete shock!

Isn't that quite the journey and story of this year ESC

I am so happy with this win!
That's how Eurovision should be..unpredictable, enjoyable, charging with positive energy!",positive,,positive,positive
Ugx8_nSD6DmHCYQrEuB4AaABAg,The cinematography of this performance is just perfect. It balances the chaos of the song in just the right way. Well done.,positive,,positive,positive
UgyjkESqXd4khFODfgJ4AaABAg,"Win or lose, his mom is going to be so proud of him",positive,,positive,positive
Ugy82HzjcRxCtwwK31Z4AaABAg,"Akylas, the juries did you dirty… You managed to reach the top 6 in the televote and 10th place overall. And you know what? That’s okay.
Because we loved your song, we loved your personality, we loved your positive aura. Be proud of yourself, because we are very proud of you.❤❤",positive,,positive,positive
UgzGrcEi0c5w_qBk_xh4AaABAg,"From what I've noticed, I think he's the one who had the most fun out of all the contestants. He just exudes joy and relaxation.😂🎉",positive,,positive,positive
UgwNFELAbDs3_oIwj9J4AaABAg,Thank u so much for everything Europe ❤️ I love u,positive,,positive,positive
UgzLKygAyDRlP5QpobJ4AaABAg,"Some win, others become legends",positive,,positive,positive
Ugwyu1y2JnZmTM71IC14AaABAg,"He is a good person, you can see that.
Watch the video when Dara won the way he was dancing in the background without any jealousy, genuinely happy for someone else’s success.
Great things are still ahead of him.
Greetings from Serbia.❤️🇷🇸🇬🇷",positive,,positive,positive
UgzzEQNIZeHIUQZCkwR4AaABAg,"Dear Greece, we both lost so we can stop fighting now🥲 Let’s be friends again 🇫🇮🤝🇬🇷",negative,,positive,negative
UgwgAH6f8cFsgpwf7-54AaABAg,"My family cannot stop laughing during all the performance, they say he could perfectly be part of us Spaniards. It’s time for Greece’s victory after 21 years. Wishing the best of luck and sending lots of love from Spain, dear Greece 🇬🇷❤️🇪🇸 OPA ELLADA!!!",positive,,positive,positive
Ugz6pAOhSOY7pUhT1PR4AaABAg,12 points from all Europeans voters!!! 🎉🎉🎉,positive,,positive,positive
UgxIjDucWZu28FqNugp4AaABAg,#NAME?,neutral,,positive,neutral
UgybrbRbQT02sQ-Fjt14AaABAg,"This is a perfect Eurovision song. Catchy, sang in the artist’s native language, with a well-executed entertaining performance and a deep meaning hidden behind all the fun? 
I’m happy Akylas is top-10, but he deserved much more.",positive,,positive,positive
UgxJ4UDYfmbdPbKXPOJ4AaABAg,"*Just a few months ago, Akylas was performing as a street musician, chasing a dream with nothing but talent, perseverance, and belief in himself.*

*Today, Europe has the opportunity to crown him as a winner and send a powerful message to every young person across the continent: that even in the difficult times we live in, hard work, dedication, and self-confidence can still turn dreams into reality.*

Let Europe gather next year under the Greek sky, beside the sea, with unforgettable music, incredible culture, amazing cuisine, and the warmest welcome imaginable.

*This is bigger than a song.*
*This is a story of hope.*
*Bring Eurovision to Greece, bring it back to the Balkans!!* 🇬🇷",positive,positive,positive,positive
Ugz28PTlQpsLZuODffR4AaABAg,12 points for Greece from Poland 🇵🇱 my favorite🤩🥰,positive,positive,positive,positive
UgwT4yzqbmufiRMAzG94AaABAg,I was so happy that my country gave the brothers 12 points 🇷🇸🇬🇷,positive,positive,positive,positive
UgwgPMI2cdfCALrASfJ4AaABAg,12 points from Germany.  My winner,positive,positive,positive,positive
UgzykBzfgo9J1VBMdbV4AaABAg,AKYLAS BECAME ONE MORE CELEBRITY IN THE EUROVISION HALL OF FAME,positive,negative,positive,positive
UgzTIBhIGbrlfbtSiUF4AaABAg,Serbian jury awarded 12 points 🇷🇸♥️🇬🇷,positive,positive,positive,positive
UgxR4wKZAF59f9uHQAV4AaABAg,"12 points from Bosnia 🇧🇦🤍🇬🇷 As catchy, upbeat, and positive as the song is, it’s also emotionally heavy. Reading the translated lyrics gave me goosebumps. Go for the win! 🇬🇷🥹",positive,positive,positive,positive
UgxG7X5X1LYfPvLsv_p4AaABAg,"My vote for Greece from Georgia. Akylas is unbelievably brilliant. Wishing you victory, Greeks!💙💙🫶",positive,positive,positive,positive
Ugww6cYaOIaK2JFkE0l4AaABAg,12 Points Like BUTTON! Winner 2026 Thats Real ESC Music!,positive,positive,positive,positive
Ugxj-1M-JH_ROPcKHz14AaABAg,"GREECE IS MY FAVORITE COUNTRY IN EUROVION, EVERYTHING THEY SEND IS AMAZING 🇬🇷❤️🇮🇹",positive,positive,positive,positive
UgyBH2MRL38LW-n96IZ4AaABAg,Respect from Armenia to Greece,positive,positive,positive,positive
UgyoUunrUsAqk00A7t54AaABAg,12 points from USA 🇺🇸 <3,positive,positive,positive,positive
UgxIhT-6WGhdG1E7ZoR4AaABAg,12 points from United Kingdom my favourite,positive,positive,positive,positive
UgxFZVaVnv-0MIPAhWl4AaABAg,I am so prouf of our jury 🇷🇸♥️🇬🇷,positive,positive,positive,positive
UgyMANd16xS_zD7Rkwt4AaABAg,"The international collab we've never expected, this will go down as a historical moment 🇲🇦x🇩🇿x🇬🇧x🇫🇷x🇮🇹x🇪🇦x🇸🇳",neutral,,positive,neutral
UgxcGqeiHkAki8MPtS94AaABAg,Anyone in June 2026 ?,neutral,,positive,neutral
UgyMvQXxyAzL7xdrZ994AaABAg,"00:27 Rondo🇮🇹
00:54 Baby🇮🇹
1:20 Cee🏴󠁧󠁢󠁥󠁮󠁧󠁿
1:47 A2Anti🏴󠁧󠁢󠁥󠁮󠁧󠁿
2:12 Morad🇪🇸
2:39 Beny Jr🇪🇸
3:07 Ashe 22🇫🇷
3:33 Freeze🇫🇷",neutral,,neutral,neutral
UgxhtxvCZbWvKYcq1RF4AaABAg,Anyone During this world cup 2026?😊😊,positive,,neutral,neutral
UgyFLjOgwzM2xvGRddB4AaABAg,"I HAVE NO WORDS TO EXPLAIM HOW GOOD THIS IS, WHAT A JOINT THAT ALL, I'LL NEVER GET TIRED OF LISTENING TO IT.😍🇲🇦🇩🇿🇬🇧🇫🇷🇮🇹🇪🇦🇸🇳",positive,positive,positive,positive
UgxONsL5HPFXBNRkHbh4AaABAg,"I am spanish but RONDO it's the best part, it's just amazing how he starts🔥🔥🔥",positive,positive,positive,positive
UgwkiB6olmpe99oQCJJ4AaABAg,"4 years later, yet we haven't been any closer to world peace than that.",positive,positive,positive,positive
UgyvsdhuARO-CywE4kN4AaABAg,Imagine if Eurovision was brave enough to give a platform to music that actually told the story of what life is like on the streets of Europe's most populated cities.,positive,,negative,positive
Ugy2eqeCJoEbPjINKdR4AaABAg,"Central Cee Has made History. This song is a certified European Masterclass.
667 Ekip",neutral,,positive,neutral
UgwaQMinYbadpngUuDx4AaABAg,1 song 8 artists 8 languages 8 beats 100% fire,negative,,positive,negative
UgwEwr7LtxUljsICWT54AaABAg,As an American who had never heard of any of these guys before l’m incredibly impressed,positive,,positive,positive
UgzKK3K4emto5jd2Hv14AaABAg,Rondo Goes the Hardest 💯,neutral,,positive,neutral
UgxX-EpOH7JwvlBTcKp4AaABAg,*THE WORK RATE IS MAD!* 🥶💯,negative,,neutral,neutral
UgwvQmwjxjrdKSVdcDx4AaABAg,I don’t know what half of it says but it slaps anyway 🥶🥶🥶,neutral,,positive,neutral
Ugy5e2XSmtgYNSINGDt4AaABAg,The collab is hard! 🙏 🔥,negative,,positive,negative
UgwG5EX0OiJpG8uXn4J4AaABAg,Rondoo Drill King🐐💙🇮🇹,neutral,,positive,neutral
UgykueX_1AD7fCT1tsV4AaABAg,"French brothers killed it with this one🇫🇷🔥
 love from Italy🇮🇹",negative,positive,positive,positive
UgyZ6GIsdaOKqHjUaWp4AaABAg,Italy and spain on top🔥💯 rondo baby gang morad and benyjr lit it on fireee,negative,neutral,positive,neutral
UgwQO4jfH-KCJqL7viB4AaABAg,Being an American artist / rapper and seeing different countries and culture in the music scene is always dope to see. Everyone got a story to tell and everyone got something new to learn,neutral,neutral,neutral,neutral
Ugwd7_4g5VKbb7xGB4R4AaABAg,"I don’t think you understand how massive of a collab this is, it represents every corner of some of the best drill artists in Europe, these drill artists are representing their country in terms of best rappers in their country, Cench got together the best drill artists in Europe and put them together in 1 song, that takes some skill, especially because some of the gangs in this video don’t like each other but to bring them together in 1 music video is amazing",positive,neutral,positive,positive
UgzsuoxfpOy1GKEX4Nd4AaABAg,Baby gang went crazy with his flow everyone did his part well done,negative,neutral,positive,neutral
UgwGrtQylFqQK6aLgKV4AaABAg,1:22 Just listen to the beat🔥,negative,neutral,positive,neutral
UgyRC8qskdRrqf5SK5l4AaABAg,Who ever made the transition from a firework to a smoking blunt need a rise!!! That was WAYYYY TOO CLEAN,positive,neutral,positive,positive
UgwlOySy_mHBrImAA_V4AaABAg,"PROUD TO BE MOROCCAN, BORN IN ITALY AND IM IN FRANCE 🇮🇹🇲🇦🇫🇷",positive,neutral,positive,positive
UgwnRPE-Fx6K0FnYidh4AaABAg,Directed By WILLIAM Thomas (me) 🇪🇺🇪🇺🌍 Thanks to the artists and Central Cee for this 🎥🎥🤯🤯 ! Une réalisation WILLIAM Thomas 🇬🇧🌍🇪🇺🇮🇹🇫🇷🇪🇸😬,positive,neutral,positive,positive
UgwJ3RkoibfSMf--jTt4AaABAg,gonna tell my kids this was Helen of Troy,neutral,neutral,neutral,neutral
UgxraO9OO0lU4w-b2od4AaABAg,Here again after Bulgaria won Eurovision 2026,positive,neutral,neutral,neutral
UgwqQN35EkOt1Dxp1id4AaABAg,Stop asking who’s still here. We aren’t leaving.,negative,neutral,negative,negative
UgyPBxt-kDvfiFmxY_l4AaABAg,Eurovision week so i cane here to pay my tribute,negative,neutral,neutral,neutral
UgzD29K62M79i8I4qsx4AaABAg,"That self-confidence, she came to win, you can see that in her eyes :D",positive,neutral,positive,positive
Ugwx3yliwjW0kVw06md4AaABAg,"After 16 years, I'm still listening. Helena is the most confident woman in the eurovision history. Her eyes say 'I'm here to win!"" What a charisma! Greetings from Turkey!",positive,neutral,positive,positive
UgxXiQByIyZmMW9bJ054AaABAg,"This song was a huge hit in the Balkans. 
Bulgaria, Serbia, Romania, Turkey... everyone was listening to this song",positive,neutral,positive,positive
UgzOEhUoJlTBD_38tzp4AaABAg,"2003 Sertap 🇹🇷
2004 Ruslana 🇺🇦
2005 Helena 🇬🇷
Three wonderful years, Three wonderful women.",positive,neutral,positive,positive
UgjnIIVXef-b33gCoAEC,"Turkey gave 12 points to this song, and more than 5 years i heard this everywhere in Turkey. We love you Greece !",positive,positive,positive,positive
Ugyzga6wfyLXTxS7U2d4AaABAg,I'm still listening this song during quarantine days in Istanbul.,neutral,positive,neutral,neutral
UgxDuX5_JUhEUSQu0ep4AaABAg,"you can't imagine how a huge hit this song was in Türkiye, we even used it at some schools as schoolbells for years :))",positive,neutral,positive,positive
UgyX2CZDeDBWpwNAnpd4AaABAg,"She's a Greek goddess
She totally nailed it. She owned the stage that night",neutral,positive,positive,positive
UgxDSdDaRSyrEsKkDRh4AaABAg,"Still hit, still listening!!!! Greetings from Turkey to our neighbour Greece 🇹🇷🇬🇷",positive,positive,positive,positive
UgxXvjXujw0OQYHp4d54AaABAg,I remember how succesfull this song became in Venezuela . It was played in all clubs.,positive,positive,positive,positive
UgxivB1BRrsPDCIf-od4AaABAg,One of my all time favorite Eurovision songs. 💙,positive,positive,positive,positive
UgydKbRNJ4i6w4_-q4x4AaABAg,"Dancing and singing , not missing one note, she is pure perfection",positive,positive,positive,positive
Ugxz9ImoZitkD3AKTcZ4AaABAg,Funny fun fact: That guy that you can hear in 2:55 actually sneezed but he was so on beat that nobody realized 😂,positive,neutral,neutral,neutral
UgwkvTaF5aCv32hBNBl4AaABAg,"One of the best Eurovision entries of all time, love from Türkiye.",positive,neutral,positive,positive
Ugx1bBYLDeD4dnMjlWV4AaABAg,"2004: Greece wins Euro 2004 and hosts the Olympic games.
2005: Greece wins Eurovision song contest and wins EuroBasket.",positive,positive,neutral,positive
UgzMm4LggxO707g2v4J4AaABAg,"who’s ready for the Grand Final this Saturday, where she’ll perform this again after 16 years?! 💙😍",positive,positive,neutral,positive
UgwaElpf0jqReRDHQCx4AaABAg,"I was sitting on the couch watching, while my dad was snacking at the dinner table. This song started. At the 10-second mark, my dad and I looked at each other at the same time. I said ""Dad, this is number one. Definitely!""  Watching the other songs didn't change my mind. :) My neighbor deservedly won. Greetings from Türkiye.",positive,neutral,positive,positive
UgzmC9mQbYkzjzLnhb14AaABAg,"Comment Section :
%50 Turkish comments
%50 English comments from Turks",neutral,neutral,neutral,neutral
Ugzro4_xsbVrVHJJUiN4AaABAg,This song would have won every Eurovision every year,positive,,positive,positive
Ugy-kN--_eGju5AE--x4AaABAg,"One of the many things in existence which can unite both our countries, Greece and Turkey, in the 21st century: 
Our passion for our (much identical) traditions and music! 🇬🇷❤🇹🇷",positive,,positive,positive
UgyQlbs7jWw0XTMtO2V4AaABAg,I'm from Turkey and I think Turkey and Greece made Eurovision what it is today. <3,positive,,positive,positive
UgxXHUO0TUzSBOWGZCV4AaABAg,"Someone saw the 'semi-final' comments and took them personally 😭 

Go Queen!!!!! 🔥🔥🔥",negative,,neutral,neutral
Ugyquba6QFqxXN_3B5Z4AaABAg,You deserved such a better position than 19th Antigoni. This song will be the summer dance hit in Europe ! Well done !,positive,,positive,positive
Ugx0gXBKvWUfvgcbBLV4AaABAg,Not gonna lie… she ate tonight! 😂,positive,,positive,positive
Ugzf-L9neWVMFCoDInB4AaABAg,She was saving her voice for Saturday was actually true.,positive,,neutral,neutral
UgwjHMOq39Mr_9ifoId4AaABAg,"Her actually dancing on the table just like she was born to and the whole crowd screaming ""JALLA"" like they really want to listen to this for hours. That performance was so iconic. JALLA 🔛🔝",positive,,positive,positive
UgzAGNBNd_HXsdjEXSl4AaABAg,The way she improved so much in just a couple of days JALLA JALLA JALLA 🇨🇾 💛,positive,,positive,positive
UgzPEPyUz5IfbFn_ZgF4AaABAg,This song definitely deserved to be in the top 10.,positive,,positive,positive
Ugz27g3SfLYkoZgQPhd4AaABAg,"This was definitely better than the semi final one, I'm taking my comment back. She came back on stage like a queen.",positive,,positive,positive
UgzhKHblOW3_hywCK2h4AaABAg,"""ΑΓΑΠΩΣΕ ΚΥΠΡΟ"" 3:17 🥹🫠means I LOVE YOU CYPRUS, for those wondering.... She made us proud even if the final place wasn't the respectful one! Thank you Antigoni! You gave all of yourself that night and we appreciate it! I'm very happy for you and us ❤",positive,,positive,positive
UgxT49vMoGFJF9sZ4sh4AaABAg,"Her vocals are better this time, which is nice to see.... And even if she finished at 19th place, she slayed on the stage! 
A round of applause to Antigoni and Cyprus for a job well done. 😄👏",positive,,positive,positive
Ugxi0vs1n0GoR-3-rJ94AaABAg,SHE HAD TO LOCK IN FOR THE FINAL,neutral,,positive,neutral
Ugwqz-RkJzC0gx7KvFt4AaABAg,"I'm bulgarian and I'm pround with our winner, but I actually can't stop listening to this.. I love this song <3",positive,,positive,positive
UgzTJrTrn9oF4Q7Bprl4AaABAg,SHE CAME BACK STRONGERRR  🇨🇾🇨🇾🇨🇾🇨🇾🇨🇾🇨🇾,neutral,,positive,neutral
UgzfU2OSWtxvI5mJ1XB4AaABAg,She deserved JALLA 😭✌️,negative,,positive,negative
UgxR83IwIPj6wj28Xjt4AaABAg,She proved why she qualified!!! Excellent performance tonight!! Breathtaking Cyprus!! Thank you Antigoni! We love you ❤,positive,,positive,positive
UgwPCf2PI-m5BljvjwF4AaABAg,Okay she ATE in the final!!!!!!,positive,,positive,positive
Ugxe0iNlC4xhHp0PtRd4AaABAg,WHAT AN EPIC REVENGE <3,negative,,positive,negative
UgweyJMgVG5_tcySS3x4AaABAg,"She managed to bounce back from the mistakes in the semifinals, she ate bro",negative,,positive,negative
UgxPi4JWYhiXCHpWyv94AaABAg,"You got your revenge, queen 💯 You made Cyprus proud — a true winner in our hearts, and the greatest comeback of all!🇨🇾🏆",positive,,positive,positive
UgyVdjgdz1WladyPyXd4AaABAg,Easily deserved top 10! Sending love from your Greek Australians,positive,,positive,positive
UgzseAR6QJo6aPceFpJ4AaABAg,"This is SOOOO MUCH BETTER than the semifinal, go girl, GIVE US JALLA ❤‍🔥 🇨🇾",positive,,positive,positive
UgxmiKihpnB4lhowQj54AaABAg,"I am Bulgarian and proud of our girl, but this song really got under my skin. 
❤❤❤❤❤❤❤❤❤❤❤❤❤❤❤❤❤❤❤❤❤❤❤❤❤❤❤❤❤❤❤❤❤❤❤❤",positive,,positive,positive
UgwS7hiAnmrq4xjhr7R4AaABAg,Never doubted the comeback. Antigoni is the best,positive,,positive,positive
Ugwl_XXwOykHvY6M8BV4AaABAg,"Antigoni mou you are the best, you deserved much better 🇨🇾🇨🇾🇨🇾",positive,,positive,positive
Ugy3qIOfSY_hp-MrrHB4AaABAg,It's like night and day comparing this to the semi finals performance 😭😭 This is by far my favorite performance of the night,negative,,positive,negative
Ugya1TbUcN06UHhs8Mt4AaABAg,"Most known Eurovision songs ❌
Bros favourite songs ✅",neutral,,neutral,neutral
Ugw101TZWx4EOsA7AuB4AaABAg,Sax guy was unironically iconic.,neutral,,positive,neutral
Ugy6jFfo87iPQlzyDXt4AaABAg,"fairytale not being number 1 is mad work


edit: ragebait successful lmaooo",positive,,neutral,neutral
UgyOMrHOQhMLbaSk3aF4AaABAg,Europapa was the closest we came to world peace,positive,,positive,positive
UgyXHsJWgsof8sKTO1Z4AaABAg,Snap above fairytale is insane,negative,,positive,negative
UgwyAeDyhbMs2n2Bp8F4AaABAg,I even didn't know arcade was in Eurovision and snap,neutral,,neutral,neutral
UgxcuO0BwiQ0zAgn2A94AaABAg,Arcade and fairytale is my fav😍,positive,,positive,positive
Ugzb2D-AxBLeQSjsnT14AaABAg,Waterloo not being on this list is a fucking sin,negative,,negative,negative
Ugxv1AMqsyJgSZoVQ0p4AaABAg,"I love Europapa, but it can’t be in this list, there’s so much more known songs like Zitti E Buoni or Waterloo",positive,,negative,positive
UgzZdQ9LSGcIYULXLBp4AaABAg,best one is deff Fairytale,positive,,positive,positive
UgxmSc8jmxqAHYMKPpF4AaABAg,Im from norway and its like such an iconic song in norway,positive,positive,positive,positive
Ugx6tD9bbwJIO2TEQu14AaABAg,"Fairytale 
Arcade 
Disrespect was insane

Edit:Does anyone need auto graph",negative,,neutral,neutral
UgxTflZMFFTBIzQ9a054AaABAg,Where is Waterloo??,neutral,,neutral,neutral
UgxOSlQQtzGewmj7aZJ4AaABAg,No but the Europapa guy looks so innocent-,positive,,positive,positive
UgxTc3X2_gU6uA72XkR4AaABAg,"Aleksander once came to my school and performed fairytale for us live. We were maybe 50-100 people, he came right up to my table",neutral,,neutral,neutral
UgyJk_j2k3vtrjZs2yx4AaABAg,I didn't knew arcade and fairytale where in Eurovision. Fairytale has been for years one of my grandma's ringtones so I know it from there. And I've been looking for arcade recently but didn't knew how it went or how it's called. Thank you!!!,positive,,positive,positive
UgzSUtD-YjEC1WCkYkF4AaABAg,fairstyle number one,positive,,positive,positive
UgzEfhkkB0CIkY4ntsp4AaABAg,Hardrock Hallelujah not being here is a crime.,positive,,negative,positive
Ugx4Nn5EVJa8Fekl3HF4AaABAg,No way Waterloo from ABBA isn't in this list...,negative,,negative,negative
UgznYEnruvyHdN0kSot4AaABAg,Source: Trust me Bro,positive,,negative,positive
UgxoCI6cvcPOKksa4lp4AaABAg,RUNAWAY IS A FUCKING CLASSIC BRO I JUST REWATCHED THAT EPIC SAX GUY VIDEO,neutral,,positive,neutral
UgxK1x3CJk0wy8VimE94AaABAg,Waterloo is the most known and also the most important song in Eurovision history. The impact the song had to the entire contest is unbelievable.,positive,,positive,positive
UgyG-tzBOf0XointGgR4AaABAg,I love Fairytale and arcade ❤,positive,,positive,positive
Ugwp2a5yD0qTsUavVBl4AaABAg,I love these all and I think everyone deserves the spot they have (#JusticeforJoost) but where are Waterloo and Zitti e Buoni? I think everyone knows Waterloo and Maneskin is also in the top 400 artists in the world.,positive,,positive,positive
UgxG4HtGBEvMzCD3rY94AaABAg,Europapa being disqualified was the most bs I’ve ever seen to this day,negative,,negative,negative
UgwOWjNDqnMrT3TjE3t4AaABAg,"For all those who don't understand the staging: She is in the room with her demons, her haters and fears. When she won the National Selection she wanted to give up because the Bulgarians beat her on the internet. Despite them, however, she decided to go out and show her talent. As in the staging - in the end she left the room and took control of her demons. What a star, this is art. Winner.",positive,,positive,positive
UgwHAz-L5_rDYG_-I0N4AaABAg,12 points from Croatia 💪,neutral,,positive,neutral
UgydWcjsJ05JIP7UDv54AaABAg,The live performance is even better than the original. This rarely happens! I’m so impressed! Loved every second of it,positive,,positive,positive
Ugy_vFqvrU35j-3y5gd4AaABAg,Whoever choreographed this needs an award !!!!,positive,,positive,positive
Ugx-i_IbwtRoC6nYa-x4AaABAg,"There are SO many details in this performance! Not just the vocal, the movement, even the small facial expression! You can clearly see how much effort the team put into it. Not just Dara, but the whole team, well done.",positive,,positive,positive
Ugy6BO76IqqtQaDqM5Z4AaABAg,"NEVER LEAVE EUROVISION AGAIN BULGARIA 

WELCOME BACK !!",positive,,positive,positive
UgzBh_Et6bQw4CxTeil4AaABAg,12 points from 🇷🇸 🫶 🇧🇬,neutral,,positive,neutral
UgwM5GBBgLGJK6e1_eF4AaABAg,"This song and performance served as proof that success is possible, regardless of the country. As you know, Balkan countries often fail to get the recognition they deserve at Eurovision.",positive,,positive,positive
Ugz4fAbIwKoxd6fHwkx4AaABAg,"This is the best song in eurovision 12 points from Serbia.
Absolute BANGARA",positive,,positive,positive
Ugz4PELW3l9ubSRvA8J4AaABAg,The Balkans are on fire this year and Bulgaria is coming back to the contest in a truly legendary way ❤️ 🇧🇬,positive,,positive,positive
Ugw10s-63bMSb21SijF4AaABAg,12 points from the Georgian jury go to Bulgaria🇬🇪🇧🇬🔥,negative,,positive,negative
UgzUyjbUdxwpe6e5ijN4AaABAg,12 points from Poland go to BULGARIA BANGARANGA LOVE U 🇵🇱❤️🇧🇬,positive,,positive,positive
Ugy6VcNBRvRNEEEZSWp4AaABAg,ppl cant even realise how difficult this is . amazing work blew my head off,positive,,positive,positive
Ugx6-AOurRvum9NLKe14AaABAg,"she was professional mann the expressions, vocals, everything",neutral,,positive,neutral
UgwB_3T9xpBMgW1Ewmh4AaABAg,"I'm shocked at how charismatic DARA is. That's a huge plus from me, and the choreography comes second. Well done, Bulgaria! This isn't the type of song I usually listen to, but as a complete package, you deserve the top spot. Greetings from Croatia.",positive,,positive,positive
UgzaQT9Q3ynW2S0hted4AaABAg,"Bravo DARA! All of Bulgaria is proud of you! Thanks to you, EUROVISION in 2027 will be in Bulgaria! 🇧🇬🇧🇬🇧🇬",positive,positive,positive,positive
Ugx9DqhHK2ZQxtdc9-94AaABAg,Masterpiece! Welldone Bulgaria! What a comeback! 12 points from Croatia! 🇭🇷🤝🇧🇬,positive,positive,positive,positive
Ugyj2jva9P1PKzp-63N4AaABAg,She is amazing!!! I don’t think people realise how hard is to sing and dance at such tempo,positive,positive,positive,positive
UgyGtoX-THn4Tm84A5N4AaABAg,"Sweden here 🇸🇪 — Bulgaria just WON idc 🔥😮‍🔥
This song is INSANE 💥 winner vibes all the way 🏆🇧🇬",negative,positive,positive,positive
UgzfeGYASun28LeMRiZ4AaABAg,nice to see someone win that actually deserved it for once ….,positive,positive,positive,positive
Ugwr4wSUsJbdlAtwDc94AaABAg,Serbia 🇷🇸 is rooting for our sister Dara! 🔥❤️,negative,positive,positive,positive
UgwUeyzcjTD-HP2fBQB4AaABAg,"ABSOLUTELY BANGARANGA
my vote from Greece to our brothers in Bulgaria 🇧🇬 ❤🇬🇷",neutral,positive,positive,positive
UgxmK8iGohfQEnWxXnd4AaABAg,12 points to Bulgaria from Greece¬!!!,neutral,positive,positive,positive
Ugy2s7JFjlvkWDmVjaB4AaABAg,She won this with her energy 👌,positive,positive,positive,positive
Ugw4HATqeA5dMoWHivt4AaABAg,"This performance could easily be on an MTV award show. Impressive, and her acting was great too! 👏👏",positive,positive,positive,positive
UgwGrM548t8qWoy_IUJ4AaABAg,"Akylas spends three full minutes constantly dancing, climbing, and running around and he never misses a single note on the mouth microphone.
Honestly, it’s incredibly demanding.
This year, Greece is truly competing for the win.
The performance carries a message about overconsumption, wealth, and poverty but also that with love and hard work, you can make it through and succeed.",positive,positive,positive,positive
Ugx7sGrRh_3bV4c-4UB4AaABAg,"As a person from the Uk, this was 100% guaranteed in the final, you Greeks really deserved it ❤",positive,positive,positive,positive
UgwFzixb7F59kx8iZf54AaABAg,"He sings ""I want GLORY, ETERNITY, and MONEY"", and the three rooms represent that: a fan wearing merch with his pictures on her wall, an ancient Greek statue, and pure gold. Great staging!!",positive,positive,positive,positive
UgzLaQk2zkaF4eTxGtN4AaABAg,He just invented Gree-K-pop,neutral,positive,positive,positive
Ugyxzx7lJHLTn6-_Hmp4AaABAg,Last 3 entries from Greece are amazing! Love that they finally sing in their beautiful language and I hope they never stop! This is a renaissance era for Greece ❤❤,positive,neutral,positive,positive
UgzkSVNaM2Ry-Igixtl4AaABAg,"GO GO GO🇬🇷🔥
12 points from Indonesia🇮🇩❤️",negative,positive,positive,positive
UgyVNbxCy-WMZ0baVmR4AaABAg,12 points from Romania 🇷🇴 ❤️🇬🇷,neutral,positive,positive,positive
UgyeOC21QWde_6ebOuR4AaABAg,"What can I say.. Isn't everything perfect?
 As a Turk who has always been in love with Greek music, I really want Greece to get what it deserves this year❤",positive,positive,positive,positive
UgxD_GYwNEIv_F9Rfht4AaABAg,12 POINTS FROM CROATIA !🇭🇷😘,positive,positive,positive,positive
UgzgvSZPlXSFo06SFZp4AaABAg,The part with his mum changes the whole meaning of the song. Suddenly it’s not about greed or showing off but it’s about a child wanting to give back to the woman who sacrificed everything for him. That part was genuinely heartbreaking and very emotional  ❤️,negative,,positive,negative
UgwaTH9YKbqMbZnICVR4AaABAg,"Rooting for Greece! From Switzerland!
 🇨🇭🤝🇬🇷",neutral,positive,positive,positive
UgzCiNH92kTGTUZFdlN4AaABAg,"I’m with Akylas all the way to the end! It’s about watching a kid who, just a few months ago, was busking for passersby outside the streets of Athens, now rightfully earning his place on the biggest musical stage in the world, simply because he relentlessly chased his dream.
This is a wake-up call for us to finally decide what kind of society we want to be. Do we want happy kids fighting for their own dreams—even if those dreams don't fit our personal taste—or kids drowning in despair, driven to the absolute edge?
For me, a true role model has nothing to do with personal preferences. It doesn't matter if you’re different as a person. What actually counts, what we should really look up to and admire, is the kindness someone radiates, their honest hustle to make it, and the strength to never give up on their dreams. That is what a real role model looks like.
Best of luck, Akylas! From the streets to the very top, your kindness and your struggle are already a massive victory.",positive,positive,positive,positive
Ugyw6gcmdqTC3z381pB4AaABAg,"All my votes for you Akylas! What a smart and meaningful song, and excellent staging! Well done Greek delegation! Greece 2027 🇬🇷🇬🇷🇬🇷",positive,positive,positive,positive
UgwU1H0w5jk9jpMT9mF4AaABAg,I think we already know the televoting winner 🇬🇷🏆,positive,positive,neutral,positive
UgwxV6ym5WSeH0QIvN94AaABAg,12 points from Germany ❤bravo Greece 🇬🇷 ❤❤❤❤❤❤❤❤🎉🎉🎉🎉🎉🎉🎉🎉🎉🎉🎉🎉🎉,positive,positive,positive,positive
Ugy044QUE7-NkuWskQt4AaABAg,He needs to win so I can plan a longer stay in Greece next year 😂❤,positive,positive,positive,positive
Ugyh4Z-qi6ric_neXCh4AaABAg,"I had the honor to be there live and see the performance from an angle where I saw what the stage crew had to do to make the performance look as flawless as it does here. Several people running like maniacs to change the props, and of course Akylas running like crazy as well 😂😁. It's really imprinted in my brain as the most insane performance of the evening",positive,neutral,positive,positive
Ugy006Q9YDrQTiWfgap4AaABAg,And finally I see why people are loving this! It took me several months. But this live performance opened my eyes - and ears! Regards from Norway,positive,neutral,positive,positive
UgzJ5-bDJ4tqJBp3TlF4AaABAg,Bravo Greece from 🇭🇷💕,positive,positive,positive,positive
UgzrcZEGHl9zORN39xB4AaABAg,Is this even real???!!! That was siiiick. SPEECHLESS 😮❤️😍 FERTO AKYLA the winner regardless of the result 👑🐯,positive,positive,positive,positive
Ugx4y66Wi7wJ7yeGMgJ4AaABAg,"Craziest part of this performance is that he managed to sing AND dance perfectly (and mostly) on his own without showing any signs of exhaustion even after he finished his song. That on its own needs true dedication and passion for music. 
Well done Akylas we expect much more from you in the future 🙌🙌",positive,,positive,positive
Ugwy2ptKKwdMpW6Rfeh4AaABAg,"Ferto is a truly one of a kind song. Tells us the story of a young man who wants all and everything: fame, eternity, money. Nothing is enough for him. He wants more and more.

And there comes the twist. All this greed comes from a childhood in poverty, where his mom couldn't provide everything she would want to provide.

For a brief moment the emotions flood him, he speaks to his mom and how material goods will heal them.

And then the greed returns.....

What an amazing song.

Rightfully deserves No1 place",positive,positive,positive,positive
UgyFNR63jiX8QnTlm2l4AaABAg,#NAME?,positive,positive,positive,positive
UgwK6rs_s6-4VQsUFRF4AaABAg,12 points from Australia Go Akylas,neutral,positive,positive,positive
UgwKQZJxgnPeWQVhW_J4AaABAg,Athens 2027 is calling! 📞 Greece didn’t just send a song; they sent a whole cultural moment. Akylas is taking this all the way! 🇬🇷🦁,neutral,positive,positive,positive
UgxGENxOsCd9ng-pYIV4AaABAg,"As Kaarija said ""It's crazy, it's party""",positive,positive,positive,positive
UgxoKEdX2BfmZ9R4imJ4AaABAg,The most important thing is that he wrote this song thinking about his life that was hard financially and he dedicated it to his mom. He is a very talented young man who is there only due to his talent and his hard work. Akylas will bring it home! FERTO!,positive,positive,positive,positive
Ugz4bDN0Oj9I81Rdpt54AaABAg,I want everyone to scream ferto mou ferto mou in the vienna era in may,negative,positive,positive,positive
UgxMZuwM1nz-KkJTMDB4AaABAg,Käärijä has already found his new friend for his eurovisionfamily 😂,positive,positive,neutral,positive
UgxbGoH_mI0Ei1MvDbN4AaABAg,His voice being as good as the original video is crazy,positive,positive,positive,positive
Ugym7YefovFrPSSFb1N4AaABAg,i just love it when a buff greek man wearing a hat with cat ears sings about greed and corruption,positive,,positive,positive
Ugyz2baYmaZmMKrNeaF4AaABAg,Im in Shock!I didn't expect Greece to send a song like this to Eurovision! Well done Greece!🎉,positive,,positive,positive
UgxOFNcuhXXq89HBmeB4AaABAg,i dont understand a word but this has so much energy,positive,,positive,positive
Ugxl8bjRRKxS_BPBWnt4AaABAg,"At first I thought this song didn't have much of a meaning, but after reading the translation, I liked it. The sarcasm and mockery of gluttony and greed make this song very relevant today. I wish you luck and a worthy place, from Azerbaijan❤",positive,,positive,positive
Ugx5hENjxAYAntiIsaJ4AaABAg,This is gonna be crazy in the arena,negative,,positive,negative
Ugwd-drMb6XRPVzi07l4AaABAg,"Hear me out, this is giving an uncanny Käärijä vibes to me (as a finn), and I absolutely love it!

With all the love, it’s game on..
🇫🇮🇬🇷",positive,,positive,positive
UgxFZQ2w6X8yspDO1KJ4AaABAg,"I am waitting for the ""Greece, the public gave you 650 points"" 👏 😀",positive,,positive,positive
Ugx3BxLPv8rpBONLmFx4AaABAg,The second golden age of Greece in Eurovision might have just started,neutral,,positive,neutral
Ugyh4BEJOGIpShXzG3J4AaABAg,"He can even sing a ballad, very rare for the singers of such entries, he can literally sing!",neutral,,positive,neutral
UgytBRgcMPi43BXsJ394AaABAg,"when I say this is the spirit of Eurovision, its this! Like Käärijä said : “it’s crazy, it’s party” !! Good luck!",positive,,positive,positive
UgwZB3skI_ub5SNnstZ4AaABAg,"The fact that he is talking to his mother is so heartwarmin
EDIT:OMG tysm for all the likes",positive,,positive,positive
UgxYnOIX517wi0qrGJR4AaABAg,"This is actually a sad song deep down, despite being upbeat. The ballad bit puts the rest of it into context. He's not saying ""bring me"" things out of greed but out of need, because there were times where he didn't have anything.",negative,,positive,negative
UgxYeiB1n-kdW6kReUR4AaABAg,my new obsession for the next three months has been found recently,negative,,positive,negative
UgzKPgxo6F3SjdQQRS54AaABAg,12 points from italy 🇮🇹 ❤ 🇬🇷,positive,,positive,positive
UgycrdRlfZEx98XWqNV4AaABAg,This took away my depression,negative,,positive,negative
UgyG2hbgo5i-Sq46cVl4AaABAg,Eurovision is finally returning to the Balkans🏆,neutral,,positive,neutral
UgxhTY3Fvds1Wfc1MJN4AaABAg,"12 points go to Greece 🇬🇷 🥳🥳🥳 
🥇🥇🥇 
Hello from Slovenia 🇸🇮",positive,,positive,positive
UgzGJEk6DW_ezxnh9nN4AaABAg,"united by music ❌
united by FERTO ✅",positive,,positive,positive
Ugx9UTLfUbzJmaBAckd4AaABAg,#NAME?,neutral,,positive,neutral
UgzfhHjYWoelXS6XCnl4AaABAg,My personal winner from Germany! 12 Points! Good luck Greece 💙,positive,,positive,positive
Ugyp-5tQmQBVgSH4qv94AaABAg,🇬🇷 Will Klavdia get a high jury result for Greece ?,neutral,,neutral,neutral
UgzPDZQdKtSKUZ8WNKR4AaABAg,"How many 14th do you want? 

Greece: yes",positive,,neutral,neutral
UgwxYu9ze135ZB01jg14AaABAg,I feel like Greece likes being 14th with the juries,positive,,neutral,neutral
UgyP28uOt3N8i1r71Ht4AaABAg,Eurovision 2005 : Greece 1th,neutral,,neutral,neutral
UgzIEZb4gHi8bSBZrMN4AaABAg,I can say that Greece is very underrated with the juries like 2011 and 13 wtf,negative,,negative,negative
UgxFKQ20GRzh5KtIv_J4AaABAg,I love greece in eurovision 🇳🇿❤️🇬🇷,positive,,positive,positive
Ugx7GeHJX29nwubbys14AaABAg,my favourite 2010 cause i still listen to it,neutral,,positive,neutral
Ugz__1AFE35rGWWMLON4AaABAg,How count jury places early 2016???,neutral,,neutral,neutral
Ugw5nF8nz5eoFcu3Bht4AaABAg,2019 is a masterpiece ⭐,positive,,positive,positive
UgzNyoI-DB3Ropfloyt4AaABAg,I'm from Greece,neutral,,neutral,neutral
UgwqPdZGerZ05uA6Tad4AaABAg,I am from Greece🎉❤,positive,,neutral,neutral
Ugyo9PKXmyL-9P3Wfgp4AaABAg,I love the 2024 song so much I'm from Greece,positive,,positive,positive
UgwNOjvGsz5B8oPZJSF4AaABAg,"Number one, shake it, yasou maria? secret combination? die for you etc?",negative,,neutral,neutral
UgxQqbaGBEQqJebnUnR4AaABAg,"My number 1 1st
What about Klavdia?
And with Marina Sati 11th",positive,,neutral,neutral
UgxQ_coJvbeOfbq3H3d4AaABAg,The crazy thing is I am from Greece and I just see this while scrolling oh and the 4th one is in -10,negative,,neutral,neutral
UgzTS13-YNnp6lHZfQ94AaABAg,I'm from Greece 🇬🇷,neutral,,positive,neutral
UgwollDR4jSjhHAkyoJ4AaABAg,"Just read it for the 10th time.. still don't get what I am missing.. it says ""Eurovision Greece top 10 Juries""",negative,,neutral,neutral
UgyoYnei53B9CG-RVRt4AaABAg,"Helena paparoizou she was 1st on Eurovision ❤❤
and klavdia is 6th❤❤",positive,,neutral,neutral
Ugw8q7LNYODPmdgM42h4AaABAg,1 is 2005 Helena Paparizou with song my number one and she gets the 1st,positive,,neutral,neutral
UgxbkA_uUc0wJItBjV54AaABAg,Can't wait for asteromata and ferto,neutral,,positive,neutral
UgwiZ699f8tZF7Rlflt4AaABAg,Sr where is number one?????,positive,,neutral,neutral
Ugyd5f61lrgE90wCR6J4AaABAg,For gods shake i am from Greece and i am so red rn.......😅,positive,,negative,positive
Ugy1z7R2XM-gnBcT9-Z4AaABAg,At least this year perfect place,positive,,positive,positive
Ugz6Pdmx9CvuA2fjSyp4AaABAg,"Hi I'm from 2026 and we have Akylas who sings the ""ferto"" and we got 10th",neutral,,neutral,neutral
UgzBdom3HOgWEZqKObh4AaABAg,Why did you put the 2005 they literally got number one,positive,,positive,positive
