id,published_at,Topic
UgxEMilo7jWtVU2oamR4AaABAg,2026-07-16 01:51:49+00:00,Climate
UgwW-3g1m68UjhrstgR4AaABAg,2026-07-08 05:47:17+00:00,Climate
UgxVJtLA45l3JyJZDvd4AaABAg,2026-07-06 23:55:33+00:00,Climate
UgxfkxbS-ykpFN9ytgN4AaABAg,2026-07-03 18:51:17+00:00,Climate
Ugz-JYZZs_ek5Pc81jp4AaABAg,2026-07-02 11:01:33+00:00,Climate
Ugw7ktfVTWrm0YUg9RZ4AaABAg,2026-07-02 05:51:28+00:00,Climate
UgyLXbQsU5aoMQ31y4V4AaABAg,2026-07-01 09:44:05+00:00,Climate
UgzgtrRaAVuux_q83dZ4AaABAg,2026-07-01 02:43:46+00:00,Climate
UgyVTN1Vc_GpfUpqJWV4AaABAg,2026-06-30 10:39:21+00:00,Climate
UgximVb496u_3E6urA14AaABAg,2026-06-30 07:19:03+00:00,Climate
UgyKzGeJRJMZ_bEzbaZ4AaABAg,2026-06-30 02:26:24+00:00,Climate
UgxbCZplmc-L1yqFiEt4AaABAg,2026-06-30 01:47:24+00:00,Climate
UgzBOnM0KG5w1C0Y0bh4AaABAg,2026-06-29 01:13:01+00:00,Climate
UgyrGxGkLsTgPJxC1ZF4AaABAg,2026-06-28 08:12:43+00:00,Climate
UgxgNivT7hy2jONG_tN4AaABAg,2026-06-27 11:28:56+00:00,Climate
UgwvkV5cjS9tw6WG7Q54AaABAg,2026-06-25 03:28:48+00:00,Climate
UgyajEMvXTUt_J028v14AaABAg,2026-06-22 16:02:45+00:00,Climate
Ugx3C0HdKjUwmzXqTX14AaABAg,2026-06-22 10:25:22+00:00,Climate
Ugyg1Ao_WgR-HaVqmMV4AaABAg,2026-06-22 04:17:35+00:00,Climate
UgxXfgKGrCFZe8cnZ3d4AaABAg,2026-06-21 20:04:43+00:00,Climate
UgzmUAEYWiX_XsNKlaR4AaABAg,2026-06-20 23:11:37+00:00,Climate
Ugy34yfdoX0HH0kYliR4AaABAg,2026-06-19 22:16:35+00:00,Climate
Ugyyq5l7LP2aqO5AYs94AaABAg,2026-06-19 22:07:49+00:00,Climate
UgwFLmhoE9M3jM3-Ypl4AaABAg,2026-06-19 17:35:35+00:00,Climate
Ugzxd9aBv_TN5bFkN-x4AaABAg,2026-06-17 16:26:56+00:00,Climate
UgykpYWpz9HAWoqX6l54AaABAg,2026-06-16 13:53:38+00:00,Climate
UgwpHRlL7ZgOwuwTWbJ4AaABAg,2026-06-14 04:59:27+00:00,Climate
UgyNgySfZii65L1fZl54AaABAg,2026-06-12 04:55:50+00:00,Climate
Ugwuw7eHrk8kgb2cNzl4AaABAg,2026-06-11 22:14:45+00:00,Climate
Ugw4SvvWzGhl1W-tjwd4AaABAg,2026-06-11 17:38:45+00:00,Climate
UgzjeNsU2ND_ozYRNWF4AaABAg,2026-06-11 16:46:28+00:00,Climate
Ugx2FzagLzw5N4ooTCh4AaABAg,2026-06-11 13:14:17+00:00,Climate
UgwtpMfFbGs1QWpcYrJ4AaABAg,2026-06-11 05:15:29+00:00,Climate
Ugx5B5GnFfVOqMpmGa54AaABAg,2026-06-10 06:45:25+00:00,Climate
UgyrFH2lCDLKYIYwuhl4AaABAg,2026-06-10 06:02:51+00:00,Climate
UgzQbnuYFaxIGcw8vGp4AaABAg,2026-06-10 02:50:21+00:00,Climate
UgwV0nMWRHy92GoOrXR4AaABAg,2026-06-10 02:15:41+00:00,Climate
UgwDNqvoVdIOWMFmc9x4AaABAg,2026-06-10 01:31:55+00:00,Climate
UgxO7ak9ZOfmR3dv0mZ4AaABAg,2026-06-09 23:56:30+00:00,Climate
UgymHtWkwr7GmWokfUJ4AaABAg,2026-06-09 23:03:07+00:00,Climate
UgwprDCoZYlIxqkcc4d4AaABAg,2026-06-09 16:44:58+00:00,Climate
UgyQRDRZCHxXAY03Go14AaABAg,2026-06-09 13:16:40+00:00,Climate
UgzZRN1bvNfeREHEvfF4AaABAg,2026-06-09 05:06:03+00:00,Climate
Ugztf3lPTHZer1gletB4AaABAg,2026-06-09 04:00:11+00:00,Climate
UgygVtxJbXx04p20Ut14AaABAg,2026-06-09 02:47:12+00:00,Climate
UgwTXPDRVAZPU_59rad4AaABAg,2026-06-09 01:52:30+00:00,Climate
Ugy3mW6WAcLNRrsIcjZ4AaABAg,2026-06-08 23:06:48+00:00,Climate
UgxcTSg-lj9gtpfRkEd4AaABAg,2026-06-08 22:59:39+00:00,Climate
UgwBlUi49UWuYE2P4I54AaABAg,2026-06-08 22:43:46+00:00,Climate
Ugx0WlDURnu3H0kdH5t4AaABAg,2026-06-08 22:14:19+00:00,Climate
UgzBssEWHTk2m0BJoft4AaABAg,2026-06-08 21:43:58+00:00,Climate
Ugztn4iZT7nrv9Y4V2N4AaABAg,2026-06-08 21:31:06+00:00,Climate
UgzrQQs3W_V4fV4P_RV4AaABAg,2026-06-08 19:44:29+00:00,Climate
UgwIcXwJys1PY0ygA394AaABAg,2026-06-08 19:27:01+00:00,Climate
UgwVcjww_yLSnUuADqp4AaABAg,2026-06-08 19:24:28+00:00,Climate
Ugzi7vfxfAwGG4dw_-l4AaABAg,2026-06-08 19:16:21+00:00,Climate
UgxuJvnLBrgzK6QsRG94AaABAg,2026-06-08 18:54:25+00:00,Climate
UgyVtlqnK-r12rawfpd4AaABAg,2026-06-08 18:54:03+00:00,Climate
UgxPk3D9k9QxeaKxfuN4AaABAg,2026-06-08 18:44:17+00:00,Climate
UgynHeKR0HTTJi9jL5x4AaABAg,2026-06-08 18:41:16+00:00,Climate
UgyUNQaCl_Ba0jbo2W14AaABAg,2026-06-08 18:26:10+00:00,Climate
Ugx1jg4E6_9IaRXo0zJ4AaABAg,2026-06-08 18:16:36+00:00,Climate
Ugwolp6IiGWEhOZbWwd4AaABAg,2026-06-08 18:02:57+00:00,Climate
UgzJXXs6t1ZVqibe4l54AaABAg,2026-06-08 17:48:13+00:00,Climate
UgwAPN9-kYpIHbyJQi54AaABAg,2026-06-08 17:42:33+00:00,Climate
UgzUboJ5oVUW-cIVCAl4AaABAg,2026-06-08 17:32:55+00:00,Climate
UgwCgd6OEi5-QGXB7XZ4AaABAg,2026-06-08 16:56:50+00:00,Climate
UgwVJNioilzrrj70_lZ4AaABAg,2026-06-08 16:51:17+00:00,Climate
UgyN_nTS3UzHYPR2fLJ4AaABAg,2026-06-08 16:46:55+00:00,Climate
Ugx14OBzD2ttYL0cqrl4AaABAg,2026-06-08 16:46:07+00:00,Climate
Ugz2hMzORHNOSnIGELB4AaABAg,2026-06-08 16:39:51+00:00,Climate
UgzP-0Ho29J1REl3ENB4AaABAg,2026-06-08 16:28:59+00:00,Climate
UgzFUHNDaqNi-Mn6on94AaABAg,2026-06-08 16:21:26+00:00,Climate
UgyFcdGI4y_vBILi1rR4AaABAg,2026-06-08 16:16:23+00:00,Climate
Ugwze6D6bwmkWG3SxD54AaABAg,2026-06-07 18:06:40+00:00,Climate
UgzFfYuiVfFse8BsykB4AaABAg,2026-05-30 11:40:29+00:00,Climate
Ugzv6lLjE8OVZixHOOl4AaABAg,2026-05-23 22:40:25+00:00,Climate
UgyiU8jxX7ZfvGiim1x4AaABAg,2026-05-14 13:15:45+00:00,Climate
Ugxd1hIN16gfBwPpsxN4AaABAg,2026-05-06 18:40:03+00:00,Climate
Ugzq1DWAQhqk2XZPRbx4AaABAg,2026-04-29 12:33:13+00:00,Climate
UgzGHLLQVmB6mOw6gXx4AaABAg,2026-04-24 20:00:57+00:00,Climate
UgyZ-o1c6JXDe7aKbK14AaABAg,2026-04-02 14:51:06+00:00,Climate
UgwPoJaqYBYTZmD65DN4AaABAg,2026-04-01 02:21:34+00:00,Climate
UgyRwM4Akrro7Pr7KHt4AaABAg,2026-02-20 21:14:30+00:00,Climate
Ugx5v6QpkFwz-sBlef94AaABAg,2026-02-16 04:11:17+00:00,Climate
UgwsEQBvAPsOTMxF4VJ4AaABAg,2026-02-13 20:28:53+00:00,Climate
UgwB3A6EOai5dDid9ed4AaABAg,2026-02-12 13:45:08+00:00,Climate
UgxKzqiqOEqWsm5F82h4AaABAg,2026-02-03 03:14:11+00:00,Climate
Ugy6OcTiFBAomKpnCid4AaABAg,2026-02-01 21:42:15+00:00,Climate
UgzJu0gYHEeoLr0P1pR4AaABAg,2026-01-27 21:04:18+00:00,Climate
Ugwcc8QJ2Qax899yK6R4AaABAg,2026-01-26 14:50:10+00:00,Climate
UgzlYGU-zjolNp29yPl4AaABAg,2026-01-25 20:41:28+00:00,Climate
UgwV6RzDK-n3L8dzJWl4AaABAg,2026-01-25 01:39:33+00:00,Climate
Ugz3Igiy8kS3sAm9NC54AaABAg,2026-01-25 01:29:50+00:00,Climate
UgxbI3psth5NHfbPjIp4AaABAg,2026-01-25 00:37:27+00:00,Climate
UgysOmWHZKan94iyOBt4AaABAg,2026-01-25 00:28:08+00:00,Climate
UgyEhnR5hTZyZgDLtOR4AaABAg,2026-01-24 16:11:35+00:00,Climate
UgzXB5OZNlR26LJSdz94AaABAg,2026-01-24 11:11:14+00:00,Climate
UgzHQh-jSucCQ9QMvat4AaABAg,2026-01-24 05:30:15+00:00,Climate
UgybH6wrZgjee-siNOB4AaABAg,2026-01-22 22:43:40+00:00,Climate
UgwS-F8TRdeQlPV4AN14AaABAg,2026-01-22 15:31:42+00:00,Climate
Ugz4Xx8coJ2Jj2YaBUV4AaABAg,2026-01-22 07:08:44+00:00,Climate
UgwcEqcXm9wccW9rSyB4AaABAg,2026-01-22 03:17:01+00:00,Climate
UgyF5C5IBtaH9AY1nl94AaABAg,2026-01-21 22:28:54+00:00,Climate
UgwaGRrASxNGilfsJ_N4AaABAg,2026-01-21 22:23:08+00:00,Climate
Ugz-WOFHQj9igCQN5ax4AaABAg,2026-01-21 22:21:43+00:00,Climate
UgyzkuDlv5W4vQQhpG94AaABAg,2026-01-21 18:43:21+00:00,Climate
UgxsAEgpSpf5wsG8P8J4AaABAg,2026-01-21 11:36:07+00:00,Climate
Ugzzi6BUuFUGWqvC-u14AaABAg,2026-01-21 00:56:35+00:00,Climate
UgzF1HExajBD7nPbn2h4AaABAg,2026-01-20 20:31:05+00:00,Climate
UgwDOcL7fU8HnDDIX0l4AaABAg,2026-01-20 20:26:16+00:00,Climate
Ugz62KYKGa1KjyS7RBd4AaABAg,2026-01-20 18:17:14+00:00,Climate
Ugx8IWEcq-rDr2EBSol4AaABAg,2026-01-20 17:17:18+00:00,Climate
UgyEdPlekLdtUHo4n6F4AaABAg,2026-01-20 15:40:07+00:00,Climate
UgwvLgH_5WKYlwbublJ4AaABAg,2026-01-20 12:44:31+00:00,Climate
UgziWQ4MgEuBgKyKKNB4AaABAg,2026-01-20 11:49:10+00:00,Climate
Ugy268IpFKtpvAnZKyl4AaABAg,2026-01-20 08:38:29+00:00,Climate
UgxLAtJkhFH5CgWsxK94AaABAg,2026-01-20 08:36:16+00:00,Climate
UgzFqyaMGoB8AY67xkp4AaABAg,2026-01-20 07:44:00+00:00,Climate
UgxDNnCHA6IIcWllJO94AaABAg,2026-01-20 05:45:45+00:00,Climate
UgwmJoolaUldB8P0kRN4AaABAg,2026-01-20 05:43:30+00:00,Climate
Ugwf5yP1BWjRXmIoV7p4AaABAg,2026-01-20 05:18:51+00:00,Climate
UgwHyeXdlSbPMDtfReZ4AaABAg,2026-01-20 05:17:07+00:00,Climate
UgxUDkKC9k-pCfwNeRJ4AaABAg,2026-01-20 04:27:13+00:00,Climate
UgxztbNvKY6yp0Dng-Z4AaABAg,2026-01-20 03:50:37+00:00,Climate
Ugyg2hU9U2nH5hfz3Il4AaABAg,2026-01-20 03:09:11+00:00,Climate
UgytOjCfQmgeud50L9h4AaABAg,2026-01-20 02:27:32+00:00,Climate
Ugx0HNjFSkZTj-_6hMx4AaABAg,2026-01-20 01:43:49+00:00,Climate
UgwfbFNYCRQFiDB2CFh4AaABAg,2026-01-20 01:34:09+00:00,Climate
Ugz38HISMxl4VY5pk094AaABAg,2026-01-20 01:23:42+00:00,Climate
UgyXheXT23veqmkQmM54AaABAg,2026-01-20 01:20:00+00:00,Climate
UgzGBWTLJlWNJDq-z1R4AaABAg,2026-01-20 01:15:42+00:00,Climate
UgxYnTLyFlZBMenXKTF4AaABAg,2026-01-20 00:54:34+00:00,Climate
Ugw0enFM5zcH2eq_5Hl4AaABAg,2026-01-20 00:49:35+00:00,Climate
UgwxA0ASUqDpRv9o8IN4AaABAg,2026-01-20 00:37:01+00:00,Climate
UgxLX5QkbogbLsXnL314AaABAg,2026-01-20 00:23:03+00:00,Climate
Ugynw8mIPFydwwZlzql4AaABAg,2026-01-20 00:15:16+00:00,Climate
UgzAGzL_ilGbA0FXcu14AaABAg,2026-01-20 00:10:44+00:00,Climate
UgyLxKAECn9hHCEpPDh4AaABAg,2026-01-20 00:06:55+00:00,Climate
UgxecoHVRaTKcrsXppl4AaABAg,2026-01-19 23:55:58+00:00,Climate
UgyFg6lYKLWXq311fVF4AaABAg,2026-01-19 23:26:22+00:00,Climate
UgxwByLrO3YM3Y3AQZh4AaABAg,2025-12-23 01:44:04+00:00,Climate
UgwJmmDje9nICtrZvch4AaABAg,2025-12-21 16:19:28+00:00,Climate
UgwAeBKXvLF3c4QGxWR4AaABAg,2025-12-20 09:28:55+00:00,Climate
Ugxkj382Drdj5HEBeOd4AaABAg,2025-11-01 18:56:21+00:00,Climate
UgxT30rQEu4l7IrfLSF4AaABAg,2025-08-28 03:27:24+00:00,Climate
UgyhwYk2n4rjZ_3n3tZ4AaABAg,2025-08-22 22:52:37+00:00,Climate
UgwO1EiR3-QO7skYJLl4AaABAg,2025-08-12 15:50:35+00:00,Climate
UgwIbzX1QbjANIfldpJ4AaABAg,2025-07-15 20:59:32+00:00,Climate
UgyaP7_8ZmNxTOwp61N4AaABAg,2025-07-13 09:01:36+00:00,Climate
UgyvDSLXms_T-rOoA5p4AaABAg,2025-07-13 07:34:01+00:00,Climate
Ugxy40n8lThIbzA5sE94AaABAg,2025-07-10 06:35:08+00:00,Climate
UgzGHcPad0tz0Hy9PUZ4AaABAg,2025-07-06 20:37:20+00:00,Climate
UgwDAfxPdT8tj3w1M3F4AaABAg,2025-07-03 06:18:07+00:00,Climate
Ugzm0b4wuevGp4m4duV4AaABAg,2025-03-19 09:07:30+00:00,Climate
UgyXttYTJBg1CnZGH414AaABAg,2025-03-07 21:07:48+00:00,Climate
UgxgcGBklmcDNkn0p0t4AaABAg,2025-02-27 19:28:29+00:00,Climate
UgyyHF4uLAZ1Pluh_Td4AaABAg,2025-02-20 05:04:31+00:00,Climate
Ugz8yR-dbGFypLNAOM54AaABAg,2025-02-13 17:02:37+00:00,Climate
Ugyk9RvcK2KJ6SYl4Qx4AaABAg,2025-02-11 03:59:44+00:00,Climate
UgxF_wjolJRqT50D9jJ4AaABAg,2025-02-10 04:25:03+00:00,Climate
UgyR-858SOEPcxL7Uzp4AaABAg,2025-02-10 01:50:52+00:00,Climate
Ugw0u_9N85tU3Y1iTWx4AaABAg,2025-02-09 23:07:22+00:00,Climate
UgwWQr1j32_ysvs1dqt4AaABAg,2025-02-09 21:34:54+00:00,Climate
UgzqUWdSZbOG1I0oxKN4AaABAg,2025-02-09 18:17:52+00:00,Climate
UgxUkl0_F4wEKtxPe-94AaABAg,2025-02-09 15:36:43+00:00,Climate
UgxFS6dJ5mx-_iouma14AaABAg,2025-02-09 14:24:01+00:00,Climate
Ugzs-Csd5fDzu5EAUS94AaABAg,2025-02-09 12:52:59+00:00,Climate
UgyIshJCyE2l9416DKF4AaABAg,2025-02-09 11:43:44+00:00,Climate
UgyhvkrJ-WEsQeTcomR4AaABAg,2025-02-09 10:57:52+00:00,Climate
UgzOZV8jwLgkFDQevu94AaABAg,2025-02-09 04:56:49+00:00,Climate
UgwhxBh35YzLlYwg8U14AaABAg,2025-02-09 03:03:03+00:00,Climate
UgycPXPeMk9XeYrO4rR4AaABAg,2025-02-09 01:48:05+00:00,Climate
UgzhzFv1Vw7iONH44el4AaABAg,2025-02-09 01:38:26+00:00,Climate
UgyMaJ13iasdq9Hxoal4AaABAg,2025-02-09 00:49:53+00:00,Climate
UgzYFMdbmFn8HTHjj8x4AaABAg,2025-02-08 22:51:44+00:00,Climate
UgwW99-her1bwV6HNJp4AaABAg,2025-02-08 22:25:58+00:00,Climate
UgxG3iIFUpxaizXiCst4AaABAg,2025-02-08 17:12:45+00:00,Climate
UgzzqndTvQtDPsNBmeN4AaABAg,2025-02-08 15:18:40+00:00,Climate
UgwxFStZRBjekZmdkZB4AaABAg,2025-02-08 14:10:12+00:00,Climate
UgyQgRroOqAV69VSqVh4AaABAg,2025-02-07 21:12:41+00:00,Climate
UgyV54Gn_k4vHvaBNe14AaABAg,2025-02-07 20:29:53+00:00,Climate
Ugygrb_HwnZDkqo0HXJ4AaABAg,2025-02-07 19:02:01+00:00,Climate
UgzczuJU6CVh3eSbJs94AaABAg,2025-02-07 17:44:34+00:00,Climate
UgzDy1Rn0DaqXDZ6_pB4AaABAg,2025-02-07 15:59:09+00:00,Climate
UgyBNWUCTRgo3QCK1fd4AaABAg,2025-02-07 15:56:40+00:00,Climate
UgzmbgZOXHlOhkfUFqx4AaABAg,2025-02-07 14:34:40+00:00,Climate
Ugw9LfBCXzbtFPJZEiZ4AaABAg,2025-02-07 12:30:06+00:00,Climate
UgzQmpfCezuHCGKGLLx4AaABAg,2025-02-07 11:18:11+00:00,Climate
Ugx6izmqgzH7WeJi7qp4AaABAg,2025-02-07 06:42:30+00:00,Climate
Ugz64FGErWBjdAjqXqR4AaABAg,2025-02-07 03:56:11+00:00,Climate
Ugykm54i2d840RaCtgN4AaABAg,2025-02-06 23:56:53+00:00,Climate
UgyAJByXx_gJDAVoNvh4AaABAg,2025-02-06 23:47:56+00:00,Climate
UgwXxT_YAq37JhHIjYR4AaABAg,2025-02-06 23:10:07+00:00,Climate
UgzfKYF3lTta3NAExoV4AaABAg,2025-02-06 22:47:36+00:00,Climate
UgxWzJoCfGcMPJagS714AaABAg,2025-02-06 22:36:35+00:00,Climate
UgxIB1XJyOy3RTlp7el4AaABAg,2025-02-06 21:37:17+00:00,Climate
UgwNy9lJYJMk6BbLulV4AaABAg,2025-02-06 21:21:36+00:00,Climate
Ugx6ndjqrMZcwWEUuNt4AaABAg,2022-04-22 07:16:54+00:00,Climate
UgxRjQhgfs4xzE2muZR4AaABAg,2022-04-15 07:15:44+00:00,Climate
UgwlOY0Q8bjV-oFYBTl4AaABAg,2022-04-14 22:31:51+00:00,Climate
Ugzm1UKwjl8524VBPCt4AaABAg,2022-04-14 16:13:03+00:00,Climate
UgyCfTEsAqPdZ0st7eF4AaABAg,2022-04-14 09:44:06+00:00,Climate
Ugx8CRKX6mQlVtCCSxR4AaABAg,2022-04-14 00:26:40+00:00,Climate
UgxbXTif96h66dfXCet4AaABAg,2022-04-13 08:15:21+00:00,Climate
UgyuSiMqvEjkubHu64R4AaABAg,2022-04-12 22:35:34+00:00,Climate
UgzloPlJ9dBBQC-zQuV4AaABAg,2022-04-11 09:11:57+00:00,Climate
Ugzi2O8Sgl5pygiLaoV4AaABAg,2022-04-06 14:40:44+00:00,Climate
UgztjbwEWFs1HtsUjzZ4AaABAg,2022-04-05 15:08:41+00:00,Climate
UgzzYPqPakFi7vaB6hB4AaABAg,2022-04-05 12:20:28+00:00,Climate
Ugyac-i-7GMzsQUA7ZF4AaABAg,2022-04-05 08:31:19+00:00,Climate
Ugx3DdDHG0SQ3WGnmiF4AaABAg,2022-04-05 07:38:45+00:00,Climate
UgywQxRKtxQh2gv8Vhx4AaABAg,2022-04-05 02:46:07+00:00,Climate
UgyM0RuV2q7JAq_gSlV4AaABAg,2022-04-04 22:55:07+00:00,Climate
UgwtvdW_0MT7kZLIH3Z4AaABAg,2022-04-04 22:01:02+00:00,Climate
Ugwlf_tnFSZ7blDHKLZ4AaABAg,2022-04-04 21:19:29+00:00,Climate
UgwpmYtdfcE5nOJEaT14AaABAg,2022-04-04 21:10:42+00:00,Climate
Ugz1xupgr0SJLQFHJS14AaABAg,2022-04-04 21:07:22+00:00,Climate
UgwEhxDRBNwiTGfQB2l4AaABAg,2022-04-04 21:03:37+00:00,Climate
UgysK_uELWLKDFKyeRl4AaABAg,2022-04-04 20:04:21+00:00,Climate
UgzWVRZ_47oUAr11vk54AaABAg,2026-07-20 00:19:21+00:00,Mundial
Ugzyu5tQ4xFCLNnQk_Z4AaABAg,2026-07-20 00:31:18+00:00,Mundial
Ugw14A8gvyoh7uu-MLB4AaABAg,2026-07-20 05:25:29+00:00,Mundial
Ugyj66MjgsSwGj2H9PB4AaABAg,2026-07-22 07:41:47+00:00,Mundial
UgyQEErcOLPdwEGxXrx4AaABAg,2026-07-20 00:35:25+00:00,Mundial
UgyOrqXa36oB98MHBCp4AaABAg,2026-07-20 01:28:53+00:00,Mundial
UgweWBuU-mK920tSADR4AaABAg,2026-07-20 04:42:00+00:00,Mundial
Ugxy8J51BiBiYZ581rp4AaABAg,2026-07-22 13:47:07+00:00,Mundial
UgxE4HZnM-0LvqYKjLh4AaABAg,2026-07-20 01:24:33+00:00,Mundial
Ugzop-1EPlPCFEMS6vR4AaABAg,2026-07-20 02:54:51+00:00,Mundial
Ugw0hjaQLFz8nZON-NN4AaABAg,2026-07-20 02:17:58+00:00,Mundial
UgwRVgOt3Zrbfhdolyx4AaABAg,2026-07-20 20:20:42+00:00,Mundial
UgzRkj78yI_5bez_9HR4AaABAg,2026-07-20 00:15:16+00:00,Mundial
UgzAWc8P_XbJ9flDHZ94AaABAg,2026-07-20 04:53:32+00:00,Mundial
UgyNDBbsnjQNOntqDvl4AaABAg,2026-07-21 17:16:26+00:00,Mundial
UgyasPaWbOOUvsuwexN4AaABAg,2026-07-20 14:11:11+00:00,Mundial
Ugy-Zp8Y2AzqCTn_Z_J4AaABAg,2026-07-20 00:07:38+00:00,Mundial
Ugzj_3cfO9wISF2ec2F4AaABAg,2026-07-20 01:26:58+00:00,Mundial
UgyE2QkwnaOC79qrzAl4AaABAg,2026-07-23 11:03:21+00:00,Mundial
UgzGsDAQBlvQaMrTRUt4AaABAg,2026-07-20 04:37:52+00:00,Mundial
UgwMUS0VIyPbDS1V2i54AaABAg,2026-07-20 00:03:41+00:00,Mundial
Ugx_-cjfLAZ7gzARLw14AaABAg,2026-07-20 12:20:55+00:00,Mundial
Ugx2q5zLy0xyc-8qWyp4AaABAg,2026-07-20 00:12:43+00:00,Mundial
UgzzREbDVeEJO9xEshl4AaABAg,2026-07-20 00:17:11+00:00,Mundial
UgwgRZmdltp5zOj4qVt4AaABAg,2026-07-20 06:30:41+00:00,Mundial
UgyTrWHlWPzRsSIsT9J4AaABAg,2026-07-20 01:54:40+00:00,Mundial
Ugw0t4SnK_uqQ7WDtNB4AaABAg,2026-07-20 16:45:45+00:00,Mundial
Ugyzir4efqcA-sYcNwJ4AaABAg,2026-07-23 21:05:05+00:00,Mundial
UgyCYFnsYhU0SBNrvRx4AaABAg,2026-07-20 06:54:53+00:00,Mundial
Ugznlx2qbMqGFSzAHER4AaABAg,2026-07-20 02:02:49+00:00,Mundial
Ugys1LfkqUid4LcwS0N4AaABAg,2026-07-20 14:08:49+00:00,Mundial
UgxM1AtXIzGrwjPihgd4AaABAg,2026-07-23 09:00:33+00:00,Mundial
UgwJ6Z3rZ1dS1f_yCDJ4AaABAg,2026-07-20 05:08:36+00:00,Mundial
UgxZCM5yrR2Zea-Wzq94AaABAg,2026-07-20 03:03:26+00:00,Mundial
UgzhE3qNASofayccqJd4AaABAg,2026-07-20 04:56:00+00:00,Mundial
Ugw9bzJHWT7-vkmRwdd4AaABAg,2026-07-24 06:25:46+00:00,Mundial
Ugzcftf_3Dv8qEBfYJV4AaABAg,2026-07-21 13:07:11+00:00,Mundial
Ugy-a8rYgwsQIr6gttN4AaABAg,2026-07-20 02:21:39+00:00,Mundial
Ugwm320dpjnEzQnZr5x4AaABAg,2026-07-23 23:04:17+00:00,Mundial
UgyWE-2_emSdteOOnNF4AaABAg,2026-07-20 02:00:28+00:00,Mundial
UgyNUD3-wLmq5i8ysrt4AaABAg,2026-07-20 14:25:38+00:00,Mundial
UgzJ6hkSdzNhJ5xfpdt4AaABAg,2026-07-20 03:48:41+00:00,Mundial
UgzyI3EhF49DfHEziVN4AaABAg,2026-07-24 03:28:43+00:00,Mundial
UgypQ8FfkT_-xEuAh3R4AaABAg,2026-07-20 01:54:25+00:00,Mundial
UgyrE9YThjSIPUFbmHV4AaABAg,2026-07-20 02:20:23+00:00,Mundial
UgzuTYD-b81aICXV-Mx4AaABAg,2026-07-20 03:17:04+00:00,Mundial
UgyCk5EVKzmcd0d3-GV4AaABAg,2026-07-22 07:40:27+00:00,Mundial
Ugx4r8E8owqp7SUFKFh4AaABAg,2026-07-20 04:18:20+00:00,Mundial
Ugzwb_UFNR7OlYebN0J4AaABAg,2026-07-24 08:33:44+00:00,Mundial
Ugx5i1vG7R0IlOsoPQl4AaABAg,2026-07-20 11:08:50+00:00,Mundial
UgxoqbCFAGGHG87Bb154AaABAg,2026-07-16 14:54:54+00:00,Mundial
Ugw9ljfcoK1fwWAhwOx4AaABAg,2026-07-16 14:56:52+00:00,Mundial
Ugyy7owg2SRFM1mHU1x4AaABAg,2026-07-17 08:19:26+00:00,Mundial
Ugxl4iZaNcLykwLkxjd4AaABAg,2026-07-16 15:34:57+00:00,Mundial
Ugy0MDcGLmdOWgXFYeZ4AaABAg,2026-07-17 04:05:41+00:00,Mundial
UgwIFLTYnclCzRlnSvx4AaABAg,2026-07-16 14:54:51+00:00,Mundial
Ugxw9ptXoIZTR7iqMsd4AaABAg,2026-07-16 14:59:35+00:00,Mundial
UgwXVDlb5ACnBx6TQGB4AaABAg,2026-07-17 03:09:31+00:00,Mundial
UgzqT8-vPYOdL-R8i7d4AaABAg,2026-07-16 15:00:39+00:00,Mundial
UgxiIEJF7g764qHthXl4AaABAg,2026-07-16 16:55:35+00:00,Mundial
UgzCAzpGdaYCYjQ3GkZ4AaABAg,2026-07-17 02:01:28+00:00,Mundial
UgxRZzTRh43d8ofo1GB4AaABAg,2026-07-16 14:56:17+00:00,Mundial
UgyaIrtgz1cvcocmz-x4AaABAg,2026-07-16 15:55:03+00:00,Mundial
UgxxLmxKzzLcdDXMHa54AaABAg,2026-07-16 21:12:47+00:00,Mundial
UgxJNs4ALjZ3ufUjZyd4AaABAg,2026-07-16 16:28:59+00:00,Mundial
UgwXokCrFITYSy3AAPV4AaABAg,2026-07-16 14:58:23+00:00,Mundial
Ugyd3w6CkHEya6_lHHN4AaABAg,2026-07-20 14:33:12+00:00,Mundial
UgzVtwIEMrvQsztJflp4AaABAg,2026-07-16 17:53:36+00:00,Mundial
UgzuqfNrf28GxI96mm14AaABAg,2026-07-16 15:13:17+00:00,Mundial
Ugz25BrJ5dnBMAnZ62N4AaABAg,2026-07-17 04:29:09+00:00,Mundial
UgzUJYa1yW4lK409joB4AaABAg,2026-07-16 14:54:14+00:00,Mundial
UgwIAbKV78-ND3MLStx4AaABAg,2026-07-16 16:36:29+00:00,Mundial
UgyOvPHdyoIXq2hiCW14AaABAg,2026-07-17 14:29:40+00:00,Mundial
UgyRf1IAJwVDMUdH_yB4AaABAg,2026-07-16 18:02:20+00:00,Mundial
Ugy7MeyMOMnJrbX1Rkp4AaABAg,2026-07-16 14:56:37+00:00,Mundial
UgwsV_lmwMGpl2S74tt4AaABAg,2026-07-15 00:36:26+00:00,Mundial
UgzWsN9FD9JGXZfRkO54AaABAg,2026-07-15 05:21:04+00:00,Mundial
Ugw4yql8lUBJDfrPeU54AaABAg,2026-07-15 03:06:27+00:00,Mundial
Ugyh3i0PuEBYpBltXeV4AaABAg,2026-07-15 01:04:39+00:00,Mundial
UgwU0v44vdg059paZC54AaABAg,2026-07-15 00:44:13+00:00,Mundial
Ugx6ahtULlSG88VqInJ4AaABAg,2026-07-15 00:35:47+00:00,Mundial
UgxDBPOf2j8LtVqFO514AaABAg,2026-07-19 22:15:33+00:00,Mundial
Ugy7__Dq79B2snRBy-x4AaABAg,2026-07-15 07:28:36+00:00,Mundial
Ugy_TUTrApeRiT3Y0Kh4AaABAg,2026-07-15 00:33:17+00:00,Mundial
UgxTd89XFyhvrnCRFEp4AaABAg,2026-07-15 07:27:56+00:00,Mundial
Ugz7KWc1-sLhrdETd4Z4AaABAg,2026-07-15 12:08:28+00:00,Mundial
UgxAvDrRNZJVLUANeX54AaABAg,2026-07-15 01:10:03+00:00,Mundial
UgwDCZB7RMCS9Db58dh4AaABAg,2026-07-15 01:00:11+00:00,Mundial
UgxNufZttloaUWDCjRZ4AaABAg,2026-07-15 02:07:26+00:00,Mundial
Ugx_fdfV1iW7w6h5M214AaABAg,2026-07-15 12:06:47+00:00,Mundial
Ugx6cHPgFxhged-izld4AaABAg,2026-07-15 05:47:10+00:00,Mundial
Ugx-kMg4OsXLM7olUuh4AaABAg,2026-07-15 00:51:16+00:00,Mundial
UgzOOfFwmuxMSSFWl7d4AaABAg,2026-07-15 02:50:29+00:00,Mundial
UgzmX0TRtzGJ0gJWdm94AaABAg,2026-07-20 04:23:28+00:00,Mundial
UgxpZn7v218oFOMX7PR4AaABAg,2026-07-15 08:49:44+00:00,Mundial
Ugwh9EclzurrHX3rMad4AaABAg,2026-07-15 03:40:39+00:00,Mundial
Ugw4eOaYX0c1oIkQ7v14AaABAg,2026-07-15 00:56:12+00:00,Mundial
UgwfreCYxBswLY7s7V54AaABAg,2026-07-15 13:54:57+00:00,Mundial
Ugz5tiTVgQWtIHgLbhJ4AaABAg,2026-07-15 06:50:07+00:00,Mundial
UgwyZLeF7prgb2Fb8_R4AaABAg,2026-07-15 07:34:25+00:00,Mundial
UgzSn7ixZnWrY7li-TR4AaABAg,2026-07-06 20:08:38+00:00,Mundial
UgwhYffbThr1AP3H5wV4AaABAg,2026-07-07 04:59:32+00:00,Mundial
Ugy4-1Y0eYdm8sLollJ4AaABAg,2026-07-06 20:04:52+00:00,Mundial
UgyKDTyha0owAYqAJ6N4AaABAg,2026-07-06 22:13:29+00:00,Mundial
Ugx1zjhV2Sx-R62SYWh4AaABAg,2026-07-06 20:03:48+00:00,Mundial
UgyFgZzl5jfbdwL9TXl4AaABAg,2026-07-06 22:44:31+00:00,Mundial
UgxtAuMth2M5TeAQPIV4AaABAg,2026-07-06 20:08:49+00:00,Mundial
Ugz0XMGxQxkloRPRq414AaABAg,2026-07-06 22:45:46+00:00,Mundial
UgyMwbWrdC49CPzwdB94AaABAg,2026-07-06 20:28:50+00:00,Mundial
UgxSq4dvkjFI_BGFoUN4AaABAg,2026-07-06 23:06:27+00:00,Mundial
UgxzawttY36xNx4A4XB4AaABAg,2026-07-06 20:21:48+00:00,Mundial
Ugx0gEw5Hlm1iF58nbR4AaABAg,2026-07-07 00:03:05+00:00,Mundial
Ugz9aOt_xBPw9rBnG2N4AaABAg,2026-07-06 21:52:27+00:00,Mundial
UgzgxjDYAeRJ4RIGY0h4AaABAg,2026-07-07 15:06:59+00:00,Mundial
Ugy9trZ9Tl6wYHuXxmJ4AaABAg,2026-07-06 20:04:52+00:00,Mundial
Ugzb7labWvgHGzAGTmx4AaABAg,2026-07-07 01:45:29+00:00,Mundial
UgyxWqHwOHaUwkKLwF94AaABAg,2026-07-06 20:09:18+00:00,Mundial
Ugwm_SSK97HhUIdv33F4AaABAg,2026-07-07 06:00:31+00:00,Mundial
UgwCbxz1zoN6AglxGZ94AaABAg,2026-07-06 20:44:11+00:00,Mundial
UgwwlAmBslgC9a4jp1B4AaABAg,2026-07-07 13:30:32+00:00,Mundial
UgyvM1-XD7MeRAflRJd4AaABAg,2026-07-06 20:02:33+00:00,Mundial
UgwXJDhd2QJRywKKAmF4AaABAg,2026-07-06 22:13:48+00:00,Mundial
UgwfmIlAyIk0g3MIj3t4AaABAg,2026-07-06 21:16:53+00:00,Mundial
Ugxuh7VC_rqgOWsVOKF4AaABAg,2026-07-06 22:53:34+00:00,Mundial
Ugy3dE5QS_xA7nSdaZJ4AaABAg,2026-07-06 20:16:14+00:00,Mundial
UgyhPgodimEolAcS7zd4AaABAg,2026-07-23 19:59:32+00:00,Mundial
Ugw66-5JGfQdcHJF_OB4AaABAg,2026-07-19 22:20:16+00:00,Mundial
UgwpZDbCYrrHgic2Gyt4AaABAg,2026-07-20 13:49:23+00:00,Mundial
Ugw-JWSb8rlwOD6VZKl4AaABAg,2026-07-23 11:41:16+00:00,Mundial
UgxqIAjfq699a1Ry6214AaABAg,2026-07-19 23:54:45+00:00,Mundial
UgyV0T1EaxpDe-DMfch4AaABAg,2026-07-19 21:08:38+00:00,Mundial
UgxgF1OmlngXN3rq3xB4AaABAg,2026-07-20 17:31:49+00:00,Mundial
Ugx1yIMZZYEDOMUBCnZ4AaABAg,2026-07-20 14:33:27+00:00,Mundial
UgyLj4JQfipWNenNINN4AaABAg,2026-07-19 20:17:45+00:00,Mundial
Ugz87TccFooblrxJKoZ4AaABAg,2026-07-24 00:14:58+00:00,Mundial
UgzI9RvsT5z31KFaXsN4AaABAg,2026-07-24 07:39:13+00:00,Mundial
Ugwb0pgNRNTImyJ5ky14AaABAg,2026-07-19 23:17:08+00:00,Mundial
UgwYrSlBYgETKMfsbZR4AaABAg,2026-07-20 12:16:47+00:00,Mundial
UgxS6Icd2S0KyL2GI1B4AaABAg,2026-07-19 23:00:00+00:00,Mundial
UgyVZPfroLE6Ste0kZl4AaABAg,2026-07-19 22:10:14+00:00,Mundial
UgwB3S9nN7ivuVh_o6N4AaABAg,2026-07-20 01:05:17+00:00,Mundial
Ugxj7h2BGEJVw2n2DzV4AaABAg,2026-07-23 07:10:39+00:00,Mundial
UgyN3n8YXCIzfeh4qJx4AaABAg,2026-07-20 00:06:25+00:00,Mundial
Ugx-N1H5Bm7X7Osfq2Z4AaABAg,2026-07-19 23:53:03+00:00,Mundial
UgxgRlglLotzf0_qXAB4AaABAg,2026-07-21 02:24:29+00:00,Mundial
UgyhvBdGb2LnKmvFsYl4AaABAg,2026-07-20 12:01:32+00:00,Mundial
UgyPIdO8VgVdjiNX8xJ4AaABAg,2026-07-19 23:54:43+00:00,Mundial
UgwmU_ITklPA-0Hg2HZ4AaABAg,2026-07-20 13:59:39+00:00,Mundial
UgyESqNcAxmAyxn_PT14AaABAg,2026-07-21 04:28:15+00:00,Mundial
Ugw1N1Hm8RInPLllzwB4AaABAg,2026-07-20 15:44:31+00:00,Mundial
UgztnOKlabA9HrceYBh4AaABAg,2026-07-19 22:22:00+00:00,Mundial
UgyMXI9pT7gBqnAIblh4AaABAg,2026-07-20 00:52:25+00:00,Mundial
UgwrfTntDCPm20pC3yd4AaABAg,2026-07-20 00:01:11+00:00,Mundial
Ugw9dHfM0Z6yvm1ac2p4AaABAg,2026-07-23 04:08:32+00:00,Mundial
UgxtEvNxeivmkY_Ynst4AaABAg,2026-07-19 22:24:59+00:00,Mundial
UgwcpTdepcl-ncB-6Kl4AaABAg,2026-07-19 23:20:34+00:00,Mundial
UgxNbDNuxBPcc4r0sX54AaABAg,2026-07-23 09:01:08+00:00,Mundial
UgzLywNf_nMqp80eeV54AaABAg,2026-07-19 22:32:23+00:00,Mundial
Ugw3pV4UgL5MYyDUvp14AaABAg,2026-07-19 22:06:04+00:00,Mundial
Ugx7AS_REXFld4oklJ54AaABAg,2026-07-19 22:14:29+00:00,Mundial
Ugzgv4EDWeBL5qKTNpF4AaABAg,2026-07-22 20:22:58+00:00,Mundial
UgwkWigT_NAwHnR1De54AaABAg,2026-07-20 00:52:18+00:00,Mundial
UgwTd_GmXqYBP0tZ8GV4AaABAg,2026-07-19 22:20:37+00:00,Mundial
UgxKDpESUAkYPkj4jsR4AaABAg,2026-07-19 22:30:07+00:00,Mundial
UgzuhcBhXZZfYLCy8xF4AaABAg,2026-07-24 07:10:07+00:00,Mundial
UgwMCnbXCDb5RcCqXZl4AaABAg,2026-07-19 22:28:21+00:00,Mundial
Ugwv2i2CZB2gO04TeKV4AaABAg,2026-07-20 13:09:37+00:00,Mundial
Ugygn3vlyzaM2bFVHGl4AaABAg,2026-07-20 00:52:40+00:00,Mundial
UgxZbGetON0xq6HtH994AaABAg,2026-07-22 10:18:38+00:00,Mundial
UgyyrM2cEQF1IqzGU0Z4AaABAg,2026-07-21 13:07:56+00:00,Mundial
Ugx54KWuK61KS5uVq-R4AaABAg,2026-07-20 14:11:42+00:00,Mundial
Ugx6SzGUaQzUdYq_wpB4AaABAg,2026-07-19 22:10:53+00:00,Mundial
Ugx18RCKrqXjR5Dl4_x4AaABAg,2026-07-24 04:12:17+00:00,Mundial
UgxcVq9zSA1A7QMxOqt4AaABAg,2026-07-19 22:52:02+00:00,Mundial
Ugx8r0fGdeQDwCVYS5h4AaABAg,2026-07-20 00:29:35+00:00,Mundial
Ugz7NnQ-0iUjDWo4E5V4AaABAg,2026-07-20 00:45:44+00:00,Mundial
Ugx9Fm2iwJkvBLhKNyB4AaABAg,2026-07-20 14:10:22+00:00,Mundial
UgwCJx7IMruDF39et314AaABAg,2026-07-20 00:41:47+00:00,Mundial
UgyRiTK8rucnC8B2Bex4AaABAg,2026-07-20 00:45:28+00:00,Mundial
UgybUZvppftQf-lTV9F4AaABAg,2026-07-20 01:05:24+00:00,Mundial
Ugw-AvRguwM_yXCcVXl4AaABAg,2026-07-20 00:46:36+00:00,Mundial
UgwwLwBq7f9-YVhwxYN4AaABAg,2026-07-20 02:58:14+00:00,Mundial
UgymPdgnuxVOelIaxc54AaABAg,2026-07-20 01:00:11+00:00,Mundial
UgzFfMIc2LrXyCrR4GZ4AaABAg,2026-07-20 14:55:16+00:00,Mundial
UgzW8zTDZc1NiJ_GJVJ4AaABAg,2026-07-20 03:36:22+00:00,Mundial
UgzstUC3RRIWu_m8hLt4AaABAg,2026-07-20 01:21:35+00:00,Mundial
UgyzmLYWlHpCMQ5hHEB4AaABAg,2026-07-20 09:35:45+00:00,Mundial
Ugw3Pl2iFmbeF-x1_7V4AaABAg,2026-07-20 01:58:11+00:00,Mundial
UgzeljRp6M0Rj2LKTiB4AaABAg,2026-07-20 10:34:04+00:00,Mundial
Ugx-jj4m1hWNXe7u4wl4AaABAg,2026-07-20 03:07:21+00:00,Mundial
Ugw5lBIqBnyN9uPGAs54AaABAg,2026-07-20 01:50:41+00:00,Mundial
UgwG6QmkMa2jq-dZzHF4AaABAg,2026-07-20 07:34:55+00:00,Mundial
UgxurpOjKD65Qlfb8hV4AaABAg,2026-07-20 00:45:11+00:00,Mundial
UgxJ_O0OIq26eXEcqdx4AaABAg,2026-07-20 03:51:12+00:00,Mundial
Ugyz6yrpTTAcdZ-c_c54AaABAg,2026-07-20 12:57:10+00:00,Mundial
Ugx_3Th0LwxabyCeiSF4AaABAg,2026-07-20 11:43:00+00:00,Mundial
UgyptlVemWuIXk36Zox4AaABAg,2026-07-21 06:23:26+00:00,Mundial
UgyUAFl24s0XEWYgLN54AaABAg,2026-07-20 11:24:56+00:00,Mundial
UgzGGCEEkgSVvsVILuJ4AaABAg,2026-07-20 10:53:34+00:00,Mundial
UgyTGJmiHW6c_Qlf8Gt4AaABAg,2026-07-20 00:42:05+00:00,Mundial
UgyPowi8GA5_yt8XDtx4AaABAg,2026-07-22 03:47:18+00:00,Mundial
UgzDJKYdDelOKScdGVF4AaABAg,2026-07-22 04:30:15+00:00,Mundial
UgwLRMAg_Uu62hZc_tl4AaABAg,2026-07-22 03:05:42+00:00,Mundial
Ugz1o6EiBvucRq281rh4AaABAg,2026-07-22 11:22:14+00:00,Mundial
Ugwbr0Y7Me-vGkOMApl4AaABAg,2026-07-22 16:44:42+00:00,Mundial
Ugx6ZmaGLn6V1dU35al4AaABAg,2026-07-22 05:56:31+00:00,Mundial
UgwnQPU2Djfam-BDKPp4AaABAg,2026-07-22 13:09:22+00:00,Mundial
Ugx0Ia6J89L3N7LPey14AaABAg,2026-07-23 20:53:11+00:00,Mundial
Ugw7lpClqRks6NEJ0n54AaABAg,2026-07-23 03:36:19+00:00,Mundial
UgybiZDytZqe7vJCmS14AaABAg,2026-07-22 12:27:55+00:00,Mundial
Ugz11Xxa4ISTiSRf9754AaABAg,2026-07-22 07:25:04+00:00,Mundial
UgzIZmjnePYCATBMhH54AaABAg,2026-07-23 23:03:19+00:00,Mundial
UgyUotzepUM5QYLE5EZ4AaABAg,2026-07-22 13:15:21+00:00,Mundial
UgxQkIhHaIYCK0TfKIp4AaABAg,2026-07-22 16:24:46+00:00,Mundial
UgzRiDDUJ1pWDBJPNPB4AaABAg,2026-07-23 16:48:01+00:00,Mundial
UgxLINDn4j0Awlp_eM94AaABAg,2026-07-22 11:08:27+00:00,Mundial
UgyXToul8eiiyKkL8LR4AaABAg,2026-07-22 12:37:16+00:00,Mundial
UgzlH0bEY70PEUKu82N4AaABAg,2026-07-23 11:43:35+00:00,Mundial
UgzhSS4lPfEnf27n-9J4AaABAg,2026-07-24 11:50:29+00:00,Mundial
Ugwytny4yAB4pivLV6t4AaABAg,2026-07-22 17:23:37+00:00,Mundial
Ugx-XKZLmdOw2Iu_rd14AaABAg,2026-07-22 06:01:49+00:00,Mundial
UgyBNMPqif9oLpb90a94AaABAg,2026-07-23 07:13:52+00:00,Mundial
UgxRR4P1XcZfVAV9s7h4AaABAg,2026-07-22 09:26:43+00:00,Mundial
UgxXK8L9bxRAr1WDcw94AaABAg,2026-07-22 15:54:40+00:00,Mundial
UgzxK6XUjZ5T8rorBit4AaABAg,2026-07-22 19:15:28+00:00,Mundial
UgyfnCncdtuuAwOEQmJ4AaABAg,2026-07-19 17:54:46+00:00,Mundial
UgzJdYQkICfKQIRZUUR4AaABAg,2026-07-20 07:06:27+00:00,Mundial
Ugwsze9WU5JXYHDa3oV4AaABAg,2026-07-19 17:50:52+00:00,Mundial
Ugy7Zlqe1PpciMcP4OV4AaABAg,2026-07-19 17:48:23+00:00,Mundial
Ugy_cwoBdKRgZJmA4dx4AaABAg,2026-07-19 17:59:08+00:00,Mundial
UgwGvgjNRhNIbjFxdr94AaABAg,2026-07-19 17:52:54+00:00,Mundial
UgwBkQJ67M4IM99TD1V4AaABAg,2026-07-19 18:15:02+00:00,Mundial
Ugx0Izfr4W0jKKuoE-B4AaABAg,2026-07-19 17:46:39+00:00,Mundial
Ugy3WbKFZ8Jcj-d2sF54AaABAg,2026-07-20 18:53:32+00:00,Mundial
Ugx4wf6Dz7_Rl4tlF_d4AaABAg,2026-07-19 17:52:02+00:00,Mundial
UgxMzBaUDPa6Xcaf2bZ4AaABAg,2026-07-19 19:04:45+00:00,Mundial
UgydLy50ko3E5_js2Tl4AaABAg,2026-07-19 23:23:59+00:00,Mundial
UgzViK01ZbscP7tmTyJ4AaABAg,2026-07-19 18:25:02+00:00,Mundial
Ugx7Lgurvjs1e20tg0J4AaABAg,2026-07-19 23:19:57+00:00,Mundial
UgzmCH1QQfxipO6FEDZ4AaABAg,2026-07-20 08:15:59+00:00,Mundial
UgxbuZ03HgTnIijR8bR4AaABAg,2026-07-20 07:38:56+00:00,Mundial
UgyMrhkg2r4Yhi4X2qd4AaABAg,2026-07-19 17:52:39+00:00,Mundial
UgyL0ubtX1buwGl_ck54AaABAg,2026-07-19 18:42:22+00:00,Mundial
Ugyz35bfDM9KxMNvPR54AaABAg,2026-07-20 00:39:57+00:00,Mundial
Ugx3KvXA4CJ4riC9mMp4AaABAg,2026-07-19 22:40:12+00:00,Mundial
UgwOKNFFGs4h7mzzdvB4AaABAg,2026-07-19 18:02:13+00:00,Mundial
UgwFzaUP9hfRscbAriV4AaABAg,2026-07-23 15:12:59+00:00,Mundial
Ugype1K7j6Gh8NQOZc14AaABAg,2026-07-19 18:45:27+00:00,Mundial
Ugxhx-277AGSLsjPvPB4AaABAg,2026-07-19 20:49:06+00:00,Mundial
UgzZZq1fGZPN_-aVETR4AaABAg,2026-07-19 18:00:55+00:00,Mundial
UgxQLaujkjVv0xaSA6x4AaABAg,2026-02-05 14:04:55+00:00,AIvsHuman
UgwmtqklMEE5Q4MgeKd4AaABAg,2026-02-15 11:26:39+00:00,AIvsHuman
UgxeikzsE20f972jpOd4AaABAg,2026-02-05 23:23:33+00:00,AIvsHuman
UgwQHhkH6HEXDUZhJDV4AaABAg,2026-02-06 11:39:10+00:00,AIvsHuman
UgwThTQiRp47Oc4ykTt4AaABAg,2026-06-27 16:32:10+00:00,AIvsHuman
UgwaI440Qn55lkQCFSR4AaABAg,2026-02-23 04:23:09+00:00,AIvsHuman
Ugyd_xmEJ761Hr-Dt9B4AaABAg,2026-06-19 22:31:26+00:00,AIvsHuman
UgxHG7t8Ks3RN94Maht4AaABAg,2026-02-05 14:00:45+00:00,AIvsHuman
UgxW1qhFFqL1cFSh7eh4AaABAg,2026-02-06 11:36:16+00:00,AIvsHuman
Ugy4g1l0V7dAVU85XSV4AaABAg,2026-02-09 17:56:51+00:00,AIvsHuman
Ugz4nl3wnNTIuMw-r8p4AaABAg,2026-02-05 14:56:26+00:00,AIvsHuman
UgwXcGVwgxqGRRkkjXx4AaABAg,2026-06-02 06:56:16+00:00,AIvsHuman
Ugx63t3lMxEa-WabjM54AaABAg,2026-05-19 15:29:27+00:00,AIvsHuman
UgyOlgnSeYpkUKshD4l4AaABAg,2026-02-05 14:32:52+00:00,AIvsHuman
UgxmOK6R1MNhQfdCbOF4AaABAg,2026-06-26 06:52:19+00:00,AIvsHuman
UgxlbqDXUiRG3MzSkqN4AaABAg,2026-02-06 11:12:26+00:00,AIvsHuman
UgwOOJRMaSCAZIa5P4N4AaABAg,2026-02-07 19:04:02+00:00,AIvsHuman
UgwFsvQH42aq0SsQ1yV4AaABAg,2026-02-06 02:29:26+00:00,AIvsHuman
Ugz31WV_ektMHWdVgyF4AaABAg,2026-02-22 22:41:06+00:00,AIvsHuman
UgywFi1TpDgK5ycLwGl4AaABAg,2026-02-07 02:50:29+00:00,AIvsHuman
Ugyy7jqrJluVefkcTaR4AaABAg,2026-02-17 05:58:01+00:00,AIvsHuman
UgwQzEHadEAgQavq2D14AaABAg,2026-02-05 15:45:05+00:00,AIvsHuman
UgzxN_4rNXCEB9v2YGR4AaABAg,2026-02-09 13:55:57+00:00,AIvsHuman
Ugw8Zp4BnOCxUvrQ8g54AaABAg,2026-02-19 17:59:21+00:00,AIvsHuman
UgxEPiEcN_MOXPY1L0J4AaABAg,2026-02-05 22:17:43+00:00,AIvsHuman
UgwX7670U4jYDjFy4JZ4AaABAg,2026-02-05 16:31:26+00:00,AIvsHuman
UgymOHdNw0p42KloOH14AaABAg,2026-07-04 01:32:14+00:00,AIvsHuman
UgyWWMe9AzBuKuM5dx54AaABAg,2026-02-08 19:12:52+00:00,AIvsHuman
UgznlAmjKq_ZeaYcX5p4AaABAg,2026-02-06 21:10:35+00:00,AIvsHuman
UgzQjz0JqA8TfRNyS7B4AaABAg,2026-02-17 11:43:57+00:00,AIvsHuman
UgxMMW2DKNEirLIraMF4AaABAg,2025-12-09 17:03:15+00:00,AIvsHuman
UgxZmk2luG6TBQZgVEd4AaABAg,2025-12-11 16:42:01+00:00,AIvsHuman
Ugx1f-co7pgUEa_FB-J4AaABAg,2025-12-04 17:32:24+00:00,AIvsHuman
Ugx4qfW_4reuAr-BAK14AaABAg,2026-06-16 21:52:55+00:00,AIvsHuman
UgxgFkNXafmuGO6JqtR4AaABAg,2026-02-14 07:09:24+00:00,AIvsHuman
UgxmKkkR3QoCiUWMs1x4AaABAg,2025-06-11 12:35:58+00:00,AIvsHuman
UgxL-T9lhT96CXZ5yoR4AaABAg,2026-02-16 18:09:34+00:00,AIvsHuman
Ugz36pGvXBQm31nku8V4AaABAg,2024-05-03 01:45:51+00:00,AIvsHuman
UgwCIpok8TFG5xc7ghN4AaABAg,2024-11-10 15:50:59+00:00,AIvsHuman
UgxRa2TOVCEaziOvleR4AaABAg,2024-11-12 10:22:36+00:00,AIvsHuman
UgxHjic0MQiZJnRnVsN4AaABAg,2024-11-12 11:06:49+00:00,AIvsHuman
UgxNAnxemhFUugXVvc54AaABAg,2025-02-23 04:14:53+00:00,AIvsHuman
Ugxh4pBWCCyPXEntJO14AaABAg,2025-10-24 04:54:13+00:00,AIvsHuman
UgxZTuLG2M0EBVIRp394AaABAg,2024-11-15 06:06:49+00:00,AIvsHuman
Ugxl3qotllPyjd_wYnB4AaABAg,2025-08-17 10:17:55+00:00,AIvsHuman
UgzeP6YimgQD4awhQNR4AaABAg,2024-11-25 04:49:14+00:00,AIvsHuman
UgyNLL99yYgLS0PNyIJ4AaABAg,2025-09-21 23:22:35+00:00,AIvsHuman
Ugy6Hsr5mxJdptIeIJ94AaABAg,2024-11-11 23:40:56+00:00,AIvsHuman
UgyPzakV7L8RKppSKEV4AaABAg,2024-11-10 12:33:47+00:00,AIvsHuman
Ugzn8SokhUWQp-LU8MJ4AaABAg,2024-11-13 07:04:32+00:00,AIvsHuman
UgyRZx6x5lo4TnZmiMd4AaABAg,2025-12-23 23:57:02+00:00,AIvsHuman
UgzOfoZ1ih8lgB9QqI14AaABAg,2024-11-10 12:44:45+00:00,AIvsHuman
Ugyrguywh8f8Z9k5f2B4AaABAg,2024-11-10 14:28:15+00:00,AIvsHuman
UgzgWwnriew9O8pPlvJ4AaABAg,2024-11-12 11:17:48+00:00,AIvsHuman
UgyJEebxHOUAb_qYlUJ4AaABAg,2026-01-05 01:51:10+00:00,AIvsHuman
Ugwnu2NI2H7Smzf2vs54AaABAg,2025-01-09 05:09:59+00:00,AIvsHuman
UgzGLAkAby7aBhhT1054AaABAg,2025-04-01 05:19:09+00:00,AIvsHuman
UgzwRQkwPUdFItW-d_t4AaABAg,2024-11-10 15:30:16+00:00,AIvsHuman
Ugyk00-6sAMUwt4d7nt4AaABAg,2026-01-02 20:29:25+00:00,AIvsHuman
Ugzekgpaapz4Rp_3O454AaABAg,2024-11-18 09:21:03+00:00,AIvsHuman
Ugx7XXk5SCIEd9slJtl4AaABAg,2024-11-15 21:34:58+00:00,AIvsHuman
UgxfXkHC_Ccmhw4NeEJ4AaABAg,2026-05-27 23:26:32+00:00,AIvsHuman
UgyUjM7P1sLXn3R71_J4AaABAg,2024-12-02 15:34:40+00:00,AIvsHuman
UgxcXxuWLhKa82GWPKR4AaABAg,2024-11-11 18:11:09+00:00,AIvsHuman
UgyXexoFbadLmc0wU194AaABAg,2024-11-15 23:41:35+00:00,AIvsHuman
Ugzv8sI7SjIDF8ElwYJ4AaABAg,2026-01-03 05:13:40+00:00,AIvsHuman
Ugzt1BgpcKW9E9N8wHd4AaABAg,2025-08-23 23:30:34+00:00,AIvsHuman
UgwuK-kPmZc-uLngRk14AaABAg,2024-11-10 20:20:43+00:00,AIvsHuman
UgwpKq3awX3iwv_lMw54AaABAg,2025-08-25 00:43:37+00:00,AIvsHuman
Ugz5IHTMLStt6SVtjy14AaABAg,2025-08-25 05:08:19+00:00,AIvsHuman
UgxGc4rG0hBtRyXxSgJ4AaABAg,2025-08-26 19:43:06+00:00,AIvsHuman
UgzQYhja4FzOY87L1814AaABAg,2025-08-26 19:54:33+00:00,AIvsHuman
Ugw1DKQPlpf7nkb3nBN4AaABAg,2025-10-13 19:51:43+00:00,AIvsHuman
Ugz-k2OUM0hOnT596j94AaABAg,2025-08-30 09:00:54+00:00,AIvsHuman
UgyyzMz_EKLK08tqcdx4AaABAg,2025-09-02 02:08:27+00:00,AIvsHuman
UgyF_LdjZQ6JspQM5Ox4AaABAg,2025-08-26 20:08:48+00:00,AIvsHuman
UgwiZGnRjY43P6D1qZh4AaABAg,2025-10-21 13:57:28+00:00,AIvsHuman
UgwF1esISl7Q_GAAVpZ4AaABAg,2025-09-02 15:39:21+00:00,AIvsHuman
UgxOKQ3v6xzV9yP5NSd4AaABAg,2025-08-29 18:50:02+00:00,AIvsHuman
UgwOPW8YUjvz0QlSpld4AaABAg,2025-08-26 16:00:20+00:00,AIvsHuman
UgytNSgy8oartVrJhM54AaABAg,2026-03-08 07:34:16+00:00,AIvsHuman
Ugz2h2pp5ZhHQyH7yzZ4AaABAg,2025-08-26 15:32:25+00:00,AIvsHuman
UgzfBNKsIjQSgjjuxZF4AaABAg,2025-08-30 08:50:50+00:00,AIvsHuman
Ugywfbn_scaW4I7mjAt4AaABAg,2025-08-29 13:49:34+00:00,AIvsHuman
UgyanvJDedwUSSgAnep4AaABAg,2025-09-15 12:54:14+00:00,AIvsHuman
UgzT5AJikulY5xKLyo94AaABAg,2025-08-25 06:24:02+00:00,AIvsHuman
UgzNnwJ0yOxIg8VUIzJ4AaABAg,2025-09-09 15:53:13+00:00,AIvsHuman
UgzDZhWmAAJNL4YJ9mV4AaABAg,2025-09-09 08:42:07+00:00,AIvsHuman
UgzvMS5ylQqSZDLB0y94AaABAg,2026-01-14 02:45:28+00:00,AIvsHuman
UgzaxdjPSOiwnoTy7JR4AaABAg,2025-08-25 01:38:40+00:00,AIvsHuman
UgzVIXVtbH4TiAh2aCl4AaABAg,2025-08-30 12:35:52+00:00,AIvsHuman
Ugy7FO1Z7ObekAU_6bh4AaABAg,2025-08-25 02:55:56+00:00,AIvsHuman
UgzdzmZBrdfhi3mtlvt4AaABAg,2025-11-29 19:46:22+00:00,AIvsHuman
UgzucRGsdAsNoAPi6dp4AaABAg,2025-08-25 15:45:56+00:00,AIvsHuman
UgyQ3jDLyTsCIexPpVR4AaABAg,2025-08-26 14:29:59+00:00,AIvsHuman
UgyG6kj_j0l7_ZUw2H14AaABAg,2025-08-27 19:40:58+00:00,AIvsHuman
Ugy2DDt4yab8DCgGRRt4AaABAg,2026-07-02 16:30:06+00:00,AIvsHuman
Ugzzv9ssoM6fJODrXgx4AaABAg,2025-08-26 07:38:11+00:00,AIvsHuman
Ugzt9UrX94iBfpMfjSZ4AaABAg,2025-06-17 19:07:49+00:00,AIvsHuman
UgzLjIIJ9a8YHJpItj54AaABAg,2023-10-15 12:33:34+00:00,AIvsHuman
UgzU1zqByoHGGmw-UgV4AaABAg,2023-10-13 01:16:32+00:00,AIvsHuman
UgwhGH-BXgkEyu_orPJ4AaABAg,2023-10-29 21:27:33+00:00,AIvsHuman
UgwqP3rMDNfyaZyDzNp4AaABAg,2024-04-06 10:34:01+00:00,AIvsHuman
UgyC2d807jzkTexO-m94AaABAg,2025-02-23 15:02:03+00:00,AIvsHuman
UgxwncmZxmA3C0pAgjp4AaABAg,2023-10-12 19:41:20+00:00,AIvsHuman
Ugy1SqnLFQ49qL-BCyN4AaABAg,2024-03-28 09:48:01+00:00,AIvsHuman
UgzbtJ-58adGdAfkQ1F4AaABAg,2023-10-16 21:54:56+00:00,AIvsHuman
UgymTunxmZTjl3-5aV14AaABAg,2024-03-01 12:39:43+00:00,AIvsHuman
UgweUL_c54M8EUQjSHx4AaABAg,2023-10-16 01:47:44+00:00,AIvsHuman
UgxuliIx3ik0-9Co_Oh4AaABAg,2024-09-12 17:58:37+00:00,AIvsHuman
UgwtCcQCKjjxpIsGxfd4AaABAg,2023-11-03 06:57:17+00:00,AIvsHuman
UgyC8qrGHtvqYEGdnep4AaABAg,2024-02-20 18:04:32+00:00,AIvsHuman
Ugzc57esBKNTMCkx2zh4AaABAg,2024-03-18 05:59:43+00:00,AIvsHuman
UgyLAU6ClLGfmY7tHJt4AaABAg,2024-01-10 12:44:44+00:00,AIvsHuman
Ugxkjh-I0KXEBJqnfUx4AaABAg,2024-04-03 21:24:28+00:00,AIvsHuman
UgzLm8NiQHBSONq22V94AaABAg,2026-01-20 15:04:02+00:00,AIvsHuman
UgytfsZ22pJOzUtwFq14AaABAg,2025-08-08 16:01:15+00:00,AIvsHuman
UgyM64M1Kyn7UPXnKS14AaABAg,2024-04-03 20:10:55+00:00,AIvsHuman
Ugwqrct81U7IItfIPhB4AaABAg,2023-10-13 14:34:55+00:00,AIvsHuman
Ugy4jTa9D0R2OhWfNPZ4AaABAg,2023-10-12 18:58:16+00:00,AIvsHuman
Ugwxgyqs-vpeLw86IMJ4AaABAg,2023-11-22 13:39:50+00:00,AIvsHuman
UgyWCoza_JCIx4GBKWR4AaABAg,2024-08-19 06:26:56+00:00,AIvsHuman
UgyXbag6LgQmBSanQvl4AaABAg,2023-11-04 02:08:50+00:00,AIvsHuman
UgzkER75CXxEs6ylJLh4AaABAg,2023-10-12 21:10:44+00:00,AIvsHuman
Ugwl1wF0COpB47BJ_5h4AaABAg,2023-10-14 08:00:11+00:00,AIvsHuman
UgxIuJp9eOXQNE7kJJN4AaABAg,2023-11-14 19:07:56+00:00,AIvsHuman
UgyQrGErc28v5S4R_2h4AaABAg,2025-06-25 09:24:23+00:00,AIvsHuman
UgwPEghVOrqJcGzSniB4AaABAg,2024-05-21 16:03:32+00:00,AIvsHuman
UgwD01VUEXhcJ14K4K94AaABAg,2025-04-01 15:28:13+00:00,AIvsHuman
UgxXrbt9rQHE65wicrV4AaABAg,2025-04-11 11:19:18+00:00,AIvsHuman
UgzgIyvYOB3RsyG-YAR4AaABAg,2025-04-08 21:20:58+00:00,AIvsHuman
Ugxa836KtOeQ-4YS5wp4AaABAg,2025-06-24 17:09:12+00:00,AIvsHuman
UgzszroalItx-0iZUvp4AaABAg,2025-04-08 00:05:43+00:00,AIvsHuman
Ugye80A9_bkmd15q21h4AaABAg,2025-04-10 20:34:44+00:00,AIvsHuman
UgyZZNEmUArG13TSYZ14AaABAg,2025-04-12 06:07:24+00:00,AIvsHuman
Ugwnx2oVV2a74kIIpEd4AaABAg,2025-06-28 14:41:58+00:00,AIvsHuman
UgyufTA1o2kp39AbqvV4AaABAg,2025-04-09 17:13:29+00:00,AIvsHuman
Ugy_pPu36xpnPRNiicp4AaABAg,2025-04-09 22:54:02+00:00,AIvsHuman
UgxiGT3Jpac7rrudpyp4AaABAg,2025-04-14 14:31:34+00:00,AIvsHuman
UgyAn1W9f3Bv6i-pVfd4AaABAg,2025-05-07 07:22:46+00:00,AIvsHuman
UgxW24rYsa8Ck-iPciB4AaABAg,2025-05-05 13:44:16+00:00,AIvsHuman
Ugxr-OJbr0NHR8yI0EB4AaABAg,2025-04-14 16:49:19+00:00,AIvsHuman
UgwenXZU55Jw3AdRYA54AaABAg,2025-04-08 13:50:11+00:00,AIvsHuman
UgxHDThlVP7cA-vebk54AaABAg,2025-06-19 01:31:37+00:00,AIvsHuman
UgzN9KMTYaQf-tT0ARl4AaABAg,2025-04-14 00:23:19+00:00,AIvsHuman
Ugx_BArDQbHCiCZT3OF4AaABAg,2025-04-10 03:24:59+00:00,AIvsHuman
UgwdF1zHOmUtWQtM3Sd4AaABAg,2025-04-08 19:51:05+00:00,AIvsHuman
Ugyuvbx1rle9YWQ5wCJ4AaABAg,2025-07-24 05:10:25+00:00,AIvsHuman
UgxpybInoo3abb3kKSZ4AaABAg,2025-04-14 05:57:28+00:00,AIvsHuman
UgxgwNFb8RREJGK115N4AaABAg,2025-04-12 09:11:07+00:00,AIvsHuman
UgwF5Z-iVYs5lVZTptl4AaABAg,2025-04-13 06:09:50+00:00,AIvsHuman
UgxcElUDHG0d5bst6st4AaABAg,2025-05-21 12:01:24+00:00,AIvsHuman
UgxfgH2INQJ4J1qoD-V4AaABAg,2025-04-13 07:46:58+00:00,AIvsHuman
UgxXThFD954nBeNA6TJ4AaABAg,2025-04-11 02:56:55+00:00,AIvsHuman
UgxGMm4-jiCcip10iFF4AaABAg,2025-04-01 15:52:02+00:00,AIvsHuman
Ugw4c9ZEPYxQ0WGDDxZ4AaABAg,2026-06-28 02:12:27+00:00,AIvsHuman
UgxoFH0Ih0ktMB9wtP54AaABAg,2025-04-09 05:35:09+00:00,AIvsHuman
UgyyXVHZtEDFY1xAQyZ4AaABAg,2025-04-21 02:20:49+00:00,AIvsHuman
Ugx2VE0-SMZtSJiOyZh4AaABAg,2026-02-08 18:09:27+00:00,AIvsHuman
UgxecZFYKD0HKgykU854AaABAg,2026-02-08 20:10:35+00:00,AIvsHuman
Ugz26jpcYdsXA6ZCy-94AaABAg,2026-02-08 21:37:04+00:00,AIvsHuman
UgwUugbF26FfjradWwZ4AaABAg,2026-02-09 00:29:58+00:00,AIvsHuman
UgyJ1fvZ5fBYOpm0MFJ4AaABAg,2026-02-08 22:58:00+00:00,AIvsHuman
Ugx5wF-nDzdgneNCzHR4AaABAg,2026-04-03 16:03:29+00:00,AIvsHuman
Ugz5o8JQcV0Gysx-3WN4AaABAg,2026-02-09 05:12:50+00:00,AIvsHuman
UgwnovH-j8naEM2zOC14AaABAg,2026-02-09 01:53:43+00:00,AIvsHuman
UgyQO0wmPmERsQIw43l4AaABAg,2026-02-08 20:12:29+00:00,AIvsHuman
UgxBBydA30T-j227OmJ4AaABAg,2026-02-08 18:13:44+00:00,AIvsHuman
UgybrHwrndQHF9SOr2p4AaABAg,2026-02-09 16:52:12+00:00,AIvsHuman
UgyiY2C1RZPsny1tMy54AaABAg,2026-02-08 21:42:16+00:00,AIvsHuman
UgwZr_sxcoKDaB_3yfp4AaABAg,2026-02-09 00:07:11+00:00,AIvsHuman
UgySlyG4_hCEueJHyG14AaABAg,2026-02-12 08:19:02+00:00,AIvsHuman
UgzG7NXtwyHiBj9iLax4AaABAg,2026-02-08 22:34:17+00:00,AIvsHuman
UgweQTVzt9wnbaAQmGl4AaABAg,2026-03-30 19:52:40+00:00,AIvsHuman
UgxQwRApQjZOv7nIG_94AaABAg,2026-02-08 18:58:43+00:00,AIvsHuman
UgwD-NkWFebC23AeLVF4AaABAg,2026-02-09 12:19:49+00:00,AIvsHuman
UgxtkhPj1rh-lDfzb-J4AaABAg,2026-02-09 20:55:19+00:00,AIvsHuman
UgztTPFbk-8Gng01d2h4AaABAg,2026-02-09 15:36:35+00:00,AIvsHuman
UgyJsfYGB53FPgf1bPJ4AaABAg,2026-02-13 19:49:37+00:00,AIvsHuman
Ugz6qYs5f6NEvPnW9Np4AaABAg,2026-03-19 16:58:52+00:00,AIvsHuman
Ugy93357Y_r1Q3zn_7F4AaABAg,2026-02-08 21:37:28+00:00,AIvsHuman
UgxKf9IrfCvY7EoUsB94AaABAg,2026-02-08 19:19:51+00:00,AIvsHuman
Ugw3cWmgDEQzgrjzfU94AaABAg,2026-02-09 17:25:38+00:00,AIvsHuman
Ugx7_Z72ufap-Me-4OR4AaABAg,2026-02-09 11:10:05+00:00,AIvsHuman
Ugw_aDXkLUk4UJMoMZd4AaABAg,2026-02-13 19:22:33+00:00,AIvsHuman
Ugz6hTl9BOo7MlrgP_Z4AaABAg,2026-02-08 19:37:45+00:00,AIvsHuman
Ugy565D0IB2wwwq3h454AaABAg,2026-03-01 21:46:41+00:00,AIvsHuman
Ugy84QiGEXGUlIiu9Z54AaABAg,2026-02-08 21:10:30+00:00,AIvsHuman
UgxntiEsXwsOOnwDM8R4AaABAg,2022-12-24 16:35:22+00:00,AIvsHuman
UgyMaqYUdsGFf_miRzl4AaABAg,2022-12-24 16:32:09+00:00,AIvsHuman
UgyKbHpdsNieeXDy5g14AaABAg,2022-12-28 17:24:11+00:00,AIvsHuman
UgxK-8b2yQPehgQfoaN4AaABAg,2022-12-24 16:42:47+00:00,AIvsHuman
Ugzi_-Y01VEVG5NS6H94AaABAg,2024-07-20 20:46:13+00:00,AIvsHuman
Ugx2wVKFwrA8A4pIr8Z4AaABAg,2023-01-18 23:35:25+00:00,AIvsHuman
UgxrUcITTIf9gLcAsGJ4AaABAg,2022-12-27 15:31:05+00:00,AIvsHuman
Ugy8Gu69elt3anT7Geh4AaABAg,2022-12-24 16:52:46+00:00,AIvsHuman
UgwZP97udinaegDc8yp4AaABAg,2025-01-06 09:44:11+00:00,AIvsHuman
UgxCzVdx8mZquTXMyvZ4AaABAg,2022-12-24 16:51:18+00:00,AIvsHuman
UgwdrmVy3jzFcqIiT1N4AaABAg,2023-11-13 02:36:49+00:00,AIvsHuman
Ugxoxii6nglaP4CujSp4AaABAg,2024-11-11 19:39:55+00:00,AIvsHuman
UgxMToVHQiciL5NzBqp4AaABAg,2023-12-02 14:47:56+00:00,AIvsHuman
UgzlKeePXT4CoIoPCNl4AaABAg,2023-12-03 18:06:56+00:00,AIvsHuman
UgwWOPPiompXZ2C6VQ54AaABAg,2022-12-25 03:20:13+00:00,AIvsHuman
UgxdIl0Go6UITOL3U_N4AaABAg,2024-10-07 22:00:34+00:00,AIvsHuman
UgyRBBAQd3EDc0Qy-v54AaABAg,2022-12-30 14:24:33+00:00,AIvsHuman
UgwkRWnSv5RTFFvTcvF4AaABAg,2022-12-24 23:33:28+00:00,AIvsHuman
Ugyrt04jVDsYXOLduYN4AaABAg,2022-12-27 03:14:03+00:00,AIvsHuman
Ugy2xbJi_mOhfyHYZbh4AaABAg,2025-02-07 00:47:11+00:00,AIvsHuman
UgyyElhNxyo1yexoXMR4AaABAg,2023-11-11 23:58:18+00:00,AIvsHuman
UgwT9uT3GKJiPt5e3dl4AaABAg,2022-12-27 11:51:57+00:00,AIvsHuman
UgzRGfo9sC5EHs1He_14AaABAg,2022-12-27 23:40:46+00:00,AIvsHuman
UgxdjvGtflO4QzYX2QZ4AaABAg,2024-11-30 04:15:37+00:00,AIvsHuman
UgwBR09jVpEAE8-IWAB4AaABAg,2022-12-29 20:03:40+00:00,AIvsHuman
Ugwj5kCEJtqgl-Dq2FN4AaABAg,2022-12-28 20:02:54+00:00,AIvsHuman
UgxtJKdJxriKHV2-pXd4AaABAg,2023-01-04 03:53:51+00:00,AIvsHuman
UgzLDo2jWjSaPCR79LV4AaABAg,2023-12-11 13:56:10+00:00,AIvsHuman
UgwUCezcH2y6ncbKuP54AaABAg,2022-12-24 16:58:09+00:00,AIvsHuman
Ugwu6RoYTiCefgWqcMh4AaABAg,2022-12-24 16:33:57+00:00,AIvsHuman
UgyXHsabE0Q8Kzaxuxx4AaABAg,2026-05-24 11:09:37+00:00,AIvsHuman
UgwFU-7IWZs5xn75Gb14AaABAg,2025-09-25 07:03:53+00:00,AIvsHuman
Ugxsvqrjwt_xh0X-mGt4AaABAg,2026-06-30 18:18:26+00:00,AIvsHuman
UgxfdBPDp_wTqa3ZO5Z4AaABAg,2025-10-11 21:34:16+00:00,AIvsHuman
Ugz_ZRkr0xrwMSNyGj94AaABAg,2026-05-16 23:07:44+00:00,Eurovision
Ugz4MVMA9uw54hnIkQB4AaABAg,2026-05-17 08:09:22+00:00,Eurovision
UgybRTHk7fT6-F96mGN4AaABAg,2026-05-17 09:22:13+00:00,Eurovision
UgxaIfokmeYfvW7nY254AaABAg,2026-06-21 21:50:57+00:00,Eurovision
UgwtROvmsWceG9gbbnp4AaABAg,2026-05-16 23:25:23+00:00,Eurovision
UgysBGAsnu9eVaFM-eZ4AaABAg,2026-06-06 16:22:56+00:00,Eurovision
Ugyr1jS687Y-IJH3el14AaABAg,2026-06-19 05:30:31+00:00,Eurovision
UgxxqYJpEPXR4JYoejp4AaABAg,2026-05-18 21:32:56+00:00,Eurovision
UgxPjEvCc-Kl0htVt4J4AaABAg,2026-05-17 09:21:58+00:00,Eurovision
UgyjSRkMxfQqmqBCIP14AaABAg,2026-05-22 19:34:53+00:00,Eurovision
Ugxe0IWVebkIS5L7RcR4AaABAg,2026-06-14 21:07:54+00:00,Eurovision
Ugz3eRtwINaTQwHELZ14AaABAg,2026-05-16 23:33:56+00:00,Eurovision
UgwLWovttaq9Gx9EqKB4AaABAg,2026-05-16 23:56:50+00:00,Eurovision
Ugy5P0bcr7FcvFRyOO54AaABAg,2026-05-17 22:04:28+00:00,Eurovision
UgwoeJ8dNS06b09v7ox4AaABAg,2026-07-04 01:50:57+00:00,Eurovision
UgzQGCwDHaPnoxfwiM14AaABAg,2026-05-18 07:37:47+00:00,Eurovision
UgxbvxQDZO6QnC9c58V4AaABAg,2026-05-17 14:49:00+00:00,Eurovision
UgwuuzyI56FwZB1EHiR4AaABAg,2026-05-16 23:03:24+00:00,Eurovision
UgyZ7xDeYv7iGqB82wR4AaABAg,2026-07-12 05:34:33+00:00,Eurovision
UgwjreByLjWvzaQ87uN4AaABAg,2026-05-17 14:46:30+00:00,Eurovision
Ugx4YnLjl4El8WB-TtJ4AaABAg,2026-05-17 14:26:15+00:00,Eurovision
UgwfMqIVd6z622IUQqF4AaABAg,2026-05-20 20:40:43+00:00,Eurovision
Ugwcj6yJS1AznKrwuUx4AaABAg,2026-06-21 01:54:08+00:00,Eurovision
UgxpOI8WRwLnoGd148d4AaABAg,2026-05-18 21:21:03+00:00,Eurovision
Ugx8_nSD6DmHCYQrEuB4AaABAg,2026-05-26 17:03:37+00:00,Eurovision
UgyjkESqXd4khFODfgJ4AaABAg,2026-05-16 20:13:12+00:00,Eurovision
Ugy82HzjcRxCtwwK31Z4AaABAg,2026-05-17 00:51:03+00:00,Eurovision
UgzGrcEi0c5w_qBk_xh4AaABAg,2026-05-19 11:28:48+00:00,Eurovision
UgwNFELAbDs3_oIwj9J4AaABAg,2026-05-17 00:12:26+00:00,Eurovision
UgzLKygAyDRlP5QpobJ4AaABAg,2026-05-17 01:40:45+00:00,Eurovision
Ugwyu1y2JnZmTM71IC14AaABAg,2026-05-19 01:42:20+00:00,Eurovision
UgzzEQNIZeHIUQZCkwR4AaABAg,2026-05-16 23:52:00+00:00,Eurovision
UgwgAH6f8cFsgpwf7-54AaABAg,2026-05-16 20:12:42+00:00,Eurovision
Ugz6pAOhSOY7pUhT1PR4AaABAg,2026-05-16 20:18:47+00:00,Eurovision
UgxIjDucWZu28FqNugp4AaABAg,2026-05-16 20:33:41+00:00,Eurovision
UgybrbRbQT02sQ-Fjt14AaABAg,2026-05-18 17:56:24+00:00,Eurovision
UgxJ4UDYfmbdPbKXPOJ4AaABAg,2026-05-16 20:11:07+00:00,Eurovision
Ugz28PTlQpsLZuODffR4AaABAg,2026-05-16 20:22:06+00:00,Eurovision
UgwT4yzqbmufiRMAzG94AaABAg,2026-05-19 09:30:22+00:00,Eurovision
UgwgPMI2cdfCALrASfJ4AaABAg,2026-05-16 20:10:37+00:00,Eurovision
UgzykBzfgo9J1VBMdbV4AaABAg,2026-05-16 23:26:28+00:00,Eurovision
UgzTIBhIGbrlfbtSiUF4AaABAg,2026-05-18 17:26:16+00:00,Eurovision
UgxR4wKZAF59f9uHQAV4AaABAg,2026-05-16 20:25:08+00:00,Eurovision
UgxG7X5X1LYfPvLsv_p4AaABAg,2026-05-16 20:11:07+00:00,Eurovision
Ugww6cYaOIaK2JFkE0l4AaABAg,2026-05-16 20:11:09+00:00,Eurovision
Ugxj-1M-JH_ROPcKHz14AaABAg,2026-05-16 20:13:00+00:00,Eurovision
UgyBH2MRL38LW-n96IZ4AaABAg,2026-05-18 07:09:16+00:00,Eurovision
UgyoUunrUsAqk00A7t54AaABAg,2026-05-16 20:37:18+00:00,Eurovision
UgxIhT-6WGhdG1E7ZoR4AaABAg,2026-05-16 20:44:58+00:00,Eurovision
UgxFZVaVnv-0MIPAhWl4AaABAg,2026-05-17 14:38:43+00:00,Eurovision
UgyMANd16xS_zD7Rkwt4AaABAg,2022-02-28 21:26:58+00:00,Eurovision
UgxcGqeiHkAki8MPtS94AaABAg,2025-11-14 19:23:51+00:00,Eurovision
UgyMvQXxyAzL7xdrZ994AaABAg,2022-03-07 14:37:14+00:00,Eurovision
UgxhtxvCZbWvKYcq1RF4AaABAg,2026-07-08 11:25:00+00:00,Eurovision
UgyFLjOgwzM2xvGRddB4AaABAg,2022-02-28 21:03:50+00:00,Eurovision
UgxONsL5HPFXBNRkHbh4AaABAg,2022-03-01 00:13:01+00:00,Eurovision
UgwkiB6olmpe99oQCJJ4AaABAg,2026-07-10 18:41:15+00:00,Eurovision
UgyvsdhuARO-CywE4kN4AaABAg,2022-04-03 21:51:05+00:00,Eurovision
Ugy2eqeCJoEbPjINKdR4AaABAg,2022-03-09 02:12:35+00:00,Eurovision
UgwaQMinYbadpngUuDx4AaABAg,2026-06-25 06:32:57+00:00,Eurovision
UgwEwr7LtxUljsICWT54AaABAg,2022-08-04 03:23:41+00:00,Eurovision
UgzKK3K4emto5jd2Hv14AaABAg,2022-03-01 11:13:03+00:00,Eurovision
UgxX-EpOH7JwvlBTcKp4AaABAg,2022-02-28 21:04:51+00:00,Eurovision
UgwvQmwjxjrdKSVdcDx4AaABAg,2022-03-01 15:47:46+00:00,Eurovision
Ugy5e2XSmtgYNSINGDt4AaABAg,2022-03-04 01:09:15+00:00,Eurovision
UgwG5EX0OiJpG8uXn4J4AaABAg,2026-05-31 22:56:42+00:00,Eurovision
UgykueX_1AD7fCT1tsV4AaABAg,2022-02-28 21:14:42+00:00,Eurovision
UgyZ6GIsdaOKqHjUaWp4AaABAg,2022-02-28 21:17:12+00:00,Eurovision
UgwQO4jfH-KCJqL7viB4AaABAg,2022-03-02 18:24:55+00:00,Eurovision
Ugwd7_4g5VKbb7xGB4R4AaABAg,2023-02-10 16:22:45+00:00,Eurovision
UgzsuoxfpOy1GKEX4Nd4AaABAg,2022-03-02 22:44:39+00:00,Eurovision
UgwGrtQylFqQK6aLgKV4AaABAg,2025-08-13 20:12:43+00:00,Eurovision
UgyRC8qskdRrqf5SK5l4AaABAg,2022-03-09 13:02:11+00:00,Eurovision
UgwlOySy_mHBrImAA_V4AaABAg,2022-04-26 22:14:21+00:00,Eurovision
UgwnRPE-Fx6K0FnYidh4AaABAg,2022-02-28 21:59:03+00:00,Eurovision
UgwJ3RkoibfSMf--jTt4AaABAg,2026-05-16 19:14:01+00:00,Eurovision
UgxraO9OO0lU4w-b2od4AaABAg,2026-05-16 23:38:40+00:00,Eurovision
UgwqQN35EkOt1Dxp1id4AaABAg,2024-05-12 15:02:04+00:00,Eurovision
UgyPBxt-kDvfiFmxY_l4AaABAg,2026-05-11 07:58:35+00:00,Eurovision
UgzD29K62M79i8I4qsx4AaABAg,2018-05-02 10:00:25+00:00,Eurovision
Ugwx3yliwjW0kVw06md4AaABAg,2021-06-09 10:28:52+00:00,Eurovision
UgxXiQByIyZmMW9bJ054AaABAg,2020-04-29 12:34:35+00:00,Eurovision
UgzOEhUoJlTBD_38tzp4AaABAg,2022-05-19 07:18:51+00:00,Eurovision
UgjnIIVXef-b33gCoAEC,2016-12-15 16:35:15+00:00,Eurovision
Ugyzga6wfyLXTxS7U2d4AaABAg,2020-04-02 15:31:52+00:00,Eurovision
UgxDuX5_JUhEUSQu0ep4AaABAg,2024-05-09 21:26:57+00:00,Eurovision
UgyX2CZDeDBWpwNAnpd4AaABAg,2021-05-23 20:17:35+00:00,Eurovision
UgxDSdDaRSyrEsKkDRh4AaABAg,2025-03-26 15:55:45+00:00,Eurovision
UgxXvjXujw0OQYHp4d54AaABAg,2022-04-08 18:50:54+00:00,Eurovision
UgxivB1BRrsPDCIf-od4AaABAg,2020-08-05 11:36:11+00:00,Eurovision
UgydKbRNJ4i6w4_-q4x4AaABAg,2022-06-16 08:10:18+00:00,Eurovision
Ugxz9ImoZitkD3AKTcZ4AaABAg,2025-05-02 02:06:51+00:00,Eurovision
UgwkvTaF5aCv32hBNBl4AaABAg,2023-04-01 11:53:29+00:00,Eurovision
Ugx1bBYLDeD4dnMjlWV4AaABAg,2020-12-05 15:42:00+00:00,Eurovision
UgzMm4LggxO707g2v4J4AaABAg,2021-05-20 10:31:42+00:00,Eurovision
UgwaElpf0jqReRDHQCx4AaABAg,2026-02-18 19:43:53+00:00,Eurovision
UgzmC9mQbYkzjzLnhb14AaABAg,2020-06-02 15:40:33+00:00,Eurovision
Ugzro4_xsbVrVHJJUiN4AaABAg,2021-04-30 18:17:52+00:00,Eurovision
Ugy-kN--_eGju5AE--x4AaABAg,2021-02-27 18:21:33+00:00,Eurovision
UgyQlbs7jWw0XTMtO2V4AaABAg,2025-08-25 08:04:08+00:00,Eurovision
UgxXHUO0TUzSBOWGZCV4AaABAg,2026-05-16 21:39:29+00:00,Eurovision
Ugyquba6QFqxXN_3B5Z4AaABAg,2026-05-17 14:02:05+00:00,Eurovision
Ugx0gXBKvWUfvgcbBLV4AaABAg,2026-05-16 21:32:52+00:00,Eurovision
Ugzf-L9neWVMFCoDInB4AaABAg,2026-05-16 21:31:05+00:00,Eurovision
UgwjHMOq39Mr_9ifoId4AaABAg,2026-05-18 19:58:44+00:00,Eurovision
UgzAGNBNd_HXsdjEXSl4AaABAg,2026-05-16 21:30:57+00:00,Eurovision
UgzPEPyUz5IfbFn_ZgF4AaABAg,2026-05-17 00:53:36+00:00,Eurovision
Ugz27g3SfLYkoZgQPhd4AaABAg,2026-05-16 21:32:53+00:00,Eurovision
UgzhKHblOW3_hywCK2h4AaABAg,2026-05-18 10:22:28+00:00,Eurovision
UgxT49vMoGFJF9sZ4sh4AaABAg,2026-05-17 10:58:36+00:00,Eurovision
Ugxi0vs1n0GoR-3-rJ94AaABAg,2026-05-16 21:31:43+00:00,Eurovision
Ugwqz-RkJzC0gx7KvFt4AaABAg,2026-05-23 19:51:59+00:00,Eurovision
UgzTJrTrn9oF4Q7Bprl4AaABAg,2026-05-16 21:42:25+00:00,Eurovision
UgzfU2OSWtxvI5mJ1XB4AaABAg,2026-05-25 05:03:16+00:00,Eurovision
UgxR83IwIPj6wj28Xjt4AaABAg,2026-05-16 21:45:11+00:00,Eurovision
UgwPCf2PI-m5BljvjwF4AaABAg,2026-05-17 22:09:22+00:00,Eurovision
Ugxe0iNlC4xhHp0PtRd4AaABAg,2026-05-16 21:37:06+00:00,Eurovision
UgweyJMgVG5_tcySS3x4AaABAg,2026-05-17 15:58:52+00:00,Eurovision
UgxPi4JWYhiXCHpWyv94AaABAg,2026-05-16 21:30:23+00:00,Eurovision
UgyVdjgdz1WladyPyXd4AaABAg,2026-05-17 06:26:31+00:00,Eurovision
UgzseAR6QJo6aPceFpJ4AaABAg,2026-05-16 21:36:01+00:00,Eurovision
UgxmiKihpnB4lhowQj54AaABAg,2026-07-05 12:20:15+00:00,Eurovision
UgwS7hiAnmrq4xjhr7R4AaABAg,2026-05-16 21:53:41+00:00,Eurovision
Ugwl_XXwOykHvY6M8BV4AaABAg,2026-05-17 06:11:58+00:00,Eurovision
Ugy3qIOfSY_hp-MrrHB4AaABAg,2026-05-16 21:47:20+00:00,Eurovision
Ugya1TbUcN06UHhs8Mt4AaABAg,2025-12-11 17:20:44+00:00,Eurovision
Ugw101TZWx4EOsA7AuB4AaABAg,2026-04-28 03:22:48+00:00,Eurovision
Ugy6jFfo87iPQlzyDXt4AaABAg,2025-09-24 10:58:33+00:00,Eurovision
UgyOMrHOQhMLbaSk3aF4AaABAg,2026-06-01 22:31:46+00:00,Eurovision
UgyXHsJWgsof8sKTO1Z4AaABAg,2025-09-30 07:27:35+00:00,Eurovision
UgwyAeDyhbMs2n2Bp8F4AaABAg,2026-02-05 20:47:16+00:00,Eurovision
UgxcuO0BwiQ0zAgn2A94AaABAg,2026-06-09 16:49:19+00:00,Eurovision
Ugzb2D-AxBLeQSjsnT14AaABAg,2025-10-13 01:24:29+00:00,Eurovision
Ugxv1AMqsyJgSZoVQ0p4AaABAg,2025-09-14 08:08:46+00:00,Eurovision
UgzZdQ9LSGcIYULXLBp4AaABAg,2025-11-05 19:12:26+00:00,Eurovision
UgxmSc8jmxqAHYMKPpF4AaABAg,2026-05-24 08:58:31+00:00,Eurovision
Ugx6tD9bbwJIO2TEQu14AaABAg,2026-03-07 00:04:03+00:00,Eurovision
UgxTflZMFFTBIzQ9a054AaABAg,2026-01-15 21:36:41+00:00,Eurovision
UgxOSlQQtzGewmj7aZJ4AaABAg,2026-04-25 09:59:07+00:00,Eurovision
UgxTc3X2_gU6uA72XkR4AaABAg,2025-12-07 16:38:55+00:00,Eurovision
UgyJk_j2k3vtrjZs2yx4AaABAg,2026-06-02 19:50:16+00:00,Eurovision
UgzSUtD-YjEC1WCkYkF4AaABAg,2026-02-02 19:58:40+00:00,Eurovision
UgzEfhkkB0CIkY4ntsp4AaABAg,2026-02-18 19:49:12+00:00,Eurovision
Ugx4Nn5EVJa8Fekl3HF4AaABAg,2025-10-11 07:49:42+00:00,Eurovision
UgznYEnruvyHdN0kSot4AaABAg,2026-05-21 17:56:22+00:00,Eurovision
UgxoCI6cvcPOKksa4lp4AaABAg,2025-12-30 02:44:03+00:00,Eurovision
UgxK1x3CJk0wy8VimE94AaABAg,2025-11-27 00:33:10+00:00,Eurovision
UgyG-tzBOf0XointGgR4AaABAg,2026-06-24 15:48:52+00:00,Eurovision
Ugwp2a5yD0qTsUavVBl4AaABAg,2025-09-21 16:46:41+00:00,Eurovision
UgxG4HtGBEvMzCD3rY94AaABAg,2026-02-08 15:33:07+00:00,Eurovision
UgwOWjNDqnMrT3TjE3t4AaABAg,2026-05-15 00:22:01+00:00,Eurovision
UgwHAz-L5_rDYG_-I0N4AaABAg,2026-05-14 20:18:09+00:00,Eurovision
UgydWcjsJ05JIP7UDv54AaABAg,2026-05-14 19:46:52+00:00,Eurovision
Ugy_vFqvrU35j-3y5gd4AaABAg,2026-06-11 11:46:59+00:00,Eurovision
Ugx-i_IbwtRoC6nYa-x4AaABAg,2026-05-15 06:41:59+00:00,Eurovision
Ugy6BO76IqqtQaDqM5Z4AaABAg,2026-05-14 21:23:24+00:00,Eurovision
UgzBh_Et6bQw4CxTeil4AaABAg,2026-05-14 20:07:08+00:00,Eurovision
UgwM5GBBgLGJK6e1_eF4AaABAg,2026-06-27 17:27:32+00:00,Eurovision
Ugz4fAbIwKoxd6fHwkx4AaABAg,2026-05-14 19:36:28+00:00,Eurovision
Ugz4PELW3l9ubSRvA8J4AaABAg,2026-05-14 19:35:26+00:00,Eurovision
Ugw10s-63bMSb21SijF4AaABAg,2026-05-15 08:01:24+00:00,Eurovision
UgzUyjbUdxwpe6e5ijN4AaABAg,2026-06-07 06:21:47+00:00,Eurovision
Ugy6VcNBRvRNEEEZSWp4AaABAg,2026-05-14 19:43:47+00:00,Eurovision
Ugx6-AOurRvum9NLKe14AaABAg,2026-05-14 20:34:17+00:00,Eurovision
UgwB_3T9xpBMgW1Ewmh4AaABAg,2026-05-15 07:32:59+00:00,Eurovision
UgzaQT9Q3ynW2S0hted4AaABAg,2026-05-25 22:09:10+00:00,Eurovision
Ugx9DqhHK2ZQxtdc9-94AaABAg,2026-05-14 19:51:33+00:00,Eurovision
Ugyj2jva9P1PKzp-63N4AaABAg,2026-05-14 19:54:57+00:00,Eurovision
UgyGtoX-THn4Tm84A5N4AaABAg,2026-05-14 19:49:52+00:00,Eurovision
UgzfeGYASun28LeMRiZ4AaABAg,2026-05-26 20:21:20+00:00,Eurovision
Ugwr4wSUsJbdlAtwDc94AaABAg,2026-05-15 05:04:57+00:00,Eurovision
UgwUeyzcjTD-HP2fBQB4AaABAg,2026-05-14 21:39:00+00:00,Eurovision
UgxmK8iGohfQEnWxXnd4AaABAg,2026-05-14 21:55:28+00:00,Eurovision
Ugy2s7JFjlvkWDmVjaB4AaABAg,2026-06-06 19:02:33+00:00,Eurovision
Ugw4HATqeA5dMoWHivt4AaABAg,2026-05-14 19:41:05+00:00,Eurovision
UgwGrM548t8qWoy_IUJ4AaABAg,2026-05-13 01:25:33+00:00,Eurovision
Ugx7sGrRh_3bV4c-4UB4AaABAg,2026-05-12 21:28:05+00:00,Eurovision
UgwFzixb7F59kx8iZf54AaABAg,2026-05-13 16:09:25+00:00,Eurovision
UgzLaQk2zkaF4eTxGtN4AaABAg,2026-05-19 06:03:56+00:00,Eurovision
Ugyxzx7lJHLTn6-_Hmp4AaABAg,2026-05-13 06:23:12+00:00,Eurovision
UgzkSVNaM2Ry-Igixtl4AaABAg,2026-05-12 20:18:00+00:00,Eurovision
UgyVNbxCy-WMZ0baVmR4AaABAg,2026-05-12 22:39:39+00:00,Eurovision
UgyeOC21QWde_6ebOuR4AaABAg,2026-05-16 07:43:25+00:00,Eurovision
UgxD_GYwNEIv_F9Rfht4AaABAg,2026-05-12 22:06:19+00:00,Eurovision
UgzgvSZPlXSFo06SFZp4AaABAg,2026-05-12 20:19:02+00:00,Eurovision
UgwaTH9YKbqMbZnICVR4AaABAg,2026-05-12 20:45:18+00:00,Eurovision
UgzCiNH92kTGTUZFdlN4AaABAg,2026-05-16 12:24:35+00:00,Eurovision
Ugyw6gcmdqTC3z381pB4AaABAg,2026-05-12 21:34:43+00:00,Eurovision
UgwU1H0w5jk9jpMT9mF4AaABAg,2026-05-12 20:02:43+00:00,Eurovision
UgwxV6ym5WSeH0QIvN94AaABAg,2026-05-12 20:10:35+00:00,Eurovision
Ugy044QUE7-NkuWskQt4AaABAg,2026-05-16 15:22:57+00:00,Eurovision
Ugyh4Z-qi6ric_neXCh4AaABAg,2026-05-13 12:54:45+00:00,Eurovision
Ugy006Q9YDrQTiWfgap4AaABAg,2026-05-12 21:39:15+00:00,Eurovision
UgzJ5-bDJ4tqJBp3TlF4AaABAg,2026-05-12 20:40:57+00:00,Eurovision
UgzrcZEGHl9zORN39xB4AaABAg,2026-05-16 08:09:29+00:00,Eurovision
Ugx4y66Wi7wJ7yeGMgJ4AaABAg,2026-05-13 00:34:56+00:00,Eurovision
Ugwy2ptKKwdMpW6Rfeh4AaABAg,2026-05-13 14:40:04+00:00,Eurovision
UgyFNR63jiX8QnTlm2l4AaABAg,2026-05-12 20:56:03+00:00,Eurovision
UgwK6rs_s6-4VQsUFRF4AaABAg,2026-05-16 08:05:21+00:00,Eurovision
UgwKQZJxgnPeWQVhW_J4AaABAg,2026-05-12 20:17:05+00:00,Eurovision
UgxGENxOsCd9ng-pYIV4AaABAg,2026-02-25 11:35:25+00:00,Eurovision
UgxoKEdX2BfmZ9R4imJ4AaABAg,2026-02-16 14:24:52+00:00,Eurovision
Ugz4bDN0Oj9I81Rdpt54AaABAg,2026-02-16 13:02:12+00:00,Eurovision
UgxMZuwM1nz-KkJTMDB4AaABAg,2026-03-03 10:22:06+00:00,Eurovision
UgxbGoH_mI0Ei1MvDbN4AaABAg,2026-02-16 18:53:00+00:00,Eurovision
Ugym7YefovFrPSSFb1N4AaABAg,2026-02-16 14:34:32+00:00,Eurovision
Ugyz2baYmaZmMKrNeaF4AaABAg,2026-02-18 06:24:35+00:00,Eurovision
UgxOFNcuhXXq89HBmeB4AaABAg,2026-03-03 15:02:52+00:00,Eurovision
Ugxl8bjRRKxS_BPBWnt4AaABAg,2026-02-18 23:34:16+00:00,Eurovision
Ugx5hENjxAYAntiIsaJ4AaABAg,2026-02-16 13:09:03+00:00,Eurovision
Ugwd-drMb6XRPVzi07l4AaABAg,2026-03-02 19:27:24+00:00,Eurovision
UgxFZQ2w6X8yspDO1KJ4AaABAg,2026-02-16 19:00:59+00:00,Eurovision
Ugx3BxLPv8rpBONLmFx4AaABAg,2026-02-16 13:05:56+00:00,Eurovision
Ugyh4BEJOGIpShXzG3J4AaABAg,2026-02-17 03:02:32+00:00,Eurovision
UgytBRgcMPi43BXsJ394AaABAg,2026-03-04 17:19:45+00:00,Eurovision
UgwZB3skI_ub5SNnstZ4AaABAg,2026-02-20 21:29:00+00:00,Eurovision
UgxYnOIX517wi0qrGJR4AaABAg,2026-02-23 14:36:37+00:00,Eurovision
UgxYeiB1n-kdW6kReUR4AaABAg,2026-02-16 13:34:49+00:00,Eurovision
UgzKPgxo6F3SjdQQRS54AaABAg,2026-03-02 10:34:47+00:00,Eurovision
UgycrdRlfZEx98XWqNV4AaABAg,2026-02-17 23:51:11+00:00,Eurovision
UgyG2hbgo5i-Sq46cVl4AaABAg,2026-02-16 13:12:13+00:00,Eurovision
UgxhTY3Fvds1Wfc1MJN4AaABAg,2026-02-16 13:23:17+00:00,Eurovision
UgzGJEk6DW_ezxnh9nN4AaABAg,2026-02-17 20:55:24+00:00,Eurovision
Ugx9UTLfUbzJmaBAckd4AaABAg,2026-02-16 19:01:04+00:00,Eurovision
UgzfhHjYWoelXS6XCnl4AaABAg,2026-02-16 13:15:56+00:00,Eurovision
Ugyp-5tQmQBVgSH4qv94AaABAg,2025-04-19 11:07:12+00:00,Eurovision
UgzPDZQdKtSKUZ8WNKR4AaABAg,2025-04-19 12:53:31+00:00,Eurovision
UgwxYu9ze135ZB01jg14AaABAg,2025-04-19 11:05:34+00:00,Eurovision
UgyP28uOt3N8i1r71Ht4AaABAg,2025-05-16 18:05:11+00:00,Eurovision
UgzIEZb4gHi8bSBZrMN4AaABAg,2025-04-19 23:07:24+00:00,Eurovision
UgxFKQ20GRzh5KtIv_J4AaABAg,2025-04-19 11:56:57+00:00,Eurovision
Ugx7GeHJX29nwubbys14AaABAg,2025-05-13 06:10:19+00:00,Eurovision
Ugz__1AFE35rGWWMLON4AaABAg,2025-08-05 05:15:04+00:00,Eurovision
Ugw5nF8nz5eoFcu3Bht4AaABAg,2025-04-25 12:23:46+00:00,Eurovision
UgzNyoI-DB3Ropfloyt4AaABAg,2025-04-28 11:35:37+00:00,Eurovision
UgwqPdZGerZ05uA6Tad4AaABAg,2025-05-20 17:41:11+00:00,Eurovision
Ugyo9PKXmyL-9P3Wfgp4AaABAg,2026-05-19 11:00:25+00:00,Eurovision
UgwNOjvGsz5B8oPZJSF4AaABAg,2026-02-19 18:17:46+00:00,Eurovision
UgxQqbaGBEQqJebnUnR4AaABAg,2025-05-27 13:14:06+00:00,Eurovision
UgxQ_coJvbeOfbq3H3d4AaABAg,2025-06-09 16:04:02+00:00,Eurovision
UgzTS13-YNnp6lHZfQ94AaABAg,2025-04-24 19:29:38+00:00,Eurovision
UgwollDR4jSjhHAkyoJ4AaABAg,2025-06-03 10:03:40+00:00,Eurovision
UgyoYnei53B9CG-RVRt4AaABAg,2025-05-24 10:37:00+00:00,Eurovision
Ugw8q7LNYODPmdgM42h4AaABAg,2025-05-21 18:53:01+00:00,Eurovision
UgxbkA_uUc0wJItBjV54AaABAg,2026-02-22 21:08:59+00:00,Eurovision
UgwiZ699f8tZF7Rlflt4AaABAg,2026-05-18 20:27:30+00:00,Eurovision
Ugyd5f61lrgE90wCR6J4AaABAg,2025-05-21 18:07:52+00:00,Eurovision
Ugy1z7R2XM-gnBcT9-Z4AaABAg,2025-05-23 22:56:23+00:00,Eurovision
Ugz6Pdmx9CvuA2fjSyp4AaABAg,2026-05-17 18:10:10+00:00,Eurovision
UgzBdom3HOgWEZqKObh4AaABAg,2026-02-18 17:58:54+00:00,Eurovision
