id;topic;video_id;video_title;text;author;timestamp;like_count
UgzWVRZ_47oUAr11vk54AaABAg;FIFA World Cup 2026;6HaHNYjnghE;Highlights | Spain 1-0 Argentina | FIFA World Cup 2026™ FINAL;The most deserved win at the whole tournament. Absolute domination;@Toftolini8393;2026-07-20T00:19:21Z;16063
Ugzyu5tQ4xFCLNnQk_Z4AaABAg;FIFA World Cup 2026;6HaHNYjnghE;Highlights | Spain 1-0 Argentina | FIFA World Cup 2026™ FINAL;Spain had more goals disallowed than Argentina even attempted ;@JonnyJKF;2026-07-20T00:31:18Z;10579
Ugw14A8gvyoh7uu-MLB4AaABAg;FIFA World Cup 2026;6HaHNYjnghE;Highlights | Spain 1-0 Argentina | FIFA World Cup 2026™ FINAL;That goalkeeper contributed more than the whole team.;@StudyingOnly-qv6gs;2026-07-20T05:25:29Z;6009
Ugyj66MjgsSwGj2H9PB4AaABAg;FIFA World Cup 2026;6HaHNYjnghE;Highlights | Spain 1-0 Argentina | FIFA World Cup 2026™ FINAL;Fun fact: Argentina had no shots on goal for the entire 120 minutes, implying that Spain could have won even without the goalkeeper;@karlaursula;2026-07-22T07:41:47Z;1122
UgyQEErcOLPdwEGxXrx4AaABAg;FIFA World Cup 2026;6HaHNYjnghE;Highlights | Spain 1-0 Argentina | FIFA World Cup 2026™ FINAL;Argentina did not deserve to play in the World Cup final because they relied on excessive physicality, dirty play, and gamesmanship rather than fair competition.;@whitneygently3755;2026-07-20T00:35:25Z;8840
UgyOrqXa36oB98MHBCp4AaABAg;FIFA World Cup 2026;6HaHNYjnghE;Highlights | Spain 1-0 Argentina | FIFA World Cup 2026™ FINAL;Spain overwhelmed Argentina in both performance and manners.;@sjsj09;2026-07-20T01:28:53Z;6655
UgweWBuU-mK920tSADR4AaABAg;FIFA World Cup 2026;6HaHNYjnghE;Highlights | Spain 1-0 Argentina | FIFA World Cup 2026™ FINAL;"Not a single attack of Argentina in highlights!

This shows the absolute dominance of Spain. Well deserved 🎉";@AbhishekSingh-yh7ce;2026-07-20T04:42:00Z;5825
Ugxy8J51BiBiYZ581rp4AaABAg;FIFA World Cup 2026;6HaHNYjnghE;Highlights | Spain 1-0 Argentina | FIFA World Cup 2026™ FINAL;As Turks, we were rooting for Spain and praying for their success. We are ecstatic that Spain won this match. Congratulations, Spain! You truly earned it;@etelevy;2026-07-22T13:47:07Z;568
UgxE4HZnM-0LvqYKjLh4AaABAg;FIFA World Cup 2026;6HaHNYjnghE;Highlights | Spain 1-0 Argentina | FIFA World Cup 2026™ FINAL;The game was basically Spain vs Martinez ft. Argentina;@standard-carrier-wo-chan;2026-07-20T01:24:33Z;5771
Ugzop-1EPlPCFEMS6vR4AaABAg;FIFA World Cup 2026;6HaHNYjnghE;Highlights | Spain 1-0 Argentina | FIFA World Cup 2026™ FINAL;Argentina played a really dirty game. Congratulations to Spain on winning the title!;@MusicPlaylistKR;2026-07-20T02:54:51Z;2640
Ugw0hjaQLFz8nZON-NN4AaABAg;FIFA World Cup 2026;6HaHNYjnghE;Highlights | Spain 1-0 Argentina | FIFA World Cup 2026™ FINAL;Argentina had a messi. Spain had a team.;@watcheronly71;2026-07-20T02:17:58Z;4242
UgwRVgOt3Zrbfhdolyx4AaABAg;FIFA World Cup 2026;6HaHNYjnghE;Highlights | Spain 1-0 Argentina | FIFA World Cup 2026™ FINAL;Argentina has to be one of the most hated teams in football history 😂;@VeeeeVenez;2026-07-20T20:20:42Z;239
UgzRkj78yI_5bez_9HR4AaABAg;FIFA World Cup 2026;6HaHNYjnghE;Highlights | Spain 1-0 Argentina | FIFA World Cup 2026™ FINAL;Argentina becomes the first team to have more fights than shots on target 🏆;@VanishNub;2026-07-20T00:15:16Z;5226
UgzAWc8P_XbJ9flDHZ94AaABAg;FIFA World Cup 2026;6HaHNYjnghE;Highlights | Spain 1-0 Argentina | FIFA World Cup 2026™ FINAL;As a football fan, never rooted for Spain this hard in my life. Thank you for saving football.;@MGZetta;2026-07-20T04:53:32Z;1969
UgyNDBbsnjQNOntqDvl4AaABAg;FIFA World Cup 2026;6HaHNYjnghE;Highlights | Spain 1-0 Argentina | FIFA World Cup 2026™ FINAL;This result is a justice for Egypt. Congratulations Spain 🎉;@vniranj;2026-07-21T17:16:26Z;40
UgyasPaWbOOUvsuwexN4AaABAg;FIFA World Cup 2026;6HaHNYjnghE;Highlights | Spain 1-0 Argentina | FIFA World Cup 2026™ FINAL;It would be unfair for Argentina to win with such a rough and unforgiving game. Spain trained and won. Spain played football. Congratulations from Uzbekistan;@yeseniajenny;2026-07-20T14:11:11Z;1743
Ugy-Zp8Y2AzqCTn_Z_J4AaABAg;FIFA World Cup 2026;6HaHNYjnghE;Highlights | Spain 1-0 Argentina | FIFA World Cup 2026™ FINAL;Argentina would have lost 4-0 if it weren’t for Martinez;@Xxxxyyy734;2026-07-20T00:07:38Z;5162
Ugzj_3cfO9wISF2ec2F4AaABAg;FIFA World Cup 2026;6HaHNYjnghE;Highlights | Spain 1-0 Argentina | FIFA World Cup 2026™ FINAL;*I’ve never been so satisfied in a long time, thank you Spain for saving footbal.*;@khaleefax9553;2026-07-20T01:26:58Z;1392
UgyE2QkwnaOC79qrzAl4AaABAg;FIFA World Cup 2026;6HaHNYjnghE;Highlights | Spain 1-0 Argentina | FIFA World Cup 2026™ FINAL;Love from Pakistan.. Congratulations Spain;@papaaizazkhan7286;2026-07-23T11:03:21Z;7
UgzGsDAQBlvQaMrTRUt4AaABAg;FIFA World Cup 2026;6HaHNYjnghE;Highlights | Spain 1-0 Argentina | FIFA World Cup 2026™ FINAL;Argentina had more red cards than attempts at goal in the whole 90 minutes of duration.;@ParTimer366;2026-07-20T04:37:52Z;1032
UgwMUS0VIyPbDS1V2i54AaABAg;FIFA World Cup 2026;6HaHNYjnghE;Highlights | Spain 1-0 Argentina | FIFA World Cup 2026™ FINAL;"As Tony Kroos said: ""Football won.""";@veckgames;2026-07-20T00:03:41Z;1806
Ugx_-cjfLAZ7gzARLw14AaABAg;FIFA World Cup 2026;6HaHNYjnghE;Highlights | Spain 1-0 Argentina | FIFA World Cup 2026™ FINAL;"*_""Football Won""_*

*- Toni Kroos* 🇩🇪🤝🇪🇸";@xXGRAVIXx_-;2026-07-20T12:20:55Z;582
Ugx2q5zLy0xyc-8qWyp4AaABAg;FIFA World Cup 2026;6HaHNYjnghE;Highlights | Spain 1-0 Argentina | FIFA World Cup 2026™ FINAL;Fun fact, Spain only conceded a single goal throughout this entire tournament. Well deserved win;@waddlez7192;2026-07-20T00:12:43Z;3087
UgzzREbDVeEJO9xEshl4AaABAg;FIFA World Cup 2026;6HaHNYjnghE;Highlights | Spain 1-0 Argentina | FIFA World Cup 2026™ FINAL;Was Argentina aware that they could shoot to score instead of shooting to foul? Football won today!;@gustavo_oviedo;2026-07-20T00:17:11Z;1802
UgwgRZmdltp5zOj4qVt4AaABAg;FIFA World Cup 2026;6HaHNYjnghE;Highlights | Spain 1-0 Argentina | FIFA World Cup 2026™ FINAL;Thank you Spain for saving the art of football;@alif_nahar;2026-07-20T06:30:41Z;930
UgyTrWHlWPzRsSIsT9J4AaABAg;FIFA World Cup 2026;E3nWu1VgRJU;BTS | FIFA World Cup 2026™ Final Halftime Show | Full Performance;""" Iced Tea and a game of Football ""  😮 they Changed the lyrics . Ohhh so iconic";@OldJeans2.0;2026-07-20T01:54:40Z;28197
Ugw0t4SnK_uqQ7WDtNB4AaABAg;FIFA World Cup 2026;E3nWu1VgRJU;BTS | FIFA World Cup 2026™ Final Halftime Show | Full Performance;"fun fact:
bts had their concert in paris the day before. as soon as the concert was over, they caught an eight hour flight. when they landed, they began rehearsing for the performance. they gave the world such an amazing experience even after getting no rest. this is bts.";@sameerdesai1024;2026-07-20T16:45:45Z;22465
Ugyzir4efqcA-sYcNwJ4AaABAg;FIFA World Cup 2026;E3nWu1VgRJU;BTS | FIFA World Cup 2026™ Final Halftime Show | Full Performance;No matter how massive they become or how big the stadium is, they still perform with the exact same hunger and dedication as day one. That's why I'll always be proud to be an ARMY. I hope they continue to fly even higher because all their hard work and dedication deserve nothing less❤;@lizapippa;2026-07-23T21:05:05Z;885
UgyCYFnsYhU0SBNrvRx4AaABAg;FIFA World Cup 2026;E3nWu1VgRJU;BTS | FIFA World Cup 2026™ Final Halftime Show | Full Performance;"yoongi said ""paris to new york"" 11years ago. Again Yoongi gets what he wants.";@sriji007;2026-07-20T06:54:53Z;18200
Ugznlx2qbMqGFSzAHER4AaABAg;FIFA World Cup 2026;E3nWu1VgRJU;BTS | FIFA World Cup 2026™ Final Halftime Show | Full Performance;The guys pulled that performance off in less than 24 hrs from their show in Paris last night. So proud of them.;@adilenevillegas8503;2026-07-20T02:02:49Z;26583
Ugys1LfkqUid4LcwS0N4AaABAg;FIFA World Cup 2026;E3nWu1VgRJU;BTS | FIFA World Cup 2026™ Final Halftime Show | Full Performance;They gave them 1 m8n 45 sec and they said let's make history❤;@yeseniajenny;2026-07-20T14:08:49Z;5512
UgxM1AtXIzGrwjPihgd4AaABAg;FIFA World Cup 2026;E3nWu1VgRJU;BTS | FIFA World Cup 2026™ Final Halftime Show | Full Performance;One of only a few performances at the World Cup that was done live without lip syncing. Respect❤;@aliceivelisse;2026-07-23T09:00:33Z;1312
UgwJ6Z3rZ1dS1f_yCDJ4AaABAg;FIFA World Cup 2026;E3nWu1VgRJU;BTS | FIFA World Cup 2026™ Final Halftime Show | Full Performance;"""King kong, kick the ball"" & ""Iced tea and a game of football"" They're SO iconic for this... so so happy & proud right now💜";@She_does.p;2026-07-20T05:08:36Z;8483
UgxZCM5yrR2Zea-Wzq94AaABAg;FIFA World Cup 2026;E3nWu1VgRJU;BTS | FIFA World Cup 2026™ Final Halftime Show | Full Performance;The fact that they changed their lyrics to fit the setting of the World Cup is one of the many reasons why they’re the goats;@TheRagheb95;2026-07-20T03:03:26Z;10816
UgzhE3qNASofayccqJd4AaABAg;FIFA World Cup 2026;E3nWu1VgRJU;BTS | FIFA World Cup 2026™ Final Halftime Show | Full Performance;imagine being chosen to perform at the first-ever halftime show of the biggest sporting event in the world and then returning to the exact same stadium next month for your sold-out concerts… yeah that’s the biggest band in the world BTS!;@bangtanluvs_7;2026-07-20T04:56:00Z;6298
Ugw9bzJHWT7-vkmRwdd4AaABAg;FIFA World Cup 2026;E3nWu1VgRJU;BTS | FIFA World Cup 2026™ Final Halftime Show | Full Performance;I’m obsessed with this performance wanted more!;@ibnatfariha3358;2026-07-24T06:25:46Z;60
Ugzcftf_3Dv8qEBfYJV4AaABAg;FIFA World Cup 2026;E3nWu1VgRJU;BTS | FIFA World Cup 2026™ Final Halftime Show | Full Performance;The only group artist i'll never get tired of watching❤;@evalinealojzia;2026-07-21T13:07:11Z;2249
Ugy-a8rYgwsQIr6gttN4AaABAg;FIFA World Cup 2026;E3nWu1VgRJU;BTS | FIFA World Cup 2026™ Final Halftime Show | Full Performance;BTS gained a lot of fans again after these performances but why they only get 1:51 mins;@Jazmine9240;2026-07-20T02:21:39Z;2078
Ugwm320dpjnEzQnZr5x4AaABAg;FIFA World Cup 2026;E3nWu1VgRJU;BTS | FIFA World Cup 2026™ Final Halftime Show | Full Performance;The only performance I loved from the show. BTS once again showed the word their artistic work;@elenasehaki9875;2026-07-23T23:04:17Z;87
UgyWE-2_emSdteOOnNF4AaABAg;FIFA World Cup 2026;E3nWu1VgRJU;BTS | FIFA World Cup 2026™ Final Halftime Show | Full Performance;"BTS brought a new atmosphere to the stadium, thanks to FIFA for inviting them.
Edit: Thanks for the likes";@EstefanySánchez-s9e;2026-07-20T02:00:28Z;5217
UgyNUD3-wLmq5i8ysrt4AaABAg;FIFA World Cup 2026;E3nWu1VgRJU;BTS | FIFA World Cup 2026™ Final Halftime Show | Full Performance;Less than 24 hours they were performing in Paris with the highest audience 92,000 thousand.Thank you BTS for your hardwork.We love so much;@big_mam.a.a;2026-07-20T14:25:38Z;2809
UgzJ6hkSdzNhJ5xfpdt4AaABAg;FIFA World Cup 2026;E3nWu1VgRJU;BTS | FIFA World Cup 2026™ Final Halftime Show | Full Performance;the fact they did this MID tour probably jet lagged and still managed to pull off a great performance is just what BANGTAN does 💜;@kunzine;2026-07-20T03:48:41Z;3749
UgzyI3EhF49DfHEziVN4AaABAg;FIFA World Cup 2026;E3nWu1VgRJU;BTS | FIFA World Cup 2026™ Final Halftime Show | Full Performance;Jungkook’s intro is iconic. 🔥;@Amari0326;2026-07-24T03:28:43Z;20
UgypQ8FfkT_-xEuAh3R4AaABAg;FIFA World Cup 2026;E3nWu1VgRJU;BTS | FIFA World Cup 2026™ Final Halftime Show | Full Performance;The transition from the Viking row celebration to Jungkook 💯;@fordeevibes;2026-07-20T01:54:25Z;1530
UgyrE9YThjSIPUFbmHV4AaABAg;FIFA World Cup 2026;E3nWu1VgRJU;BTS | FIFA World Cup 2026™ Final Halftime Show | Full Performance;FIFA choosed the right band...😭💜✨;@user._.unavailable_901;2026-07-20T02:20:23Z;1526
UgzuTYD-b81aICXV-Mx4AaABAg;FIFA World Cup 2026;E3nWu1VgRJU;BTS | FIFA World Cup 2026™ Final Halftime Show | Full Performance;1 min 51 was enough for them to own the whole stadium 🏟️🙌🏻💜;@KimAin_x3t4e;2026-07-20T03:17:04Z;2256
UgyCk5EVKzmcd0d3-GV4AaABAg;FIFA World Cup 2026;E3nWu1VgRJU;BTS | FIFA World Cup 2026™ Final Halftime Show | Full Performance;"This demonstrates that they don't need much to stand out—not even two minutes. They showed up, performed, and completely crushed it. Everyone else was left staring in awe. There's a reason BTS is known as the kings; it's not just empty talk";@karlaursula;2026-07-22T07:40:27Z;1404
Ugx4r8E8owqp7SUFKFh4AaABAg;FIFA World Cup 2026;E3nWu1VgRJU;BTS | FIFA World Cup 2026™ Final Halftime Show | Full Performance;Who's gonna tell the boys with eyeliner will perform at the fifa world cup oneday, we are so proud of you!;@angelicaa_29;2026-07-20T04:18:20Z;1148
Ugzwb_UFNR7OlYebN0J4AaABAg;FIFA World Cup 2026;E3nWu1VgRJU;BTS | FIFA World Cup 2026™ Final Halftime Show | Full Performance;No one owns the stage like BTS. Absolute legends!!;@ariana.b97;2026-07-24T08:33:44Z;6
Ugx5i1vG7R0IlOsoPQl4AaABAg;FIFA World Cup 2026;E3nWu1VgRJU;BTS | FIFA World Cup 2026™ Final Halftime Show | Full Performance;The only bad thing about this is that it wasn't long enough 😂;@KakarotGoku1204;2026-07-20T11:08:50Z;687
UgxoqbCFAGGHG87Bb154AaABAg;FIFA World Cup 2026;oB2mK8eJli4;Highlights | England 1-2 Argentina | FIFA World Cup 2026™ Semi-Final;Why does all Argentina matches feels like a world cup final bro 😭❤‍🔥;@yokenwish;2026-07-16T14:54:54Z;6186
Ugw9ljfcoK1fwWAhwOx4AaABAg;FIFA World Cup 2026;oB2mK8eJli4;Highlights | England 1-2 Argentina | FIFA World Cup 2026™ Semi-Final;We thought Messi reached his peak last World Cup until he carried Argentina to possible back-2-back title at the age of 39 years old. Insane longevity!;@Xxxxyyy734;2026-07-16T14:56:52Z;5864
Ugyy7owg2SRFM1mHU1x4AaABAg;FIFA World Cup 2026;oB2mK8eJli4;Highlights | England 1-2 Argentina | FIFA World Cup 2026™ Semi-Final;I'm Vietnamese, and I think the people of Argentina are so lucky to have such a united team, and especially to have Messi on the field 👏👏👏;@AnhCường79;2026-07-17T08:19:26Z;204
Ugxl4iZaNcLykwLkxjd4AaABAg;FIFA World Cup 2026;oB2mK8eJli4;Highlights | England 1-2 Argentina | FIFA World Cup 2026™ Semi-Final;This tournament has shown the clear difference between Messi and the rest. THE GOAT;@JHPII;2026-07-16T15:34:57Z;1989
Ugy0MDcGLmdOWgXFYeZ4AaABAg;FIFA World Cup 2026;oB2mK8eJli4;Highlights | England 1-2 Argentina | FIFA World Cup 2026™ Semi-Final;This legit felt like an anime episode. They really won with the power of friendship. 😭;@Vishal-xu1mz;2026-07-17T04:05:41Z;151
UgwIFLTYnclCzRlnSvx4AaABAg;FIFA World Cup 2026;oB2mK8eJli4;Highlights | England 1-2 Argentina | FIFA World Cup 2026™ Semi-Final;"if no goal do assist 
If no assist score goal 
Best playmaker , Brilliant Messi .";@Ashnikumar95;2026-07-16T14:54:51Z;2061
Ugxw9ptXoIZTR7iqMsd4AaABAg;FIFA World Cup 2026;oB2mK8eJli4;Highlights | England 1-2 Argentina | FIFA World Cup 2026™ Semi-Final;Messi went from competing with Ronaldo for a decade to prime Mbappe for golden boot and Yamal in the final at the age of 39 years old. Insane longevity! 🐐;@Xxxxyyy734;2026-07-16T14:59:35Z;1907
UgwXVDlb5ACnBx6TQGB4AaABAg;FIFA World Cup 2026;oB2mK8eJli4;Highlights | England 1-2 Argentina | FIFA World Cup 2026™ Semi-Final;This old Messi reminds me of the old Zidane who carried France into the final WC2006. Hope Messi will get better result and touch the golden cup one more time, then the debate who’s GOAT would come to an end.;@dungngo1027;2026-07-17T03:09:31Z;38
UgzqT8-vPYOdL-R8i7d4AaABAg;FIFA World Cup 2026;oB2mK8eJli4;Highlights | England 1-2 Argentina | FIFA World Cup 2026™ Semi-Final;39 years old still the best player in the world！UNBELIEVABLE！;@kalab0000;2026-07-16T15:00:39Z;1495
UgxiIEJF7g764qHthXl4AaABAg;FIFA World Cup 2026;oB2mK8eJli4;Highlights | England 1-2 Argentina | FIFA World Cup 2026™ Semi-Final;Whatever Argentina takes in the second hydration break in every match, I need it.;@DipayanSain;2026-07-16T16:55:35Z;673
UgzCAzpGdaYCYjQ3GkZ4AaABAg;FIFA World Cup 2026;oB2mK8eJli4;Highlights | England 1-2 Argentina | FIFA World Cup 2026™ Semi-Final;I really thought Argentina had lost against England in 80 minutes, Suddenly they pulled off the comeback, What a great match.;@Nethzy1;2026-07-17T02:01:28Z;47
UgxRZzTRh43d8ofo1GB4AaABAg;FIFA World Cup 2026;oB2mK8eJli4;Highlights | England 1-2 Argentina | FIFA World Cup 2026™ Semi-Final;"This is one of the best comebacks I've ever seen at the Worlds Cup.
Congrats to Argentina and Spain for making it to the final.";@mitch_prod;2026-07-16T14:56:17Z;1483
UgyaIrtgz1cvcocmz-x4AaABAg;FIFA World Cup 2026;oB2mK8eJli4;Highlights | England 1-2 Argentina | FIFA World Cup 2026™ Semi-Final;Messi deserves best young players award 🗿🐐;@MD.IqramAshrafi;2026-07-16T15:55:03Z;626
UgxxLmxKzzLcdDXMHa54AaABAg;FIFA World Cup 2026;oB2mK8eJli4;Highlights | England 1-2 Argentina | FIFA World Cup 2026™ Semi-Final;ARGENTINA THE BEST, NEVER GIVES UP!;@ffeditzInc;2026-07-16T21:12:47Z;59
UgxJNs4ALjZ3ufUjZyd4AaABAg;FIFA World Cup 2026;oB2mK8eJli4;Highlights | England 1-2 Argentina | FIFA World Cup 2026™ Semi-Final;Bro changed his role as striker to midfielder 2 greatest accurate assist what a player! no ego salute 🫡❤;@imanaesthete;2026-07-16T16:28:59Z;533
UgwXokCrFITYSy3AAPV4AaABAg;FIFA World Cup 2026;oB2mK8eJli4;Highlights | England 1-2 Argentina | FIFA World Cup 2026™ Semi-Final;In this match, Argentina perfectly demonstrated the spirit of teamwork and never giving up.;@默默-w9w;2026-07-16T14:58:23Z;421
Ugyd3w6CkHEya6_lHHN4AaABAg;FIFA World Cup 2026;oB2mK8eJli4;Highlights | England 1-2 Argentina | FIFA World Cup 2026™ Semi-Final;Thank you Messi. Seeing you play so well in all of your matches and reaching the Final was wonderful to see. I am grateful that I got to see you and Ronaldo score goals again. I feel like my childhood has come to an end. I will surely watch the next World Cup with passion but I will be a married man. Thanks for all the wonderful memories.;@AdityaSharma-gf8zs;2026-07-20T14:33:12Z;8
UgzVtwIEMrvQsztJflp4AaABAg;FIFA World Cup 2026;oB2mK8eJli4;Highlights | England 1-2 Argentina | FIFA World Cup 2026™ Semi-Final;"The commentator is clearly an England fan. 

You can tell he’s hurt.";@killshotz6747;2026-07-16T17:53:36Z;305
UgzuqfNrf28GxI96mm14AaABAg;FIFA World Cup 2026;oB2mK8eJli4;Highlights | England 1-2 Argentina | FIFA World Cup 2026™ Semi-Final;They never give up and they are always comeback. You can hate them, but u must admit they fighting spirit, vamos Argentina!;@AlexK-om1cx;2026-07-16T15:13:17Z;516
Ugz25BrJ5dnBMAnZ62N4AaABAg;FIFA World Cup 2026;oB2mK8eJli4;Highlights | England 1-2 Argentina | FIFA World Cup 2026™ Semi-Final;Messi is the only player in history to move like his prime days at the age of 39 he is insane;@kapieceofficial;2026-07-17T04:29:09Z;39
UgzUJYa1yW4lK409joB4AaABAg;FIFA World Cup 2026;oB2mK8eJli4;Highlights | England 1-2 Argentina | FIFA World Cup 2026™ Semi-Final;Lionel Andrés Messi Cuccittini, what a blessing you are for football!;@HriatnaHnar;2026-07-16T14:54:14Z;472
UgwIAbKV78-ND3MLStx4AaABAg;FIFA World Cup 2026;oB2mK8eJli4;Highlights | England 1-2 Argentina | FIFA World Cup 2026™ Semi-Final;1:41 commentetor surely england fan;@frhb1gt;2026-07-16T16:36:29Z;477
UgyOvPHdyoIXq2hiCW14AaABAg;FIFA World Cup 2026;oB2mK8eJli4;Highlights | England 1-2 Argentina | FIFA World Cup 2026™ Semi-Final;How anyone can compare Ronald to Messi just amazes me 😂 this man is a legend;@Fact_check4256;2026-07-17T14:29:40Z;11
UgyRf1IAJwVDMUdH_yB4AaABAg;FIFA World Cup 2026;oB2mK8eJli4;Highlights | England 1-2 Argentina | FIFA World Cup 2026™ Semi-Final;Messi 8 goals + 4 assist in 39 years = An incredible achievement all of times.;@Skyarkhangel;2026-07-16T18:02:20Z;195
Ugy7MeyMOMnJrbX1Rkp4AaABAg;FIFA World Cup 2026;oB2mK8eJli4;Highlights | England 1-2 Argentina | FIFA World Cup 2026™ Semi-Final;"Never seen a team so confident as to consistently comeback at 80+ minutes at this level.... Whatever happens, this Argentine team will not lose the final. Not after passing through so many struggles & tests.

 This Argentine team is not behaving like a "" team"" but rather like a "" cult"" following Messi. Spain knows that even if they lead by two goals, it's not over till final whistle. It's scary...";@liuxian558;2026-07-16T14:56:37Z;634
UgwsV_lmwMGpl2S74tt4AaABAg;FIFA World Cup 2026;_cV8QcKp3GU;Highlights | France 0-2 Spain | FIFA World Cup 2026™ Semi-Finals;"Spain don't depends on one player, they're playing as a team. 
Congratulations Spain.";@saiaveikoso-lz6zc;2026-07-15T00:36:26Z;14219
UgzWsN9FD9JGXZfRkO54AaABAg;FIFA World Cup 2026;_cV8QcKp3GU;Highlights | France 0-2 Spain | FIFA World Cup 2026™ Semi-Finals;"Spain is the literal definition of ""teamwork makes the dream work""";@K-popKingdom;2026-07-15T05:21:04Z;4710
Ugw4yql8lUBJDfrPeU54AaABAg;FIFA World Cup 2026;_cV8QcKp3GU;Highlights | France 0-2 Spain | FIFA World Cup 2026™ Semi-Finals;Never thought any team could dominate the France team like this. ..;@DipayanSain;2026-07-15T03:06:27Z;5093
Ugyh3i0PuEBYpBltXeV4AaABAg;FIFA World Cup 2026;_cV8QcKp3GU;Highlights | France 0-2 Spain | FIFA World Cup 2026™ Semi-Finals;After this match, Cabo Verde's(vozinha) reputation rose even further📈;@今夜が山田-u5x;2026-07-15T01:04:39Z;6804
UgwU0v44vdg059paZC54AaABAg;FIFA World Cup 2026;_cV8QcKp3GU;Highlights | France 0-2 Spain | FIFA World Cup 2026™ Semi-Finals;I admit I didn't expect that. France was unstoppable until then.;@RobertoQueiroz-w4i;2026-07-15T00:44:13Z;3908
Ugx6ahtULlSG88VqInJ4AaABAg;FIFA World Cup 2026;_cV8QcKp3GU;Highlights | France 0-2 Spain | FIFA World Cup 2026™ Semi-Finals;Spain didn’t just win , they exposed France. Calm, sharp, and fully deserved.;@arab_mems;2026-07-15T00:35:47Z;3666
UgxDBPOf2j8LtVqFO514AaABAg;FIFA World Cup 2026;_cV8QcKp3GU;Highlights | France 0-2 Spain | FIFA World Cup 2026™ Semi-Finals;Who's here after they won the world cup by defeating Argentina!? Crazy play by Spain! 🎉🎉💯💯;@seeker82;2026-07-19T22:15:33Z;25
Ugy7__Dq79B2snRBy-x4AaABAg;FIFA World Cup 2026;_cV8QcKp3GU;Highlights | France 0-2 Spain | FIFA World Cup 2026™ Semi-Finals;they did'nt just won they dominated the entire game 🏆✨🇪🇸;@itsvoidreign;2026-07-15T07:28:36Z;1863
Ugy_TUTrApeRiT3Y0Kh4AaABAg;FIFA World Cup 2026;_cV8QcKp3GU;Highlights | France 0-2 Spain | FIFA World Cup 2026™ Semi-Finals;What a game by spain totally dominate ❤🇪🇸;@Cric.edit_indra;2026-07-15T00:33:17Z;2348
UgxTd89XFyhvrnCRFEp4AaABAg;FIFA World Cup 2026;_cV8QcKp3GU;Highlights | France 0-2 Spain | FIFA World Cup 2026™ Semi-Finals;As soon as France faced a real midfield and defence line, they showed their true weakness.;@a2zocean;2026-07-15T07:27:56Z;758
Ugz7KWc1-sLhrdETd4Z4AaABAg;FIFA World Cup 2026;_cV8QcKp3GU;Highlights | France 0-2 Spain | FIFA World Cup 2026™ Semi-Finals;.	Spain showed that champions aren’t built around one player, they’re built on teamwork. Congratulations, Spain🎉;@nishu_jainn;2026-07-15T12:08:28Z;420
UgxAvDrRNZJVLUANeX54AaABAg;FIFA World Cup 2026;_cV8QcKp3GU;Highlights | France 0-2 Spain | FIFA World Cup 2026™ Semi-Finals;As a French supporter, France was completely absent throughout the entire match... Spain deserves victory;@Robin-mn4yb;2026-07-15T01:10:03Z;1256
UgwDCZB7RMCS9Db58dh4AaABAg;FIFA World Cup 2026;_cV8QcKp3GU;Highlights | France 0-2 Spain | FIFA World Cup 2026™ Semi-Finals;France was properly humbled in this match.;@VinayakPande53;2026-07-15T01:00:11Z;653
UgxNufZttloaUWDCjRZ4AaABAg;FIFA World Cup 2026;_cV8QcKp3GU;Highlights | France 0-2 Spain | FIFA World Cup 2026™ Semi-Finals;Their passing and attacking capability make them unstoppable..;@MohaMamdAriF-t3c;2026-07-15T02:07:26Z;946
Ugx_fdfV1iW7w6h5M214AaABAg;FIFA World Cup 2026;_cV8QcKp3GU;Highlights | France 0-2 Spain | FIFA World Cup 2026™ Semi-Finals;Oyarzarbal’s penalty was absolutely world class. None of the stuttering theatrics;@cherriepie;2026-07-15T12:06:47Z;96
Ugx6cHPgFxhged-izld4AaABAg;FIFA World Cup 2026;_cV8QcKp3GU;Highlights | France 0-2 Spain | FIFA World Cup 2026™ Semi-Finals;As someone who favors France for this match, felt like this is the most fair referee in recent matches;@ry0usama511;2026-07-15T05:47:10Z;829
Ugx-kMg4OsXLM7olUuh4AaABAg;FIFA World Cup 2026;_cV8QcKp3GU;Highlights | France 0-2 Spain | FIFA World Cup 2026™ Semi-Finals;Spain's midfield was the key in this game, hoarded possession and never made mistakes while progressing the ball well. France's attack is insanely talented but their midfield was their weakness.;@ninetynine2;2026-07-15T00:51:16Z;1199
UgzOOfFwmuxMSSFWl7d4AaABAg;FIFA World Cup 2026;_cV8QcKp3GU;Highlights | France 0-2 Spain | FIFA World Cup 2026™ Semi-Finals;spain made really proud by knocking the most dangerous team this world cup;@ucount4219;2026-07-15T02:50:29Z;800
UgzmX0TRtzGJ0gJWdm94AaABAg;FIFA World Cup 2026;_cV8QcKp3GU;Highlights | France 0-2 Spain | FIFA World Cup 2026™ Semi-Finals;Who's after spain won the world 🗿;@uvinduishal24;2026-07-20T04:23:28Z;9
UgxpZn7v218oFOMX7PR4AaABAg;FIFA World Cup 2026;_cV8QcKp3GU;Highlights | France 0-2 Spain | FIFA World Cup 2026™ Semi-Finals;Spain plays collectively, their playing style is impressive.;@noesiscenter1397;2026-07-15T08:49:44Z;312
Ugwh9EclzurrHX3rMad4AaABAg;FIFA World Cup 2026;_cV8QcKp3GU;Highlights | France 0-2 Spain | FIFA World Cup 2026™ Semi-Finals;A TEAM playing like an absolute unit always win against a team dependent upon one or two KEY players.;@Bholekbalak;2026-07-15T03:40:39Z;295
Ugw4eOaYX0c1oIkQ7v14AaABAg;FIFA World Cup 2026;_cV8QcKp3GU;Highlights | France 0-2 Spain | FIFA World Cup 2026™ Semi-Finals;Back to 2010 when Spain qualified to the final for the first time in South Africa;@tweening26x;2026-07-15T00:56:12Z;470
UgwfreCYxBswLY7s7V54AaABAg;FIFA World Cup 2026;_cV8QcKp3GU;Highlights | France 0-2 Spain | FIFA World Cup 2026™ Semi-Finals;Their defense was exceptional and highly impressive. They didn’t let France score a single goal. What a teamwork!;@ShanzaFathima-k9j;2026-07-15T13:54:57Z;16
Ugz5tiTVgQWtIHgLbhJ4AaABAg;FIFA World Cup 2026;_cV8QcKp3GU;Highlights | France 0-2 Spain | FIFA World Cup 2026™ Semi-Finals;Guys I swear I didn't expect France would get crushed by Spain. They literally taught them how to play football. Throughout the game, tiki taka 😂❤;@Patrick-Messi10;2026-07-15T06:50:07Z;302
UgwyZLeF7prgb2Fb8_R4AaABAg;FIFA World Cup 2026;_cV8QcKp3GU;Highlights | France 0-2 Spain | FIFA World Cup 2026™ Semi-Finals;Highlights don't show how fabulous the midfield duo of Rodri and Fabian were this game;@bhabnishbohidar3830;2026-07-15T07:34:25Z;61
UgzSn7ixZnWrY7li-TR4AaABAg;FIFA World Cup 2026;42ovN5rW79U;Highlights | Brazil 1-2 Norway | FIFA World Cup 2026™;Norway's goalkeeper was just goated;@JHPII;2026-07-06T20:08:38Z;7266
UgwhYffbThr1AP3H5wV4AaABAg;FIFA World Cup 2026;42ovN5rW79U;Highlights | Brazil 1-2 Norway | FIFA World Cup 2026™;The goal keeper was equally responsible for Norways win ❤;@MaheshWalatara;2026-07-07T04:59:32Z;963
Ugy4-1Y0eYdm8sLollJ4AaABAg;FIFA World Cup 2026;42ovN5rW79U;Highlights | Brazil 1-2 Norway | FIFA World Cup 2026™;Haaland second goal was something else;@QendrimLlugagjija;2026-07-06T20:04:52Z;5156
UgyKDTyha0owAYqAJ6N4AaABAg;FIFA World Cup 2026;42ovN5rW79U;Highlights | Brazil 1-2 Norway | FIFA World Cup 2026™;The Vikings came to conquer. Please win the cup.;@ReyDunkelblood;2026-07-06T22:13:29Z;472
Ugx1zjhV2Sx-R62SYWh4AaABAg;FIFA World Cup 2026;42ovN5rW79U;Highlights | Brazil 1-2 Norway | FIFA World Cup 2026™;Haaland is playing like the World Cup is a normal tournament.;@JHPII;2026-07-06T20:03:48Z;4067
UgyFgZzl5jfbdwL9TXl4AaABAg;FIFA World Cup 2026;42ovN5rW79U;Highlights | Brazil 1-2 Norway | FIFA World Cup 2026™;The aura turnaround from Haaland after the second goal lol. It looks like such a casual goal for him lol;@QwertYuiop-yt3uh;2026-07-06T22:44:31Z;131
UgxtAuMth2M5TeAQPIV4AaABAg;FIFA World Cup 2026;42ovN5rW79U;Highlights | Brazil 1-2 Norway | FIFA World Cup 2026™;people all talking about Haaland, for me the MVP for this match is the Goal Keeper;@NanoZAQ;2026-07-06T20:08:49Z;3513
Ugz0XMGxQxkloRPRq414AaABAg;FIFA World Cup 2026;42ovN5rW79U;Highlights | Brazil 1-2 Norway | FIFA World Cup 2026™;Hats off to Norway keeper for excellent saves.;@pushpendergusain4262;2026-07-06T22:45:46Z;166
UgyMwbWrdC49CPzwdB94AaABAg;FIFA World Cup 2026;42ovN5rW79U;Highlights | Brazil 1-2 Norway | FIFA World Cup 2026™;Haaland actually crowned the goalie's efforts. Norway is just an amazing team and I'm truly rooting for them.;@aleksandrosvagenidis815;2026-07-06T20:28:50Z;1861
UgxSq4dvkjFI_BGFoUN4AaABAg;FIFA World Cup 2026;42ovN5rW79U;Highlights | Brazil 1-2 Norway | FIFA World Cup 2026™;That 2nd goal from Halland have hurt brazil more than anything.;@ProGamers0035;2026-07-06T23:06:27Z;155
UgxzawttY36xNx4A4XB4AaABAg;FIFA World Cup 2026;42ovN5rW79U;Highlights | Brazil 1-2 Norway | FIFA World Cup 2026™;That first penalty miss by Brazil proved very costly.;@Nichansama;2026-07-06T20:21:48Z;1449
Ugx0gEw5Hlm1iF58nbR4AaABAg;FIFA World Cup 2026;42ovN5rW79U;Highlights | Brazil 1-2 Norway | FIFA World Cup 2026™;Norway's goalkeeper is f'n amazing;@yotaiji012;2026-07-07T00:03:05Z;85
Ugz9aOt_xBPw9rBnG2N4AaABAg;FIFA World Cup 2026;42ovN5rW79U;Highlights | Brazil 1-2 Norway | FIFA World Cup 2026™;Haaland is a freaking tank and their goalkeeper is another. The viking comeback!;@blackpittkaya;2026-07-06T21:52:27Z;618
UgzgxjDYAeRJ4RIGY0h4AaABAg;FIFA World Cup 2026;42ovN5rW79U;Highlights | Brazil 1-2 Norway | FIFA World Cup 2026™;As a Swede, now that we are out i have to root for my scandinavian neighbour. Lets go 🇳🇴🇸🇪;@ludvig7473;2026-07-07T15:06:59Z;26
Ugy9trZ9Tl6wYHuXxmJ4AaABAg;FIFA World Cup 2026;42ovN5rW79U;Highlights | Brazil 1-2 Norway | FIFA World Cup 2026™;Coldest celebration from Haaland after 2nd goal. Rare moment in knockout stage in wc history;@johnnycruise1928;2026-07-06T20:04:52Z;1073
Ugzb7labWvgHGzAGTmx4AaABAg;FIFA World Cup 2026;42ovN5rW79U;Highlights | Brazil 1-2 Norway | FIFA World Cup 2026™;One of the best player on the game was the goalkeeper. He made some incredible saves and stopped normally what looked like a goals.;@itce6043;2026-07-07T01:45:29Z;33
UgyxWqHwOHaUwkKLwF94AaABAg;FIFA World Cup 2026;42ovN5rW79U;Highlights | Brazil 1-2 Norway | FIFA World Cup 2026™;"Erling Haaland!
Norway goalkeeper had a great game.";@Rooby_VTuber;2026-07-06T20:09:18Z;489
Ugwm_SSK97HhUIdv33F4AaABAg;FIFA World Cup 2026;42ovN5rW79U;Highlights | Brazil 1-2 Norway | FIFA World Cup 2026™;Haaland Scored and Gabriel at the crime scene once again  no matter Club or Country 😂😂;@Preston_TG;2026-07-07T06:00:31Z;7
UgwCbxz1zoN6AglxGZ94AaABAg;FIFA World Cup 2026;42ovN5rW79U;Highlights | Brazil 1-2 Norway | FIFA World Cup 2026™;"Funny, i can read on Danish news that some Danes are jealous and hope Norway will lose.
I for one, as a Dane, hope my Norwegian brothers will go all the way :)";@GSMonkey;2026-07-06T20:44:11Z;522
UgwwlAmBslgC9a4jp1B4AaABAg;FIFA World Cup 2026;42ovN5rW79U;Highlights | Brazil 1-2 Norway | FIFA World Cup 2026™;Amazing goal keeping and I think one of the best goals ever - unbelievable level of precision. Well done Norway!!;@thelookerful;2026-07-07T13:30:32Z;9
UgyvM1-XD7MeRAflRJd4AaABAg;FIFA World Cup 2026;42ovN5rW79U;Highlights | Brazil 1-2 Norway | FIFA World Cup 2026™;Norway vs England is gonna be amazing, Norway are no joke;@kasiphia;2026-07-06T20:02:33Z;293
UgwXJDhd2QJRywKKAmF4AaABAg;FIFA World Cup 2026;42ovN5rW79U;Highlights | Brazil 1-2 Norway | FIFA World Cup 2026™;11v12, not even scandalous VAR and ref decisions could ruin Norway's win (despite them trying their best).;@PatternWeaverINTP;2026-07-06T22:13:48Z;32
UgwfmIlAyIk0g3MIj3t4AaABAg;FIFA World Cup 2026;42ovN5rW79U;Highlights | Brazil 1-2 Norway | FIFA World Cup 2026™;Congrats from Germany Norway, keep rowing on.;@death_courir;2026-07-06T21:16:53Z;83
Ugxuh7VC_rqgOWsVOKF4AaABAg;FIFA World Cup 2026;42ovN5rW79U;Highlights | Brazil 1-2 Norway | FIFA World Cup 2026™;I knew it! 75% thought Brazil would win. I believed in Norway!;@Forthalos;2026-07-06T22:53:34Z;23
Ugy3dE5QS_xA7nSdaZJ4AaABAg;FIFA World Cup 2026;42ovN5rW79U;Highlights | Brazil 1-2 Norway | FIFA World Cup 2026™;The ref tried his hardest to make brazil equalize but even 11vs12 wasnt enough;@mhp1005;2026-07-06T20:16:14Z;282
UgyhPgodimEolAcS7zd4AaABAg;FIFA World Cup 2026;255fu3eE1qk;"Robbie Williams, Laura Pausini &amp; Nicole Scherzinger I FIFA World Cup 2026™ Closing Ceremony";Our favourite song for The FIFA World Cup 2026 ✨;@AllLoveAgency;2026-07-23T19:59:32Z;15
Ugw66-5JGfQdcHJF_OB4AaABAg;FIFA World Cup 2026;255fu3eE1qk;"Robbie Williams, Laura Pausini &amp; Nicole Scherzinger I FIFA World Cup 2026™ Closing Ceremony";Who is here after Spain🇪🇸 win;@combo7465;2026-07-19T22:20:16Z;1422
UgwpZDbCYrrHgic2Gyt4AaABAg;FIFA World Cup 2026;255fu3eE1qk;"Robbie Williams, Laura Pausini &amp; Nicole Scherzinger I FIFA World Cup 2026™ Closing Ceremony";1:36 for a second i thought i was listening to a telenovela theme song;@whnjru;2026-07-20T13:49:23Z;10
Ugw-JWSb8rlwOD6VZKl4AaABAg;FIFA World Cup 2026;255fu3eE1qk;"Robbie Williams, Laura Pausini &amp; Nicole Scherzinger I FIFA World Cup 2026™ Closing Ceremony";Robbie Williams my one love❤❤❤;@TessMalloy;2026-07-23T11:41:16Z;11
UgxqIAjfq699a1Ry6214AaABAg;FIFA World Cup 2026;255fu3eE1qk;"Robbie Williams, Laura Pausini &amp; Nicole Scherzinger I FIFA World Cup 2026™ Closing Ceremony";I adore Robbie Williams !!! Such a legend;@sya121;2026-07-19T23:54:45Z;166
UgyV0T1EaxpDe-DMfch4AaABAg;FIFA World Cup 2026;255fu3eE1qk;"Robbie Williams, Laura Pausini &amp; Nicole Scherzinger I FIFA World Cup 2026™ Closing Ceremony";Speed,BTS , Robbi Williams, Nicole scherzinger,and Laura pausini gave the best performances tonight;@FelistusMbale-n6o;2026-07-19T21:08:38Z;240
UgxgF1OmlngXN3rq3xB4AaABAg;FIFA World Cup 2026;255fu3eE1qk;"Robbie Williams, Laura Pausini &amp; Nicole Scherzinger I FIFA World Cup 2026™ Closing Ceremony";man laura´s voice is stuning, marvelous.;@renzont6615;2026-07-20T17:31:49Z;100
Ugx1yIMZZYEDOMUBCnZ4AaABAg;FIFA World Cup 2026;255fu3eE1qk;"Robbie Williams, Laura Pausini &amp; Nicole Scherzinger I FIFA World Cup 2026™ Closing Ceremony";"“We will miss this 2026 World Cup. It gave us a roller coaster of happiness, joy, excitement, and sadness. It made the whole world feel like a small place.
For many, it was their first World Cup, and for many others, it will be their last. We will miss you, Cristiano Ronaldo, Neymar, Lionel Messi, Mohamed Salah, Luka Modrić, and Kevin De Bruyne.
Thank you for making our childhood so special. ❤⚽🐐”";@tahsinalmamun2973;2026-07-20T14:33:27Z;71
UgyLj4JQfipWNenNINN4AaABAg;FIFA World Cup 2026;255fu3eE1qk;"Robbie Williams, Laura Pausini &amp; Nicole Scherzinger I FIFA World Cup 2026™ Closing Ceremony";Laura pausini❤❤❤ the best ❤❤;@fadilabouch2612;2026-07-19T20:17:45Z;104
Ugz87TccFooblrxJKoZ4AaABAg;FIFA World Cup 2026;255fu3eE1qk;"Robbie Williams, Laura Pausini &amp; Nicole Scherzinger I FIFA World Cup 2026™ Closing Ceremony";This song was emotional for me seeing the flags of the nations in the back waving while most were eliminated and the world cup coming to an end. Great song!;@Primitive_Code;2026-07-24T00:14:58Z;2
UgzI9RvsT5z31KFaXsN4AaABAg;FIFA World Cup 2026;255fu3eE1qk;"Robbie Williams, Laura Pausini &amp; Nicole Scherzinger I FIFA World Cup 2026™ Closing Ceremony";Happy birthday Spain🇪🇦🇪🇦🇪🇦🇪🇦🇪🇦🇪🇦🇪🇦🇪🇦🇪🇦🎉🎉🎉🎉🎉🎉🎉🎉🎉;@hartmutseifarth6869;2026-07-24T07:39:13Z;3
Ugwb0pgNRNTImyJ5ky14AaABAg;FIFA World Cup 2026;255fu3eE1qk;"Robbie Williams, Laura Pausini &amp; Nicole Scherzinger I FIFA World Cup 2026™ Closing Ceremony";They did an amazing job. Robbie is charismatic as always and Nicole always hits those notes. Impressive!;@irina1296;2026-07-19T23:17:08Z;84
UgwYrSlBYgETKMfsbZR4AaABAg;FIFA World Cup 2026;255fu3eE1qk;"Robbie Williams, Laura Pausini &amp; Nicole Scherzinger I FIFA World Cup 2026™ Closing Ceremony";Laura is incredible ❤❤❤ Robbie and Nicole as well 🎉🎉;@femu27;2026-07-20T12:16:47Z;6
UgxS6Icd2S0KyL2GI1B4AaABAg;FIFA World Cup 2026;255fu3eE1qk;"Robbie Williams, Laura Pausini &amp; Nicole Scherzinger I FIFA World Cup 2026™ Closing Ceremony";I LOVE NICOLE IS BEAUTITULL;@tonymarcus1785;2026-07-19T23:00:00Z;18
UgyVZPfroLE6Ste0kZl4AaABAg;FIFA World Cup 2026;255fu3eE1qk;"Robbie Williams, Laura Pausini &amp; Nicole Scherzinger I FIFA World Cup 2026™ Closing Ceremony";Who's here after 1 - 0 Spain win;@rinotriwidodo7911;2026-07-19T22:10:14Z;24
UgwB3S9nN7ivuVh_o6N4AaABAg;FIFA World Cup 2026;255fu3eE1qk;"Robbie Williams, Laura Pausini &amp; Nicole Scherzinger I FIFA World Cup 2026™ Closing Ceremony";The sight of all the flags waving together in perfect unison filled me with a profound sense of awe, reverence, and unity. It felt as if the whole world had become one, and it made my heart swell with emotion.;@zd2394;2026-07-20T01:05:17Z;170
Ugxj7h2BGEJVw2n2DzV4AaABAg;FIFA World Cup 2026;255fu3eE1qk;"Robbie Williams, Laura Pausini &amp; Nicole Scherzinger I FIFA World Cup 2026™ Closing Ceremony";This deserves so much more views! It is so beautiful;@nourmakki2575;2026-07-23T07:10:39Z;2
UgyN3n8YXCIzfeh4qJx4AaABAg;FIFA World Cup 2026;255fu3eE1qk;"Robbie Williams, Laura Pausini &amp; Nicole Scherzinger I FIFA World Cup 2026™ Closing Ceremony";Fantastic Laura Pausini! Italy was there with you;@giuseppebroccolo6714;2026-07-20T00:06:25Z;17
Ugx-N1H5Bm7X7Osfq2Z4AaABAg;FIFA World Cup 2026;255fu3eE1qk;"Robbie Williams, Laura Pausini &amp; Nicole Scherzinger I FIFA World Cup 2026™ Closing Ceremony";A World Cup final that, despite not relying heavily on technology, delivered results, emotion, and elegance! Cool, lively, and moving performances. Congratulations!;@Vamosdesvendar-y9x;2026-07-19T23:53:03Z;7
UgxgRlglLotzf0_qXAB4AaABAg;FIFA World Cup 2026;255fu3eE1qk;"Robbie Williams, Laura Pausini &amp; Nicole Scherzinger I FIFA World Cup 2026™ Closing Ceremony";The whole image this performance delivers is just pure art. beautiful;@twicetherabbit;2026-07-21T02:24:29Z;2
UgyhvBdGb2LnKmvFsYl4AaABAg;FIFA World Cup 2026;255fu3eE1qk;"Robbie Williams, Laura Pausini &amp; Nicole Scherzinger I FIFA World Cup 2026™ Closing Ceremony";Laura Pausini went so far than the Italian team in a word cup for two decades.;@israelfavila1529;2026-07-20T12:01:32Z;3
UgyPIdO8VgVdjiNX8xJ4AaABAg;FIFA World Cup 2026;255fu3eE1qk;"Robbie Williams, Laura Pausini &amp; Nicole Scherzinger I FIFA World Cup 2026™ Closing Ceremony";Who is here after Spain 🇪🇸 wins this 26 World Cup championship 😅🎉🎉🎉🎉🎉🎉🏆🏆🏆🏆🏆;@roushdysalah5877;2026-07-19T23:54:43Z;116
UgwmU_ITklPA-0Hg2HZ4AaABAg;FIFA World Cup 2026;255fu3eE1qk;"Robbie Williams, Laura Pausini &amp; Nicole Scherzinger I FIFA World Cup 2026™ Closing Ceremony";This song, man..... I knew this song once both nations' flags entered. and this full, man... simply made my ears blessed;@marcellistanto_DAOP1;2026-07-20T13:59:39Z;3
UgyESqNcAxmAyxn_PT14AaABAg;FIFA World Cup 2026;255fu3eE1qk;"Robbie Williams, Laura Pausini &amp; Nicole Scherzinger I FIFA World Cup 2026™ Closing Ceremony";"No one can roll their ""R's"" like Laura can";@antonios293;2026-07-21T04:28:15Z;2
Ugw1N1Hm8RInPLllzwB4AaABAg;FIFA World Cup 2026;255fu3eE1qk;"Robbie Williams, Laura Pausini &amp; Nicole Scherzinger I FIFA World Cup 2026™ Closing Ceremony";"1:17 Laura Pausini singing ""cuando el diablo nos mire tendremos valor, That translates WHEN THE DEVIL SEE US WILL HAVE WORTH"" I am speechless, be careful cuz there's a spiritual warefare";@mayrakiara7852;2026-07-20T15:44:31Z;58
UgztnOKlabA9HrceYBh4AaABAg;FIFA World Cup 2026;B7hIiaXBpco;The FIFA World Cup Final 2026™ Topps Halftime Show;Dynamite after 6 years still gets me so HYPEEED;@pinkvalleys;2026-07-19T22:22:00Z;24839
UgyMXI9pT7gBqnAIblh4AaABAg;FIFA World Cup 2026;B7hIiaXBpco;The FIFA World Cup Final 2026™ Topps Halftime Show;"I like that BTS adjusted the lyrics to ""King Kong, kick the ball"" and ""Iced tea and a game of football"". Such a cute lil touch.";@user_xn477;2026-07-20T00:52:25Z;14367
UgwrfTntDCPm20pC3yd4AaABAg;FIFA World Cup 2026;B7hIiaXBpco;The FIFA World Cup Final 2026™ Topps Halftime Show;JungKook sang alone 4 years ago and today he brought his brothers with him.;@anapark2833;2026-07-20T00:01:11Z;15438
Ugw9dHfM0Z6yvm1ac2p4AaABAg;FIFA World Cup 2026;B7hIiaXBpco;The FIFA World Cup Final 2026™ Topps Halftime Show;The best part is seeing the world come together!❤;@janikaregine;2026-07-23T04:08:32Z;715
UgxtEvNxeivmkY_Ynst4AaABAg;FIFA World Cup 2026;B7hIiaXBpco;The FIFA World Cup Final 2026™ Topps Halftime Show;The transition from Norwegian rowing to dynamite is fire. Overall I loved the halftime and congratulations to Spain. Well deserved;@KutendaMvundura;2026-07-19T22:24:59Z;9061
UgwcpTdepcl-ncB-6Kl4AaABAg;FIFA World Cup 2026;B7hIiaXBpco;The FIFA World Cup Final 2026™ Topps Halftime Show;BTS were on tour in Paris for their biggest live audience ever just 24 hours before this, legends beat the jet lag 🔥🔥;@psjfdkld;2026-07-19T23:20:34Z;10795
UgxNbDNuxBPcc4r0sX54AaABAg;FIFA World Cup 2026;B7hIiaXBpco;The FIFA World Cup Final 2026™ Topps Halftime Show;"It’s sad to see that no one in the comments is showing Justin any love just because he didn't sing the typical popular song; instead, he chose to perform a song that raises humanity's awareness. For me, Justin was the best part of the halftime show.❤❤❤";@aliceivelisse;2026-07-23T09:01:08Z;802
UgzLywNf_nMqp80eeV54AaABAg;FIFA World Cup 2026;B7hIiaXBpco;The FIFA World Cup Final 2026™ Topps Halftime Show;"From Jungkook performing alone in 2022 to BTS performing together in 2026 for the FIFA!!!!! 
WE HAVE COME SO FAR 🥹💜";@kikeuuu04;2026-07-19T22:32:23Z;9701
Ugw3pV4UgL5MYyDUvp14AaABAg;FIFA World Cup 2026;B7hIiaXBpco;The FIFA World Cup Final 2026™ Topps Halftime Show;Who here after spain won ❤❤❤;@islandwideTravel24;2026-07-19T22:06:04Z;19167
Ugx7AS_REXFld4oklJ54AaABAg;FIFA World Cup 2026;B7hIiaXBpco;The FIFA World Cup Final 2026™ Topps Halftime Show;"""ice tea, and a game of ping-pong"" ❌
""ice tea, and a game of football"" ✅

THEY KNOW HOW THEY DO DO DO DO 💜";@dhanenya;2026-07-19T22:14:29Z;2395
Ugzgv4EDWeBL5qKTNpF4AaABAg;FIFA World Cup 2026;B7hIiaXBpco;The FIFA World Cup Final 2026™ Topps Halftime Show;The transition from Norway rowing to dynamite is fire;@رعدالعراقي-س7ج;2026-07-22T20:22:58Z;120
UgwkWigT_NAwHnR1De54AaABAg;FIFA World Cup 2026;B7hIiaXBpco;The FIFA World Cup Final 2026™ Topps Halftime Show;Today and always, Shakira is proving why she's invited to these kinds of events and why she holds the title of Queen of the World Cup, and today that was more than evident. Beautiful Shakira, always giving it her all.;@SanCerinza;2026-07-20T00:52:18Z;4047
UgwTd_GmXqYBP0tZ8GV4AaABAg;FIFA World Cup 2026;B7hIiaXBpco;The FIFA World Cup Final 2026™ Topps Halftime Show;Shakira is not just a singer she's part of FIFA 🏆;@AbdulNazeem-n6b;2026-07-19T22:20:37Z;2287
UgxKDpESUAkYPkj4jsR4AaABAg;FIFA World Cup 2026;B7hIiaXBpco;The FIFA World Cup Final 2026™ Topps Halftime Show;Jungkook and Shakira are the only ones in history to have performed at the World Cup multiple times!⚽🏆🏅💥;@Lancelot1423;2026-07-19T22:30:07Z;2998
UgzuhcBhXZZfYLCy8xF4AaABAg;FIFA World Cup 2026;B7hIiaXBpco;The FIFA World Cup Final 2026™ Topps Halftime Show;Everyone talking about the artists performance meanwhile I'm really admire how clean the cinematography and transition in a live show. Really a phenomenal teamwork.;@pariyendrembam;2026-07-24T07:10:07Z;5
UgwMCnbXCDb5RcCqXZl4AaABAg;FIFA World Cup 2026;B7hIiaXBpco;The FIFA World Cup Final 2026™ Topps Halftime Show;No matter how many years pass, BTS on a FIFA stage will always be iconic.;@Ahaneer;2026-07-19T22:28:21Z;2908
Ugwv2i2CZB2gO04TeKV4AaABAg;FIFA World Cup 2026;B7hIiaXBpco;The FIFA World Cup Final 2026™ Topps Halftime Show;The kids that danced with Shakira were amazing. I’ve seen videos of these children before and how they came about become famous!;@MarianNelms-id9ye;2026-07-20T13:09:37Z;1289
Ugygn3vlyzaM2bFVHGl4AaABAg;FIFA World Cup 2026;B7hIiaXBpco;The FIFA World Cup Final 2026™ Topps Halftime Show;Madonna with Ronaldinho and Ronaldo is absolutely legendary 🔥;@1469ohio;2026-07-20T00:52:40Z;1962
UgxZbGetON0xq6HtH994AaABAg;FIFA World Cup 2026;B7hIiaXBpco;The FIFA World Cup Final 2026™ Topps Halftime Show;"""King kong, kick the ball"" 

""Iced tea and a game of football"".";@mnisabiha;2026-07-22T10:18:38Z;16
UgyyrM2cEQF1IqzGU0Z4AaABAg;FIFA World Cup 2026;B7hIiaXBpco;The FIFA World Cup Final 2026™ Topps Halftime Show;Just realized Ronaldo, Ronaldinho, Burna Boy, Shakira, and BTS all joined the kids choir and Coldplay at the very end❤;@evalinealojzia;2026-07-21T13:07:56Z;1390
Ugx54KWuK61KS5uVq-R4AaABAg;FIFA World Cup 2026;B7hIiaXBpco;The FIFA World Cup Final 2026™ Topps Halftime Show;Can't believe BTS wrapped their historic 2 nights in Paris with 180k audience, immediately got on a 10 hour flight and reached NYC only few hours before the match to delivering a flawless live performance. Man 13 years in the game and they love their craft. Nothing but respect❤;@yeseniajenny;2026-07-20T14:11:42Z;2311
Ugx6SzGUaQzUdYq_wpB4AaABAg;FIFA World Cup 2026;B7hIiaXBpco;The FIFA World Cup Final 2026™ Topps Halftime Show;I was one of the female dancers in this performance, and I can honestly say it was an unforgettable experience. Working with Shakira was such an amazing opportunity, and sharing the stage with legends like Ronaldo and Ronaldinho made it even more special. Moments like this stay with you forever.;@Lexisgoodsoul;2026-07-19T22:10:53Z;2465
Ugx18RCKrqXjR5Dl4_x4AaABAg;FIFA World Cup 2026;B7hIiaXBpco;The FIFA World Cup Final 2026™ Topps Halftime Show;Did anyone notice at the end of the half time show during the children's performance when everyone stepped in to front but BTS and Justin bieber moved to back without stealing the spotlight.. Such a nice a thoughtful gesture from them.. 🥰;@justalivingbein1584;2026-07-24T04:12:17Z;5
UgxcVq9zSA1A7QMxOqt4AaABAg;FIFA World Cup 2026;B7hIiaXBpco;The FIFA World Cup Final 2026™ Topps Halftime Show;From Jungkook performing in 2022 to whole group performing in 2026...BTS you paved the way 🥹💜️💜️;@jungguk27;2026-07-19T22:52:02Z;1759
Ugx8r0fGdeQDwCVYS5h4AaABAg;FIFA World Cup 2026;B7hIiaXBpco;The FIFA World Cup Final 2026™ Topps Halftime Show;The fact that bts reached US like 5 hours before the show and then rehearsed but still nailed the performance is crazy;@gotnojams3460;2026-07-20T00:29:35Z;1570
Ugz7NnQ-0iUjDWo4E5V4AaABAg;FIFA World Cup 2026;e6a6lppWZkQ;Ferran Torres Goal | Spain 1-0 Argentina | FIFA World Cup 2026™ FINAL;The goal that saved the world from noise pollution. 😊;@LuciusMarsPardusMaximus;2026-07-20T00:45:44Z;1498
Ugx9Fm2iwJkvBLhKNyB4AaABAg;FIFA World Cup 2026;e6a6lppWZkQ;Ferran Torres Goal | Spain 1-0 Argentina | FIFA World Cup 2026™ FINAL;Huge credit to Spain for finally breaking Speed's curse;@yeseniajenny;2026-07-20T14:10:22Z;729
UgwCJx7IMruDF39et314AaABAg;FIFA World Cup 2026;e6a6lppWZkQ;Ferran Torres Goal | Spain 1-0 Argentina | FIFA World Cup 2026™ FINAL;it’s gonna be so weird staying up late without the World Cup in the background;@Wano-Kuno;2026-07-20T00:41:47Z;513
UgyRiTK8rucnC8B2Bex4AaABAg;FIFA World Cup 2026;e6a6lppWZkQ;Ferran Torres Goal | Spain 1-0 Argentina | FIFA World Cup 2026™ FINAL;Congratulations for Spain for winning the 2026 World Cup. Vamos Espana;@AhmadDaffaAthaHidayat-j6k;2026-07-20T00:45:28Z;491
UgybUZvppftQf-lTV9F4AaABAg;FIFA World Cup 2026;e6a6lppWZkQ;Ferran Torres Goal | Spain 1-0 Argentina | FIFA World Cup 2026™ FINAL;Spain deserve it. I'm happy for them. 🏆;@KendrickMufasaLIVE;2026-07-20T01:05:24Z;229
Ugw-AvRguwM_yXCcVXl4AaABAg;FIFA World Cup 2026;e6a6lppWZkQ;Ferran Torres Goal | Spain 1-0 Argentina | FIFA World Cup 2026™ FINAL;Wonderful goal and deserved victory;@losco8022;2026-07-20T00:46:36Z;175
UgwwLwBq7f9-YVhwxYN4AaABAg;FIFA World Cup 2026;e6a6lppWZkQ;Ferran Torres Goal | Spain 1-0 Argentina | FIFA World Cup 2026™ FINAL;Ferran deserved this goal more than anyone on this team, the mentality this guy has to keep going, even when everyone hated him and looked down on him ever since he came to barcelona, is absolutely elite ❤❤;@CristiDavid14;2026-07-20T02:58:14Z;129
UgymPdgnuxVOelIaxc54AaABAg;FIFA World Cup 2026;e6a6lppWZkQ;Ferran Torres Goal | Spain 1-0 Argentina | FIFA World Cup 2026™ FINAL;Ferran Torres has now cemented his legend within the Spanish national team.;@__LALISA__WORLDWIDENUMBERONE;2026-07-20T01:00:11Z;110
UgzFfMIc2LrXyCrR4GZ4AaABAg;FIFA World Cup 2026;e6a6lppWZkQ;Ferran Torres Goal | Spain 1-0 Argentina | FIFA World Cup 2026™ FINAL;18 years ago, Fernando Torres started a new era of Spain. 18 years later, Ferran Torres carried on that legacy.;@Mavericks.5052;2026-07-20T14:55:16Z;14
UgzW8zTDZc1NiJ_GJVJ4AaABAg;FIFA World Cup 2026;e6a6lppWZkQ;Ferran Torres Goal | Spain 1-0 Argentina | FIFA World Cup 2026™ FINAL;Congratulations to Spain, I mean it, what a fantastic performance, pure endless control 👏🏻 🇪🇸🥇;@nicowagnerj;2026-07-20T03:36:22Z;24
UgzstUC3RRIWu_m8hLt4AaABAg;FIFA World Cup 2026;e6a6lppWZkQ;Ferran Torres Goal | Spain 1-0 Argentina | FIFA World Cup 2026™ FINAL;Congratulations to Spain and all its citizens.  Keep Winning;@muhammedemraan527;2026-07-20T01:21:35Z;25
UgyzmLYWlHpCMQ5hHEB4AaABAg;FIFA World Cup 2026;e6a6lppWZkQ;Ferran Torres Goal | Spain 1-0 Argentina | FIFA World Cup 2026™ FINAL;Ferran torres saved humanity ❤ thank you;@pratimbhattacharjee2283;2026-07-20T09:35:45Z;10
Ugw3Pl2iFmbeF-x1_7V4AaABAg;FIFA World Cup 2026;e6a6lppWZkQ;Ferran Torres Goal | Spain 1-0 Argentina | FIFA World Cup 2026™ FINAL;After his performance in the first game, we all doubted him wrongfully.;@RedditStorees;2026-07-20T01:58:11Z;16
UgzeljRp6M0Rj2LKTiB4AaABAg;FIFA World Cup 2026;e6a6lppWZkQ;Ferran Torres Goal | Spain 1-0 Argentina | FIFA World Cup 2026™ FINAL;Ferran really deserves this goal, He got a pretty evil arc in his life, He begged for goal against Saudi after 4:0, Finally he seems happy, Espanol Vamos;@thsee5667;2026-07-20T10:34:04Z;9
Ugx-jj4m1hWNXe7u4wl4AaABAg;FIFA World Cup 2026;e6a6lppWZkQ;Ferran Torres Goal | Spain 1-0 Argentina | FIFA World Cup 2026™ FINAL;The better country won! Viva España!;@Bacano115;2026-07-20T03:07:21Z;17
Ugw5lBIqBnyN9uPGAs54AaABAg;FIFA World Cup 2026;e6a6lppWZkQ;Ferran Torres Goal | Spain 1-0 Argentina | FIFA World Cup 2026™ FINAL;Finals were definitely not the highlight of this world-cup, but at least Spain won. Argentina and its players were so incredibly unsportsmanlike throughout this entire event.;@HiddenWen;2026-07-20T01:50:41Z;55
UgwG6QmkMa2jq-dZzHF4AaABAg;FIFA World Cup 2026;e6a6lppWZkQ;Ferran Torres Goal | Spain 1-0 Argentina | FIFA World Cup 2026™ FINAL;That one goal which changed the entire football;@MrAnnanBro;2026-07-20T07:34:55Z;9
UgxurpOjKD65Qlfb8hV4AaABAg;FIFA World Cup 2026;e6a6lppWZkQ;Ferran Torres Goal | Spain 1-0 Argentina | FIFA World Cup 2026™ FINAL;Thank you Ferran Torres for saving us from noise pollution ❤;@UmarAkmal_Official;2026-07-20T00:45:11Z;18
UgxJ_O0OIq26eXEcqdx4AaABAg;FIFA World Cup 2026;e6a6lppWZkQ;Ferran Torres Goal | Spain 1-0 Argentina | FIFA World Cup 2026™ FINAL;From a Romanian mom, a UK dad and a Swedish Baby, we have prayed for you Spain🙌🏻🙌🏻🙌🏻🙌🏻❤️❤️❤️❤️❤️❤️;@madalinapopa1021;2026-07-20T03:51:12Z;5
Ugyz6yrpTTAcdZ-c_c54AaABAg;FIFA World Cup 2026;e6a6lppWZkQ;Ferran Torres Goal | Spain 1-0 Argentina | FIFA World Cup 2026™ FINAL;Spain fully deserved this victory. They didn’t win by luck—they earned it by defeating some of the strongest teams in the tournament: Austria 🇦🇹, Belgium 🇧🇪, Portugal 🇵🇹, France 🇫🇷, and finally Argentina 🇦🇷.;@ahmedatteya7024;2026-07-20T12:57:10Z;3
Ugx_3Th0LwxabyCeiSF4AaABAg;FIFA World Cup 2026;e6a6lppWZkQ;Ferran Torres Goal | Spain 1-0 Argentina | FIFA World Cup 2026™ FINAL;"Thank you Spain 
For saving us from noise❤";@sammajeed7486;2026-07-20T11:43:00Z;4
UgyptlVemWuIXk36Zox4AaABAg;FIFA World Cup 2026;e6a6lppWZkQ;Ferran Torres Goal | Spain 1-0 Argentina | FIFA World Cup 2026™ FINAL;Ferran Torres next generation Fernando Torres, Underrated, yet sometimes leads the team to the championship.;@Youtopia743;2026-07-21T06:23:26Z;3
UgyUAFl24s0XEWYgLN54AaABAg;FIFA World Cup 2026;e6a6lppWZkQ;Ferran Torres Goal | Spain 1-0 Argentina | FIFA World Cup 2026™ FINAL;Love you, Spain from Bangladesh🥰 You worth it.;@FarinKhanArtAcademy;2026-07-20T11:24:56Z;6
UgzGGCEEkgSVvsVILuJ4AaABAg;FIFA World Cup 2026;e6a6lppWZkQ;Ferran Torres Goal | Spain 1-0 Argentina | FIFA World Cup 2026™ FINAL;By far the most satisfying payback goal I have ever seen;@iqranedzereie6026;2026-07-20T10:53:34Z;3
UgyTGJmiHW6c_Qlf8Gt4AaABAg;FIFA World Cup 2026;e6a6lppWZkQ;Ferran Torres Goal | Spain 1-0 Argentina | FIFA World Cup 2026™ FINAL;THANK YOU SO MUCH FIFA WORLD CUP 2026 THAT'S BE VERY SPECIAL CUP AND MY FAMILY HAVE SPECIAL MOMENTS WITH THIS;@Bilgeongoyangi;2026-07-20T00:42:05Z;7
UgyPowi8GA5_yt8XDtx4AaABAg;FIFA World Cup 2026;yRoWV1Ik-o0;All Penalties In Regular Time | FIFA World Cup 2026™;Of course they had to put ronaldo as the thumbnail😂;@mcnuggetiscool;2026-07-22T03:47:18Z;315
UgzDJKYdDelOKScdGVF4AaABAg;FIFA World Cup 2026;yRoWV1Ik-o0;All Penalties In Regular Time | FIFA World Cup 2026™;GOAT In the thumbnail = Pure Aura;@SuperFootball22;2026-07-22T04:30:15Z;116
UgwLRMAg_Uu62hZc_tl4AaABAg;FIFA World Cup 2026;yRoWV1Ik-o0;All Penalties In Regular Time | FIFA World Cup 2026™;The idea is outstanding I will come back to watch it again.;@MukeshKumar-kr1kr;2026-07-22T03:05:42Z;8
Ugz1o6EiBvucRq281rh4AaABAg;FIFA World Cup 2026;yRoWV1Ik-o0;All Penalties In Regular Time | FIFA World Cup 2026™;The editing is exactly what I needed It helped me understand better.;@MelodyJaila;2026-07-22T11:22:14Z;5
Ugwbr0Y7Me-vGkOMApl4AaABAg;FIFA World Cup 2026;yRoWV1Ik-o0;All Penalties In Regular Time | FIFA World Cup 2026™;The editing is clear and easy to follow I enjoyed every second of it.;@SituReeyal;2026-07-22T16:44:42Z;4
Ugx6ZmaGLn6V1dU35al4AaABAg;FIFA World Cup 2026;yRoWV1Ik-o0;All Penalties In Regular Time | FIFA World Cup 2026™;The production quality is well made I learned a lot from it.;@ایوبکر-خ2ظ;2026-07-22T05:56:31Z;3
UgwnQPU2Djfam-BDKPp4AaABAg;FIFA World Cup 2026;yRoWV1Ik-o0;All Penalties In Regular Time | FIFA World Cup 2026™;The production quality is exactly what I needed It helped me understand better.;@BharatParmar-xu7ko;2026-07-22T13:09:22Z;0
Ugx0Ia6J89L3N7LPey14AaABAg;FIFA World Cup 2026;yRoWV1Ik-o0;All Penalties In Regular Time | FIFA World Cup 2026™;This video is really helpful This deserves recognition.;@NirajKumar-z4z9h;2026-07-23T20:53:11Z;1
Ugw7lpClqRks6NEJ0n54AaABAg;FIFA World Cup 2026;yRoWV1Ik-o0;All Penalties In Regular Time | FIFA World Cup 2026™;This tutorial is exactly what I needed I will come back to watch it again.;@SunilHero-h6v;2026-07-23T03:36:19Z;0
UgybiZDytZqe7vJCmS14AaABAg;FIFA World Cup 2026;yRoWV1Ik-o0;All Penalties In Regular Time | FIFA World Cup 2026™;This performance is clear and easy to follow It deserves more views.;@FannieAlexander-i5t;2026-07-22T12:27:55Z;0
Ugz11Xxa4ISTiSRf9754AaABAg;FIFA World Cup 2026;yRoWV1Ik-o0;All Penalties In Regular Time | FIFA World Cup 2026™;The editing is clear and easy to follow This deserves recognition.;@jayrambanavath-nm7kx;2026-07-22T07:25:04Z;0
UgzIZmjnePYCATBMhH54AaABAg;FIFA World Cup 2026;yRoWV1Ik-o0;All Penalties In Regular Time | FIFA World Cup 2026™;The way you present is exactly what I needed I will come back to watch it again.;@SunilDacchu-o2r;2026-07-23T23:03:19Z;0
UgyUotzepUM5QYLE5EZ4AaABAg;FIFA World Cup 2026;yRoWV1Ik-o0;All Penalties In Regular Time | FIFA World Cup 2026™;The production quality is worth sharing This deserves recognition.;@yerralakshman8191;2026-07-22T13:15:21Z;0
UgxQkIhHaIYCK0TfKIp4AaABAg;FIFA World Cup 2026;yRoWV1Ik-o0;All Penalties In Regular Time | FIFA World Cup 2026™;This tutorial is clear and easy to follow I enjoyed every second of it.;@CabFata;2026-07-22T16:24:46Z;0
UgzRiDDUJ1pWDBJPNPB4AaABAg;FIFA World Cup 2026;yRoWV1Ik-o0;All Penalties In Regular Time | FIFA World Cup 2026™;The content is clear and easy to follow This deserves recognition.;@HcOwenWatkins;2026-07-23T16:48:01Z;0
UgxLINDn4j0Awlp_eM94AaABAg;FIFA World Cup 2026;yRoWV1Ik-o0;All Penalties In Regular Time | FIFA World Cup 2026™;The way you present is exactly what I needed I learned a lot from it.;@Ahamedshorif-d7w3h;2026-07-22T11:08:27Z;0
UgyXToul8eiiyKkL8LR4AaABAg;FIFA World Cup 2026;yRoWV1Ik-o0;All Penalties In Regular Time | FIFA World Cup 2026™;The way you present is very impressive This deserves recognition.;@MdJuber-v8s3u;2026-07-22T12:37:16Z;0
UgzlH0bEY70PEUKu82N4AaABAg;FIFA World Cup 2026;yRoWV1Ik-o0;All Penalties In Regular Time | FIFA World Cup 2026™;The production quality is top notch This deserves recognition.;@SfSf-z8d;2026-07-23T11:43:35Z;0
UgzhSS4lPfEnf27n-9J4AaABAg;FIFA World Cup 2026;yRoWV1Ik-o0;All Penalties In Regular Time | FIFA World Cup 2026™;The way you present is underrated I will come back to watch it again.;@SholaOlatoyan-m3r;2026-07-24T11:50:29Z;0
Ugwytny4yAB4pivLV6t4AaABAg;FIFA World Cup 2026;yRoWV1Ik-o0;All Penalties In Regular Time | FIFA World Cup 2026™;Your explanation is underrated I will come back to watch it again.;@SiddhuNagaluri;2026-07-22T17:23:37Z;0
Ugx-XKZLmdOw2Iu_rd14AaABAg;FIFA World Cup 2026;yRoWV1Ik-o0;All Penalties In Regular Time | FIFA World Cup 2026™;This channel is clear and easy to follow It deserves more views.;@Saraswathi-b4v3q;2026-07-22T06:01:49Z;0
UgyBNMPqif9oLpb90a94AaABAg;FIFA World Cup 2026;yRoWV1Ik-o0;All Penalties In Regular Time | FIFA World Cup 2026™;The production quality is worth sharing I will come back to watch it again.;@ganeshkalli7569;2026-07-23T07:13:52Z;0
UgxRR4P1XcZfVAV9s7h4AaABAg;FIFA World Cup 2026;yRoWV1Ik-o0;All Penalties In Regular Time | FIFA World Cup 2026™;The editing is outstanding I will come back to watch it again.;@ShatendraYadav-q3g;2026-07-22T09:26:43Z;0
UgxXK8L9bxRAr1WDcw94AaABAg;FIFA World Cup 2026;yRoWV1Ik-o0;All Penalties In Regular Time | FIFA World Cup 2026™;This video is top notch I will come back to watch it again.;@TazimAli-g6w2t;2026-07-22T15:54:40Z;0
UgzxK6XUjZ5T8rorBit4AaABAg;FIFA World Cup 2026;yRoWV1Ik-o0;All Penalties In Regular Time | FIFA World Cup 2026™;The production quality is clear and easy to follow I really appreciate the effort.;@subasdas3101;2026-07-22T19:15:28Z;0
UgyfnCncdtuuAwOEQmJ4AaABAg;FIFA World Cup 2026;4SDvow2ioDw;Highlights | France 4-6 England | FIFA World Cup 2026™ Bronze Final;2 minute highlight video for this match is criminal;@shivansh12951;2026-07-19T17:54:46Z;3839
UgzJdYQkICfKQIRZUUR4AaABAg;FIFA World Cup 2026;4SDvow2ioDw;Highlights | France 4-6 England | FIFA World Cup 2026™ Bronze Final;"Saturday: 10 goals in 90 minutes
Sunday: 1 goal in 120 minutes";@godsservant4412;2026-07-20T07:06:27Z;629
Ugwsze9WU5JXYHDa3oV4AaABAg;FIFA World Cup 2026;4SDvow2ioDw;Highlights | France 4-6 England | FIFA World Cup 2026™ Bronze Final;Mbappe suddenly remembered he could win the golden boot in half time.;@JHPII;2026-07-19T17:50:52Z;2201
Ugy7Zlqe1PpciMcP4OV4AaABAg;FIFA World Cup 2026;4SDvow2ioDw;Highlights | France 4-6 England | FIFA World Cup 2026™ Bronze Final;France gifting England the third medal and England gifting France the golden boot 😂;@MasionNotCool;2026-07-19T17:48:23Z;759
Ugy_cwoBdKRgZJmA4dx4AaABAg;FIFA World Cup 2026;4SDvow2ioDw;Highlights | France 4-6 England | FIFA World Cup 2026™ Bronze Final;Both the teams had nothing to lose..So they played their normal game without any pressure;@Science_Tech4u;2026-07-19T17:59:08Z;1463
UgwGvgjNRhNIbjFxdr94AaABAg;FIFA World Cup 2026;4SDvow2ioDw;Highlights | France 4-6 England | FIFA World Cup 2026™ Bronze Final;Lowkey one of the few peaceful game of the world cup✌🏻😭;@Dramawhisperrr;2026-07-19T17:52:54Z;1051
UgwBkQJ67M4IM99TD1V4AaABAg;FIFA World Cup 2026;4SDvow2ioDw;Highlights | France 4-6 England | FIFA World Cup 2026™ Bronze Final;Watch this game be more entertaining than the finals;@Pigmaa;2026-07-19T18:15:02Z;349
Ugx0Izfr4W0jKKuoE-B4AaABAg;FIFA World Cup 2026;4SDvow2ioDw;Highlights | France 4-6 England | FIFA World Cup 2026™ Bronze Final;This game was a fever dream...;@MasionNotCool;2026-07-19T17:46:39Z;951
Ugy3WbKFZ8Jcj-d2sF54AaABAg;FIFA World Cup 2026;4SDvow2ioDw;Highlights | France 4-6 England | FIFA World Cup 2026™ Bronze Final;"Ferran deserved this goal more than anyone on this team; the mentality this guy has to keep going, even though everyone hated him and looked down on him since he came to Barcelona, is absolutely elite";@elzasookie;2026-07-20T18:53:32Z;442
Ugx4wf6Dz7_Rl4tlF_d4AaABAg;FIFA World Cup 2026;4SDvow2ioDw;Highlights | France 4-6 England | FIFA World Cup 2026™ Bronze Final;10 Goal in 1 match is crazy 💀💀;@JHPII;2026-07-19T17:52:02Z;529
UgxMzBaUDPa6Xcaf2bZ4AaABAg;FIFA World Cup 2026;4SDvow2ioDw;Highlights | France 4-6 England | FIFA World Cup 2026™ Bronze Final;This game should have been the final;@gautamv09;2026-07-19T19:04:45Z;247
UgydLy50ko3E5_js2Tl4AaABAg;FIFA World Cup 2026;4SDvow2ioDw;Highlights | France 4-6 England | FIFA World Cup 2026™ Bronze Final;This has 10x more goals than Spain vs Argentina 😂;@Deanisatyt;2026-07-19T23:23:59Z;156
UgzViK01ZbscP7tmTyJ4AaABAg;FIFA World Cup 2026;4SDvow2ioDw;Highlights | France 4-6 England | FIFA World Cup 2026™ Bronze Final;This is exactly the third-place match we needed! We haven’t seen this many goals at this World Cup yet, and it all happened in regular time.;@AkrobatycznyDaniel;2026-07-19T18:25:02Z;153
Ugx7Lgurvjs1e20tg0J4AaABAg;FIFA World Cup 2026;4SDvow2ioDw;Highlights | France 4-6 England | FIFA World Cup 2026™ Bronze Final;3rd-place final was 1000x more entertaining than the actual final;@christiankamsu36;2026-07-19T23:19:57Z;69
UgzmCH1QQfxipO6FEDZ4AaABAg;FIFA World Cup 2026;4SDvow2ioDw;Highlights | France 4-6 England | FIFA World Cup 2026™ Bronze Final;Way better than the actual final.;@SuperAdventureR1301;2026-07-20T08:15:59Z;47
UgxbuZ03HgTnIijR8bR4AaABAg;FIFA World Cup 2026;4SDvow2ioDw;Highlights | France 4-6 England | FIFA World Cup 2026™ Bronze Final;The best match in the whole WC26 tournament, way better than the Final;@DawanRi-iaki;2026-07-20T07:38:56Z;60
UgyMrhkg2r4Yhi4X2qd4AaABAg;FIFA World Cup 2026;4SDvow2ioDw;Highlights | France 4-6 England | FIFA World Cup 2026™ Bronze Final;i dont even know how to describe this game;@jeremiahsheehan9426;2026-07-19T17:52:39Z;259
UgyL0ubtX1buwGl_ck54AaABAg;FIFA World Cup 2026;4SDvow2ioDw;Highlights | France 4-6 England | FIFA World Cup 2026™ Bronze Final;"*Probably going to be a better game than the upcoming final.*

When you've got nothing to lose, you play fearlessly, this was what football was meant to be like, not the modern day games where teams play out of fear and not out of the love for the game.";@Drarjunmenon;2026-07-19T18:42:22Z;105
Ugyz35bfDM9KxMNvPR54AaABAg;FIFA World Cup 2026;4SDvow2ioDw;Highlights | France 4-6 England | FIFA World Cup 2026™ Bronze Final;They both lost the semi final but give us the best game of the world cup well done to both teams x;@LorenKirwan;2026-07-20T00:39:57Z;32
Ugx3KvXA4CJ4riC9mMp4AaABAg;FIFA World Cup 2026;4SDvow2ioDw;Highlights | France 4-6 England | FIFA World Cup 2026™ Bronze Final;Ironic that this game turned out to be the footballing spectacle the final wasn't;@chrisveness1892;2026-07-19T22:40:12Z;33
UgwOKNFFGs4h7mzzdvB4AaABAg;FIFA World Cup 2026;4SDvow2ioDw;Highlights | France 4-6 England | FIFA World Cup 2026™ Bronze Final;I cant believe they scored 10 goals in one match, im proud of us england, but also france for contributing to history as well, i dont think we can recreate this in a long time;@Cof4_talks;2026-07-19T18:02:13Z;74
UgwFzaUP9hfRscbAriV4AaABAg;FIFA World Cup 2026;4SDvow2ioDw;Highlights | France 4-6 England | FIFA World Cup 2026™ Bronze Final;Mbappe realising on half time : OH wait! i still have a chance to win golden boot😎;@torifootball-u2i;2026-07-23T15:12:59Z;4
Ugype1K7j6Gh8NQOZc14AaABAg;FIFA World Cup 2026;4SDvow2ioDw;Highlights | France 4-6 England | FIFA World Cup 2026™ Bronze Final;Probably the best of match this world cup....no unwanted fouls...no unwanted stoppages....no drama..not much modern philosophical football master plans....only pure old school direct football ⚽ most of all no hate....both sets of players respecting each other ❤;@sachusundaresan;2026-07-19T18:45:27Z;51
Ugxhx-277AGSLsjPvPB4AaABAg;FIFA World Cup 2026;4SDvow2ioDw;Highlights | France 4-6 England | FIFA World Cup 2026™ Bronze Final;Both coaches should be arrested for robbing us of this France vs England final;@sigc-x6r;2026-07-19T20:49:06Z;51
UgzZZq1fGZPN_-aVETR4AaABAg;FIFA World Cup 2026;4SDvow2ioDw;Highlights | France 4-6 England | FIFA World Cup 2026™ Bronze Final;Now England realising they can also play like this;@DankCaprio;2026-07-19T18:00:55Z;39
