comment_id,topic,video_id,text,author,like_count,published_at
UgxEMilo7jWtVU2oamR4AaABAg,Climate,i94at4xQJw0,"The real challenges,  denial!  The term you are looking for is **normalcy bias** (sometimes called the ostrich effect, though normalcy bias is the precise psychological term for disaster response).

It is a cognitive bias that causes people to underestimate both the likelihood of a disaster and its potential effects.",@deadwalking100,0,2026-07-16 01:51:49+00:00
UgwW-3g1m68UjhrstgR4AaABAg,Climate,i94at4xQJw0,Open the Greenland Voids!!!! 😮,@ChrisPatrick-q6k,0,2026-07-08 05:47:17+00:00
UgxVJtLA45l3JyJZDvd4AaABAg,Climate,_b_sGbjSVZQ,"The most concerning thing about this is the fact that i've heard some scientists have said that once this super el nino comes, that will be the new normal, i dont really think this thing is going away, this might be the last year of normal weather and normal temperatures and i can only blame our stupidity for this, now we are going to be stuck in this era for a long time and possibly forever, my god what have we done that led us to this?!",@kinzua_king2010,3,2026-07-06 23:55:33+00:00
UgxfkxbS-ykpFN9ytgN4AaABAg,Climate,XJIDvwwPb1Q,"If you think the global heating situation is ever going to get better, think again.  Every city in the world is dealing with some aspect if this: EVERY ONE.  

More than fifty years ago, it was time to wake up, but somehow the world is still asleep.",@wildmano1965,0,2026-07-03 18:51:17+00:00
Ugz-JYZZs_ek5Pc81jp4AaABAg,Climate,_b_sGbjSVZQ,aight fellas i have this gutfeeling that the 20s haven't been very great so far,@gergopal9827,4,2026-07-02 11:01:33+00:00
Ugw7ktfVTWrm0YUg9RZ4AaABAg,Climate,_b_sGbjSVZQ,"Man, earth still be here long after we die off.
Or, we are in a simulation. 
Who knows.",@mattrehu8154,3,2026-07-02 05:51:28+00:00
UgyLXbQsU5aoMQ31y4V4AaABAg,Climate,tRA2SfSk2Tc,"Thanks Neil , a voice of reason in a world not prepared to listen until it's to late .",@GarryJakes-gl9sw,6,2026-07-01 09:44:05+00:00
UgzgtrRaAVuux_q83dZ4AaABAg,Climate,i94at4xQJw0,I blame climate change deniers for this!,@AmaraChan-e9k,1,2026-07-01 02:43:46+00:00
UgyVTN1Vc_GpfUpqJWV4AaABAg,Climate,tRA2SfSk2Tc,I am 72. Weather in winter rarely includes snow or ice events compared to the 50s and 60s. It is astounding to hear our current U.S. leaders deny climate change.,@robinkennedy9536,46,2026-06-30 10:39:21+00:00
UgximVb496u_3E6urA14AaABAg,Climate,i94at4xQJw0,Noo stronger hurricanes for us Floridians,@TravarisPudd,0,2026-06-30 07:19:03+00:00
UgyKzGeJRJMZ_bEzbaZ4AaABAg,Climate,i94at4xQJw0,"Only paying a huge carbon tax can save us now.

At least that’s what the rich tell us while they fly around on private jets.",@ClimbnFish,2,2026-06-30 02:26:24+00:00
UgxbCZplmc-L1yqFiEt4AaABAg,Climate,_b_sGbjSVZQ,Here after the 2 week most intense heatwave Europe has ever faced....,@Biolo-G_KJ,260,2026-06-30 01:47:24+00:00
UgzBOnM0KG5w1C0Y0bh4AaABAg,Climate,_b_sGbjSVZQ,"I’m going to teleport myself into an alternate universe, this one is screwed. Good luck everybody",@pilotstu4411,22,2026-06-29 01:13:01+00:00
UgyrGxGkLsTgPJxC1ZF4AaABAg,Climate,_b_sGbjSVZQ,Well this aged well,@tickyiconic,133,2026-06-28 08:12:43+00:00
UgxgNivT7hy2jONG_tN4AaABAg,Climate,_b_sGbjSVZQ,Bruh were getting Super El Niño before GTA VI,@Derozzi707,239,2026-06-27 11:28:56+00:00
UgwvkV5cjS9tw6WG7Q54AaABAg,Climate,_b_sGbjSVZQ,El Niño: the final boss before GTA 6 drops,@wevibin6504,2,2026-06-25 03:28:48+00:00
UgyajEMvXTUt_J028v14AaABAg,Climate,i94at4xQJw0,Nothing will happen lol,@pavlekovacevic1676,0,2026-06-22 16:02:45+00:00
Ugx3C0HdKjUwmzXqTX14AaABAg,Climate,i94at4xQJw0,But the human influenced climate change is a myth….,@OttoVonBismarck1890,1,2026-06-22 10:25:22+00:00
Ugyg1Ao_WgR-HaVqmMV4AaABAg,Climate,_b_sGbjSVZQ,"Ah, that explains why its snowing in goddamn June",@arthursxngel,4,2026-06-22 04:17:35+00:00
UgxXfgKGrCFZe8cnZ3d4AaABAg,Climate,i94at4xQJw0,So cool. All we get is blizzards in New England. 😢,@USMC978,0,2026-06-21 20:04:43+00:00
UgzmUAEYWiX_XsNKlaR4AaABAg,Climate,i94at4xQJw0,"So in other words all our ""efforts"" to protect the planet arent working and since we wanna fa...we gonna fo",@MrCoreymmatthews,1,2026-06-20 23:11:37+00:00
Ugy34yfdoX0HH0kYliR4AaABAg,Climate,i94at4xQJw0,"Oh no, what will we do?
A weather cycle we have lived with since the stone age. 
But now we are supposed to fear this natural cycle.",@Jason_g_kennedy,7,2026-06-19 22:16:35+00:00
Ugyyq5l7LP2aqO5AYs94AaABAg,Climate,i94at4xQJw0,"Quick question, does El Niño also intensify hurricanes and tornadoes like it did in 2011 with the super outbreak?",@Leomar_Forever,2,2026-06-19 22:07:49+00:00
UgwFLmhoE9M3jM3-Ypl4AaABAg,Climate,i94at4xQJw0,doomsday is close,@dissolver5388,3,2026-06-19 17:35:35+00:00
Ugzxd9aBv_TN5bFkN-x4AaABAg,Climate,_b_sGbjSVZQ,"""Not our problem"" - the billionaires, and the first trillionaire",@me-hk4ic,383,2026-06-17 16:26:56+00:00
UgykpYWpz9HAWoqX6l54AaABAg,Climate,_b_sGbjSVZQ,"In Puerto Rico, the heat is already extreme. 2-3 baths a day, a 15 minute ride without a/c in the car has you sweating intensely, 2 fans running at the same time and it's still hot af! And it's not even June or July. Water might dry out and leave us for weeks without water (it happens every summer). We're fked.",@HIVOLTAGEZzz,6,2026-06-16 13:53:38+00:00
UgwpHRlL7ZgOwuwTWbJ4AaABAg,Climate,_b_sGbjSVZQ,"12:24 so model projections often overshoot what happens, and the models thought we'd hit super El Niño status by July.... except its mid June and the Super El Niño was confirmed today. Certainly a time for history books to be written about for a number of reasons",@tylerr472,19,2026-06-14 04:59:27+00:00
UgyNgySfZii65L1fZl54AaABAg,Climate,_b_sGbjSVZQ,"That ain't an el niño, that's an el hombre.",@g_ssyrat,57,2026-06-12 04:55:50+00:00
Ugwuw7eHrk8kgb2cNzl4AaABAg,Climate,_b_sGbjSVZQ,Mother Nature never tells us what’s going to happen tomorrow.,@fridaye66,2,2026-06-11 22:14:45+00:00
Ugw4SvvWzGhl1W-tjwd4AaABAg,Climate,_b_sGbjSVZQ,We're going from worse to the worst.,@kristenmgr,34,2026-06-11 17:38:45+00:00
UgzjeNsU2ND_ozYRNWF4AaABAg,Climate,_b_sGbjSVZQ,15:30 you can blame Trump and Netanyahu for that last one,@Frankoman64,13,2026-06-11 16:46:28+00:00
Ugx2FzagLzw5N4ooTCh4AaABAg,Climate,_b_sGbjSVZQ,COULD THE WORLD JUST CHILL THE F OUT. I JUST STARTED BECOMING AN ADULT.,@kilogram_,58,2026-06-11 13:14:17+00:00
UgwtpMfFbGs1QWpcYrJ4AaABAg,Climate,_b_sGbjSVZQ,Its crazy how many once in a life moments we've had.,@Jmoly602az,2,2026-06-11 05:15:29+00:00
Ugx5B5GnFfVOqMpmGa54AaABAg,Climate,_b_sGbjSVZQ,I live in Brisbane Australia. It is like living in a swamp right now. It has been raining frequently for the last 15 years. I don't mind a few dry months from el nino.  But one of our weather experts recently stated there is no guarantee that the rain will significantly decrease even if el nino is super.,@stevenpeaketrainsandstuff3682,9,2026-06-10 06:45:25+00:00
UgyrFH2lCDLKYIYwuhl4AaABAg,Climate,_b_sGbjSVZQ,Earth: Brand New Day,@GeneralBaguette812,24,2026-06-10 06:02:51+00:00
UgzQbnuYFaxIGcw8vGp4AaABAg,Climate,_b_sGbjSVZQ,"8:56 when your advice to save the world is a payed promotion, respect bro",@Casshh888,20,2026-06-10 02:50:21+00:00
UgwV0nMWRHy92GoOrXR4AaABAg,Climate,_b_sGbjSVZQ,"In Nicaragua just started raining, when usually it starts raining at the beginning of May. So this is already an unusual year.",@FelonMusk101,3,2026-06-10 02:15:41+00:00
UgwDNqvoVdIOWMFmc9x4AaABAg,Climate,_b_sGbjSVZQ,I love how people act like 140 years is a long time when it comes to stuff like this lol,@BobbyDigitalYT,34,2026-06-10 01:31:55+00:00
UgxO7ak9ZOfmR3dv0mZ4AaABAg,Climate,_b_sGbjSVZQ,"Yeah, El Nino is like that drunk uncle who sometimes shows up. However this time his blood alcohol level is 2.5‰ and he is swinging a fireaxe around.",@SuperJukkis,277,2026-06-09 23:56:30+00:00
UgymHtWkwr7GmWokfUJ4AaABAg,Climate,_b_sGbjSVZQ,One thing sure we should quit all these horrible wars and focus on storing food and how to transport them to areas that are going to be in need.,@eaglewings8206,31,2026-06-09 23:03:07+00:00
UgwprDCoZYlIxqkcc4d4AaABAg,Climate,_b_sGbjSVZQ,"I'm watching this video from Nicaragua, where we just recently experienced some of the highest recorded temperatures in our history. The temperature rose as high as 40 degrees Celsius in our capital city, which was very much unprecedented.

We were supposed to be at the end of our summer, when typically rain starts in the month of May, but we didn't get a single drop of rain the whole month. We only got a bit of rain because of Hurricane Cristina, which we're currently experiencing. That hurricane also went ahead and pretty much flooded all of our Pacific beachfront towns.

It's not a great feeling, what we've had in Nicaragua: going from a scorching hot hell to floods.",@antonio.rivera,26,2026-06-09 16:44:58+00:00
UgyQRDRZCHxXAY03Go14AaABAg,Climate,_b_sGbjSVZQ,"As someone from India , I’d like to inform you it’s already having an impact on the annual monsoon season . It officially arrived late by 3 days and now stands at -23% deficient in terms of rainfall.  The monsoon at this point should have covered the entire southern peninsula but it managed to cover only about a quarter.

Update: it's 16 June overall deficiency stands at -64%

Update: it’s 24th June , slight improvement but at a tortoise speed and overall deficiency stands at -43% and it’s all haywire at the moment! 

Update 3/ last update, 6 July : it's all mayhem . Deficit stands at -28% . Some states are about to be flooded whilst some are facing real chance of drought. One state in the east has +139% excess while one In the north faces -56% deficiency",@2241RS,280,2026-06-09 13:16:40+00:00
UgzZRN1bvNfeREHEvfF4AaABAg,Climate,_b_sGbjSVZQ,i love my children. but often i regret bringing them into this world,@humanearthling1847,195,2026-06-09 05:06:03+00:00
Ugztf3lPTHZer1gletB4AaABAg,Climate,_b_sGbjSVZQ,"I live in Maharashtra, India, one of the places in India that receives very high rainfall from the mid of May every year.
Today is June 9th, and we haven't had a single drop of rain so far this year. Things will be really bad this year.",@akashpandit5399,111,2026-06-09 04:00:11+00:00
UgygVtxJbXx04p20Ut14AaABAg,Climate,_b_sGbjSVZQ,I'm sure corporations aren't going to take the opportunity to raise prices and transfer more wealth to the top,@Isurusish,1152,2026-06-09 02:47:12+00:00
UgwTXPDRVAZPU_59rad4AaABAg,Climate,_b_sGbjSVZQ,"Guys, start storing shelf stable food and prepare for problems with store shelves.  Maximize your garden and learn to can.  I’m taking advantage of the orchards this year.  Between the issues with fertilizer and tariffs, farmers are cutting back as it is.  Preparation isn’t political.",@sfdcubfan,182,2026-06-09 01:52:30+00:00
Ugy3mW6WAcLNRrsIcjZ4AaABAg,Climate,_b_sGbjSVZQ,"""The Super Boy"" isn't doing it.  Severe heat, droughts, wildfires, and storms needs a better title. El Viejo Suduroso - The sweaty old man.",@GTCounterFootballShare,65,2026-06-08 23:06:48+00:00
UgxcTSg-lj9gtpfRkEd4AaABAg,Climate,_b_sGbjSVZQ,"Can't really say I ""enjoyed"" this video, per se, but it was super informative and I appreciate how digestible you've made all this anxiety inducing information. Keep up the great work!",@MoribundRamiel,36,2026-06-08 22:59:39+00:00
UgwBlUi49UWuYE2P4I54AaABAg,Climate,_b_sGbjSVZQ,"Supporting the status quo is not moderate. Defending the existence of the ultra rich and of corporations is not moderate. It is not moderate to say, ""Well the planet devouring demon is already here, our only choice is to figure out how to regulate it."" When the people in power are actively enabling the destruction of the planet, defending their existence is fanatical. It's beyond radical, it's just insane. Revolution is the moderate option. Self defense is the moderate option.",@ChandlerJPatey,21,2026-06-08 22:43:46+00:00
Ugx0WlDURnu3H0kdH5t4AaABAg,Climate,_b_sGbjSVZQ,"The proverb ""may you live in interesting times"" keeps coming to my mind what with a new once in a [very long time] event happening every year.",@XRMissie,175,2026-06-08 22:14:19+00:00
UgzBssEWHTk2m0BJoft4AaABAg,Climate,_b_sGbjSVZQ,"Australia here, Literally just had some of the worst rains in recent memory with more to come.",@mrichardson7973,24,2026-06-08 21:43:58+00:00
Ugztn4iZT7nrv9Y4V2N4AaABAg,Climate,_b_sGbjSVZQ,Oh good.  As an Australian I wouldn’t know myself if I wasn’t on fire or underwater.,@SafetyRabbit,960,2026-06-08 21:31:06+00:00
UgzrQQs3W_V4fV4P_RV4AaABAg,Climate,_b_sGbjSVZQ,Peru already stopped all anchovy fishing. And Lima's weather is like summer,@perrylim9728,17,2026-06-08 19:44:29+00:00
UgwIcXwJys1PY0ygA394AaABAg,Climate,_b_sGbjSVZQ,I love how each passing year is significantly worse than the year before.,@ksegg_ffs,1557,2026-06-08 19:27:01+00:00
UgwVcjww_yLSnUuADqp4AaABAg,Climate,_b_sGbjSVZQ,My family comes from Peru. They have been dealing with El Niño events for thousands of years and people of native descent tell stories about El Niño events that happen once every several hundred years that are truly devastating. Supposedly in the mid 500s there was an El Niño so bad it triggered 30 years of droughts and this has been semi-confirmed by ice core samples from glaciers.,@IronFatherJohn,362,2026-06-08 19:24:28+00:00
Ugzi7vfxfAwGG4dw_-l4AaABAg,Climate,_b_sGbjSVZQ,"I'm so happy your channel isn't AI, I LOVE YOUR CONTENT!",@ozwaldo6607,22,2026-06-08 19:16:21+00:00
UgxuJvnLBrgzK6QsRG94AaABAg,Climate,_b_sGbjSVZQ,Can't wait for the US senate to somehow make billions off all this,@jeff6601,531,2026-06-08 18:54:25+00:00
UgyVtlqnK-r12rawfpd4AaABAg,Climate,_b_sGbjSVZQ,After economic disaster now we get El Nino? What a great time to live,@sulthananwar8737,170,2026-06-08 18:54:03+00:00
UgxPk3D9k9QxeaKxfuN4AaABAg,Climate,_b_sGbjSVZQ,So we can expect widespread droughts at the same time that global fertilizer availability has dropped significantly due to the war in Iran. Fantastic,@EightBitMeddler,382,2026-06-08 18:44:17+00:00
UgynHeKR0HTTJi9jL5x4AaABAg,Climate,_b_sGbjSVZQ,Well it's been a fun ride,@Strongasmeat,9,2026-06-08 18:41:16+00:00
UgyUNQaCl_Ba0jbo2W14AaABAg,Climate,_b_sGbjSVZQ,El Niño becoming El HOMBRE,@CarrotSurvivor,644,2026-06-08 18:26:10+00:00
Ugx1jg4E6_9IaRXo0zJ4AaABAg,Climate,_b_sGbjSVZQ,El Nino showed up to kickoff the amoc going away party,@druyoutoo,56,2026-06-08 18:16:36+00:00
Ugwolp6IiGWEhOZbWwd4AaABAg,Climate,_b_sGbjSVZQ,"""The whole world at your fingertips, the ocean at your door""

""20.000 years of this, 7 more to go""

- Bo Burnham, ""That Funny Feeling"", 2021",@PalmDesertRock,71,2026-06-08 18:02:57+00:00
UgzJXXs6t1ZVqibe4l54AaABAg,Climate,_b_sGbjSVZQ,Its all gonna get solved. We just need more data centers.,@hutchsawyer,2946,2026-06-08 17:48:13+00:00
UgwAPN9-kYpIHbyJQi54AaABAg,Climate,_b_sGbjSVZQ,This will likely cause 2027 to be the hottest year ever recorded.,@rob4750,53,2026-06-08 17:42:33+00:00
UgzUboJ5oVUW-cIVCAl4AaABAg,Climate,_b_sGbjSVZQ,"hey man , can you make another video at the end of the year just to check how this turned out?",@radiant1488,1942,2026-06-08 17:32:55+00:00
UgwCgd6OEi5-QGXB7XZ4AaABAg,Climate,_b_sGbjSVZQ,"I guess if it goes above 3 degrees, that would be a Mega El Nino?",@paulis7319,57,2026-06-08 16:56:50+00:00
UgwVJNioilzrrj70_lZ4AaABAg,Climate,_b_sGbjSVZQ,5:15 major major respect for the honestly,@IncriminatedAntelope,19,2026-06-08 16:51:17+00:00
UgyN_nTS3UzHYPR2fLJ4AaABAg,Climate,_b_sGbjSVZQ,Personally I am waiting for Ultra Instinct El Niño.,@TerranigmaQuintet,189,2026-06-08 16:46:55+00:00
Ugx14OBzD2ttYL0cqrl4AaABAg,Climate,_b_sGbjSVZQ,"i’m a hydrologist located in Zambia, el niño size shows during our winters. this year, right now (it’s winter) and temperatures are above 25 degrees which is extremely unusual. regularly it’s 19 degrees on average",@babogam,557,2026-06-08 16:46:07+00:00
Ugz2hMzORHNOSnIGELB4AaABAg,Climate,_b_sGbjSVZQ,the world when it's our turn to be adults 😂🤣,@Costeq,477,2026-06-08 16:39:51+00:00
UgzP-0Ho29J1REl3ENB4AaABAg,Climate,_b_sGbjSVZQ,Don't apologize for the high rate of information...it was necessary.,@Juan_van_Eeden977,511,2026-06-08 16:28:59+00:00
UgzFUHNDaqNi-Mn6on94AaABAg,Climate,_b_sGbjSVZQ,"As a millennial, I would formally like to petition the universe to please stop making me experience a ""once in a lifetime event"" every few months. Thank you.",@RafaelW8,8184,2026-06-08 16:21:26+00:00
UgyFcdGI4y_vBILi1rR4AaABAg,Climate,_b_sGbjSVZQ,Now we are facing El Adõlescente,@devinzandi2596,4338,2026-06-08 16:16:23+00:00
Ugwze6D6bwmkWG3SxD54AaABAg,Climate,_b_sGbjSVZQ,"Want to restore the planet’s ecosystems and see your impact in monthly videos? The first 100 people to join Planet Wild with our code ASTRUM6 will get the first month for free: https://planetwild.com/r/astrumearth/join/6
If you want to get to know them better first, check out their mission about the biggest wildlife corridor: https://planetwild.com/r/astrumearth/m37/6

UPDATE: Just two days after we dropped this video, NOAA officially confirmed the arrival of El Niño. It is currently strengthening and remains on track to become a ""Super El Niño"", matching earlier predictions. 
Read more here: https://www.noaa.gov/news-release/el-nino-forms-expected-to-strengthen-say-noaa-forecasters",@AstrumEarth,189,2026-06-07 18:06:40+00:00
UgzFfYuiVfFse8BsykB4AaABAg,Climate,XJIDvwwPb1Q,"I am a 47yro Man whose living with a debilitating condition worsened by heat
I crave cold weather and long for Winter season unfortunately Winters are nothing like how they used to be
Like clockwork you knew how cold it will be but these days it's scarily mild where I am and hardly noticeable its Winter
I am fearful for the forcible future as I when I was a teen and bombarded with news of greenhouse gas etc had images of the UK living in +40c climates which are dreadful especially for my health
Sad thing is it will happen in due course of what is being done and that is the plan in store for us",@Leehuss5582,0,2026-05-30 11:40:29+00:00
Ugzv6lLjE8OVZixHOOl4AaABAg,Climate,5mctLJjCjPc,"CONSEQUENCES BASED ON 2026 DATA

1. What the data already shows in 2026

· Arctic winter ice is at a record low for March. That means less ice survives into summer, and the ocean absorbs more heat starting earlier.
· Global temperatures in 2025–2026 are already ~1.5°C above pre-industrial. The Arctic is warming 3–4× faster.
· Methane levels are rising faster than any IPCC scenario predicted (NOAA data).
· Ocean heat content is at record highs — that heat will emerge during the next El Niño.

These are not predictions. These are measurements.

2. What a Super El Niño (late 2026) plus low Arctic ice means for winter 2026–2027

Data-based mechanism:

· El Niño transports heat and moisture into the Arctic.
· Warm Atlantic/Pacific water enters the Arctic basin from below.
· Warm air from mid-latitudes enters from above.
· Result: Winter ice cannot form normally. The March 2027 maximum will be far lower than March 2026 — likely below 1 million km² for the first time in history.

Consequence: The double blue ocean event (no ice in winter) happens in March 2027, not September.

That is not speculation. That is physical oceanography and atmospheric science applied to current data.

3. Consequences of a March 2027 double blue ocean event

3.1 Immediate physical (March–June 2027)

· Albedo collapse starts 6 months early — dark ocean absorbs sunlight starting in March instead of June.
· Extra heat added to the climate system in 2027 alone: equivalent to ~15–20 years of current human CO₂ emissions.
· Global temperature jumps +0.6–0.8°C within 3 months of ice loss.
· By June 2027, global anomaly exceeds +2.2°C above pre-industrial.

3.2 Methane (starting immediately)

· Sea ice acts as a physical barrier preventing methane venting from shallow Arctic seas.
· With no winter ice, the East Siberian Arctic Shelf warms year-round.
· Methane hydrates destabilize rapidly — plumes become kilometer-wide boils.
· Atmospheric methane jumps from ~1,900 ppb (2026) to 3,000+ ppb by late 2027.
· Additional warming from methane alone: +1.0–1.5°C by 2028.

3.3 Agriculture (2027 growing season)

· Spring 2027 planting impossible in most of Northern Hemisphere.
· Reasons: late frosts, then sudden heatwaves, then floods or drought — all in one season due to jet stream collapse.
· No fertilizer (natural gas supply chains already broken by late 2026 due to El Niño disruptions).
· No fuel for tractors, harvesters, irrigation pumps.
· Global grain harvest in 2027: less than 20% of 2025 levels.
· Result by late 2027: Famine kills 3–4 billion people directly. The rest face starvation by early 2028.

3.4 Energy and infrastructure

Nuclear:

· ~440 reactors worldwide.
· By May–June 2027, rivers used for cooling are either:
  · Too low (drought)
  · Too warm (heatwaves)
  · Flooded (extreme rain)
· Grid failures begin by April 2027 (heat waves cause demand spikes, transmission lines sag and fail).
· Without grid power and without diesel resupply (fuel chains broken), reactors scram.
· Spent fuel pools need continuous cooling. After 2–4 weeks without power, they boil dry.
· By September 2027, >200 sites have released significant radiation. Northern hemisphere contaminated.

Electricity:

· No thermal plants running by July 2027 (no cooling, no fuel).
· Hydro fails (drought or floods beyond design).
· Solar/wind work locally but no grid synchronization, no spare parts, no manufacturing.
· Result: No large-scale electricity anywhere after September 2027.

Internet:

· Data centers run on generators until fuel runs out — 2–8 weeks after grid fails.
· Undersea cables fail (no repair ships, ports inoperable).
· Satellites lose ground control.
· By August 2027, global internet is gone. Permanently.

Oil:

· Refineries need power and hydrogen. Both gone.
· Pipelines rupture from permafrost thaw and temperature extremes.
· Tanker shipping stops (no ports, no navigation).
· Result: Oil extraction, refining, and distribution end completely by mid-2027.

3.5 Water and sanitation

· Water treatment plants stop (no power, no chemicals).
· Sewage pumps fail.
· Cholera, typhoid, dysentery return to every city within weeks of grid collapse.
· By late 2027, most urban water sources are contaminated with raw sewage and heavy metals (from flooded industrial sites).

3.6 Human mortality (2027 only)

Causes:

· Heat: Wet-bulb 35°C exceeded for days to weeks in India, Pakistan, Bangladesh, Middle East, Southeast Asia, West Africa, Brazil, southern US. Survivability limit. Hundreds of millions die.
· Famine: 3–4 billion dead by end of 2027. No food imports — every region for itself.
· Disease: Cholera, dysentery, typhus, plus untreated injuries. Tens of millions.
· Violence: Wars over remaining food, water, arable land. Nuclear weapons possible (India-Pakistan, US-Russia-China). Hundreds of millions.
· Radiation: From nuclear meltdowns. Millions to tens of millions from acute radiation, more from long-term cancer (but long-term will not matter for most).

Total by January 1, 2028: ~4 billion dead (conservative). Likely 5–5.5 billion in worst-case.

Remaining population: 2.5–3.5 billion, mostly in:

· High-latitude inland areas (northern Canada, Alaska, Siberia, Scandinavia)
· High-altitude refugia (Andes, Himalayas, Rockies)
· Regions that happened to have local manual agriculture and clean water (very few)

---

4. What happens after 2027 — no improvement

2028–2030:

· Methane from permafrost and hydrates pushes global warming to +3.5–4.5°C.
· AMOC collapses (Atlantic circulation stops). Western Europe deep freeze even as global average rises.
· Greenland melt accelerates → sea level rise of several cm per year.
· Remaining agriculture fails everywhere except tiny high-latitude patches.
· Population drops to 500 million – 1 billion.

2031–2040:

· Ocean anoxia (no oxygen) → marine life largely extinct.
· Terrestrial ecosystems collapse — forests dead, soil erosion, few insects, no pollinators.
· Photosynthesis fails in most regions during summer (temperatures >45°C).
· Population drops to 50–200 million (survivors in Arctic refugia, caves, high mountains).

2040–2100:

· Hothouse Earth stabilized at +6–8°C.
· No ice at poles.
· Sea level +10–20 meters.
· Human population likely below 10 million — fragmented, pre-industrial, illiterate, no memory of civilization.
· Extinction within a few centuries (population too small, too inbred, too stressed).

---

5. The data-based conclusion

Based on what we know in 2026:

· Record-low Arctic winter ice
· Rising methane
· Record ocean heat
· A developing Super El Niño
· The physical impossibility of winter ice formation under those conditions

The double blue ocean event in March 2027 is not a speculative scenario. It is a logical consequence of the data.

And the consequences, without filters, are:

· No food
· No electricity
· No internet
· No oil
· Nuclear meltdowns
· Billions dead in 2027 alone
· Methane-driven runaway warming
· Civilization ends permanently
· Human species likely extinct by 2100

There is no recovery. There is no rebuilding. There is only a faster or slower collapse.",@Grahzee1967,0,2026-05-23 22:40:25+00:00
UgyiU8jxX7ZfvGiim1x4AaABAg,Climate,5mctLJjCjPc,"FACT: ""CLIMATE CHANGE"" IS FRAUD. CO2 EMISSIONS DON'T MATTER.",@mercury7d5h3s87,0,2026-05-14 13:15:45+00:00
Ugxd1hIN16gfBwPpsxN4AaABAg,Climate,XJIDvwwPb1Q,"The problem is the non-disclosure of new energy sources [ that people don't really believe in, but there is also a reason why they are not being disclosed: ""Humans have to be able to prevent war and eventually that will become possible - ie: The Kristal Spiral activation"".]  , because obviously just renewables are not enough to replace fossil fuels.    But there may be other economic reasons.",@eev24eshmolikali,0,2026-05-06 18:40:03+00:00
Ugzq1DWAQhqk2XZPRbx4AaABAg,Climate,5mctLJjCjPc,A few thousand years ago the eath was so hot.antartica was full of rainforests.climates change.its as simple as that.just because  the earth is full of people now its all our fault.for all the green party members worldwide you dont have a clue whats goin on.all you want is everyones money.climate is changing,@jamesdavy8343,0,2026-04-29 12:33:13+00:00
UgzGHLLQVmB6mOw6gXx4AaABAg,Climate,tRA2SfSk2Tc,So you’re telling me the switch to papers straws didn’t work?,@MikeyH981,4,2026-04-24 20:00:57+00:00
UgyZ-o1c6JXDe7aKbK14AaABAg,Climate,5mctLJjCjPc,Music is good!!! 😂,@DylanEmlyn,0,2026-04-02 14:51:06+00:00
UgwPoJaqYBYTZmD65DN4AaABAg,Climate,XJIDvwwPb1Q,When you STARE into the ABYSS=THE ABYSS STARES BACK...Nietzche.,@tr7b410,1,2026-04-01 02:21:34+00:00
UgyRwM4Akrro7Pr7KHt4AaABAg,Climate,XJIDvwwPb1Q,Aloha from Hawai'i.... I just subscribed to channel and look forward to learning more of reasoning why change is happening.  May you all be well wherever you go.,@CacikeAnacaona,0,2026-02-20 21:14:30+00:00
Ugx5v6QpkFwz-sBlef94AaABAg,Climate,tRA2SfSk2Tc,"Same here. I remember, as a kid we would go sledding on desert dune slopes when it snowed in the winter, and it would be a real true honest cold winter. This was northern arizona at 3500-4000 ft. above sea level. I remember walking through thick snow each time also. Likewise, not anymore.",@williamsohveymah5550,1,2026-02-16 04:11:17+00:00
UgwsEQBvAPsOTMxF4VJ4AaABAg,Climate,5mctLJjCjPc,"We are inside a train rolling down the hill without bakes.
James Hansen predicted in Dec 2025 that we will reach 1.7 deg C already in 2027, and this is just the begining. I am a recognized multidisciplinary scientist and study this for decades. 
It is better to alert and tell the truth to people than to sugar coat it as most institutional scientists do and individuals will be caught by surprise and mass mortality spreads...sorry!",@BLUESKY10X,0,2026-02-13 20:28:53+00:00
UgwB3A6EOai5dDid9ed4AaABAg,Climate,XJIDvwwPb1Q,Got to say big up my man Paul Beckwith keeping this layman informed all these years,@oldboots,0,2026-02-12 13:45:08+00:00
UgxKzqiqOEqWsm5F82h4AaABAg,Climate,XJIDvwwPb1Q,Very important news!,@ericberger1000,1,2026-02-03 03:14:11+00:00
Ugy6OcTiFBAomKpnCid4AaABAg,Climate,XJIDvwwPb1Q,Thank you for the update!,@cian5467,0,2026-02-01 21:42:15+00:00
UgzJu0gYHEeoLr0P1pR4AaABAg,Climate,XJIDvwwPb1Q,"Great video! Maybe a video topic is how the military is not (fully) factored in the climate change models because they don't have to provide the data, but is indeed a huge polluter. This will worsen when (not if) geopolitics get even worse",@plattt23432,1,2026-01-27 21:04:18+00:00
Ugwcc8QJ2Qax899yK6R4AaABAg,Climate,XJIDvwwPb1Q,good info,@gregflock380,0,2026-01-26 14:50:10+00:00
UgzlYGU-zjolNp29yPl4AaABAg,Climate,XJIDvwwPb1Q,"The intersection of climate change with stuff I know from elsewhere has been a problem since the hockey stick times.  The rough way to say it is that climate change lacks peer review, in that it's peer reviewed by other climate scientists rather than experts on the tools they use.  My two conflicts with stuff known from elsewhere have always been:

1. You can’t solve the Navier Stokes equations, which govern fluid flow. In 2D, flows go to larger and larger scales, and there’s no problem with numerical calculations. In 3D, flows go to shorter and shorter scales, and no numerical calculation can do the physics because the grid size is always too coarse no matter how fine it is. (The mechanism is that in 3D, vortices can kink and break up, which they cannot do in 2D. Those fine scale flows result in feed back on larger scale flows by way of constituting a change in viscosity – transport of x momentum in the y direction etc. – on the large scale flows. Actually a tensor, not a scalar)
So every calculation includes a term “effective viscosity” which does not appear in the Navier Stokes equation, and at that point stops doing physics. So no calculation is possible.

Weather forecasts are good for two or three days, which is how long it takes large scale vortices to kink. After that they’re no good.

2. You can’t say any historical change in temperature isn’t part of a long cycle and not a trend. A long cycle can’t be man-caused, a trend might be. The mathematical mechanism is that the linear system you have to solve to distinguish long cycles from trends develops eigenvalues of about 10 to the 30th power, which instantly multiplies any noise in the measurements and swamps the effort to distinguish. You need data that’s not shorter than the cycles that you want to eliminate, called the uncertainty principle in math (and quantum mechanics which has the same math but not other relation).

So there are no models and no data in support of man-caused global warming, in principle.",@yclept9,0,2026-01-25 20:41:28+00:00
UgwV6RzDK-n3L8dzJWl4AaABAg,Climate,XJIDvwwPb1Q,Aye watch out for them prof graphic designers (tricky types),@radboo4384,0,2026-01-25 01:39:33+00:00
Ugz3Igiy8kS3sAm9NC54AaABAg,Climate,XJIDvwwPb1Q,Barking up the wrong system,@radboo4384,0,2026-01-25 01:29:50+00:00
UgxbI3psth5NHfbPjIp4AaABAg,Climate,XJIDvwwPb1Q,I am finding no young social media influencers discussing this topic. Action lies in the youth population.,@Kaliope-i5h,1,2026-01-25 00:37:27+00:00
UgysOmWHZKan94iyOBt4AaABAg,Climate,XJIDvwwPb1Q,Data Centers in Arizona are set to deplete a finite 🏜 desert water supply. Public disappproval is being ignored in favor of 💰 monied intrests enticing the political system.,@Kaliope-i5h,0,2026-01-25 00:28:08+00:00
UgyEhnR5hTZyZgDLtOR4AaABAg,Climate,XJIDvwwPb1Q,"The honest and hard truths are a) all the ice masses on the earth will melt raising sea level if we do not go carbon NEGATIVE, i.e. pull carbon out of the atmosphere mainly back into creating soils, and weathering, and possibly a small amount by chemical and mechanical subsequation, god forbid we try oceanic iron oxide seeding ? b) the balance between reflective cloud bodies and water vapour which absorbs sunlight and emits infra red heat radiation raising the thermal noise floor of the earth. The two ways to do this are solar powered water desalination incrementally reforesting and regreening Africa, South America, and Australia so creating the biotic pumps that couple cloud systems to forest and also agricultural land and putting the ""waste"" saline back into buffering the ocean conveyor. Second is Marine Cloud Brightening which creates cloud masses over the ocean to substitute for the reduced cloud seeding from the sulphur reductions both by shipping and from China's industrial emissions. The Great Barrier Reef may have been saved using Marine Cloud Brightening.",@AaronNGray,1,2026-01-24 16:11:35+00:00
UgzXB5OZNlR26LJSdz94AaABAg,Climate,XJIDvwwPb1Q,"Give it to me straight, Doc",@adamnoir5014,1,2026-01-24 11:11:14+00:00
UgzHQh-jSucCQ9QMvat4AaABAg,Climate,XJIDvwwPb1Q,"My brother worked with people in the climate fields. He spoke with a person who was developing floating hexagonal homes that could link together in groups. My brother said do you think people will really need these, and he said your kids might not need them, but your grandchildren definitely will.",@StephenWilliams-l6p,1,2026-01-24 05:30:15+00:00
UgybH6wrZgjee-siNOB4AaABAg,Climate,XJIDvwwPb1Q,How can we stop accidentally  using AI when we use our  computers?,@nickyaddington-hall2779,0,2026-01-22 22:43:40+00:00
UgwS-F8TRdeQlPV4AN14AaABAg,Climate,XJIDvwwPb1Q,Bored of peace ? I'm not.,@mattockman,0,2026-01-22 15:31:42+00:00
Ugz4Xx8coJ2Jj2YaBUV4AaABAg,Climate,XJIDvwwPb1Q,"Dr Carter, I believe your message is vitally important, cut the windy intro crap to a few seconds, get on with explaining your point succinctly and directly, don't fuck around. 
Thanks for all you do, team of champions.",@johnjohnson2137,2,2026-01-22 07:08:44+00:00
UgwcEqcXm9wccW9rSyB4AaABAg,Climate,XJIDvwwPb1Q,"~Thank you for your continued concerns for the earth & all the combined issues on climate.
~People need to care about this,  but also need to have relevant ways to be involved in positive ways. Finding creative ways to have positive impacts might seem daunting to most.",@DPerez-tz8sj,0,2026-01-22 03:17:01+00:00
UgyF5C5IBtaH9AY1nl94AaABAg,Climate,XJIDvwwPb1Q,They should build data centers next trash dumps so they can use the methane from the trash decomposing for power. If they must build them,@RjbigIamMe,0,2026-01-21 22:28:54+00:00
UgwaGRrASxNGilfsJ_N4AaABAg,Climate,XJIDvwwPb1Q,Chemosynthosis gives me comfort. Prior to that discovery I was certain humanity would end all life with climate change. These life forms may survive?🥴,@RjbigIamMe,0,2026-01-21 22:23:08+00:00
Ugz-WOFHQj9igCQN5ax4AaABAg,Climate,XJIDvwwPb1Q,"We need to elect sane leadership, people that believe in facts and science. A true leader that hires the best in their fields and empowers them.",@RjbigIamMe,1,2026-01-21 22:21:43+00:00
UgyzkuDlv5W4vQQhpG94AaABAg,Climate,XJIDvwwPb1Q,You men are so intelligent and so well spoken. It's such a shame people seem to want to be entertained more than infomed. Thank you for all your work. 🕊️,@Spock_Rogers,4,2026-01-21 18:43:21+00:00
UgxsAEgpSpf5wsG8P8J4AaABAg,Climate,XJIDvwwPb1Q,Climate change will be the least of our problems very soon,@vanderbeak7482,1,2026-01-21 11:36:07+00:00
Ugzzi6BUuFUGWqvC-u14AaABAg,Climate,XJIDvwwPb1Q,Yes! Do a show on data centers. That would be helpful. Rural folks like us here in Indiana are doing our best to come together to fight them at town halls. It’s insane.,@emilybenford6401,14,2026-01-21 00:56:35+00:00
UgzF1HExajBD7nPbn2h4AaABAg,Climate,XJIDvwwPb1Q,I'm American and I get it.  You could bring those polar bears to Thanksgiving dinner to explain it or just to eat their food and some people at the table would keep denying it,@CamisaAnn,0,2026-01-20 20:31:05+00:00
UgwDOcL7fU8HnDDIX0l4AaABAg,Climate,XJIDvwwPb1Q,Thanks.,@elisabethdevyt8256,1,2026-01-20 20:26:16+00:00
Ugz62KYKGa1KjyS7RBd4AaABAg,Climate,XJIDvwwPb1Q,Imagine if James Hansen were running for president. Is he planning on running in 2028?,@benjamincornia7311,3,2026-01-20 18:17:14+00:00
Ugx8IWEcq-rDr2EBSol4AaABAg,Climate,XJIDvwwPb1Q,Scaring people works really well. Both religion and government rely on fear to convince the population that the grass is pink.,@Mr.MasterOfTheMonsters,8,2026-01-20 17:17:18+00:00
UgyEdPlekLdtUHo4n6F4AaABAg,Climate,XJIDvwwPb1Q,"I am a relative oldster like you guys.  We have had lives supported by very increasingly high standards of living and convenience.  Our pursuits came so easily by using all the energy we could command: just flick a switch, turn an ignition key, flush, shop etc. as long as we could pay a bill.  Ah, the joys of anthropocentrism.  Who would volunteer to be less rich and tell others not to enjoy these fruits of modernity?  Certainly any leader in a democracy who made such a suggestion would find themselves out of a job.  Remember Pres. Carter?  
So what change would make a difference and alter our fate?   It can only happen when the total system that no one actually wants to lose, is beset with chaos resulting in the massive reduction of humans.  If any of you believe that there will be an orderly retreat from the brink, that humans can make a shift to being extremely poor (meaning responsible) while maintaining all of the many supports necessary for the continuity of so-called society, being informed of such methods would be a delight.",@danielfaben5838,0,2026-01-20 15:40:07+00:00
UgwvLgH_5WKYlwbublJ4AaABAg,Climate,XJIDvwwPb1Q,A heartfelt thank you to the whole CEF team. I may have literally watched all your videos over the years and appreciate the no-nonsense approach. It helps those of us with our eyes open so much.,@danielcolman5064,2,2026-01-20 12:44:31+00:00
UgziWQ4MgEuBgKyKKNB4AaABAg,Climate,XJIDvwwPb1Q,"One think I am missing in this discusion, how to talk to masses of people. And those are churches, not only christian, but also buddhist, islam and so on. They have very big influence. There is very interesting walk for peace from Texas to Washington, where budhist monks remind people of peace with very high attendings of people 🕊🌍",@petrlonsky2332,4,2026-01-20 11:49:10+00:00
Ugy268IpFKtpvAnZKyl4AaABAg,Climate,XJIDvwwPb1Q,"Thanks guys! Very much looking forward to the Global Methane Budget review that Paul mentioned. With its short 12yr. atmospheric lifespan, lowering methane emissions may be the most viable way to slow global warming, or at least bide time  while sorting out CO2 , N20, issues. Here's my two cents...Lower your methane hoofprint, Go Vegan/plant based!!",@theonlyveganyankinthevillage,6,2026-01-20 08:38:29+00:00
UgxLAtJkhFH5CgWsxK94AaABAg,Climate,XJIDvwwPb1Q,Why don't we try putting live Sargassum (from the Sargasso Sea) into the Pacific Ocean.,@robertducharme1573,0,2026-01-20 08:36:16+00:00
UgzFqyaMGoB8AY67xkp4AaABAg,Climate,XJIDvwwPb1Q,Newton is hidden in plain sight til he leaves.,@ppetal1,2,2026-01-20 07:44:00+00:00
UgxDNnCHA6IIcWllJO94AaABAg,Climate,XJIDvwwPb1Q,Thnak you for the update. We are cooked.,@DC-ux1dt,4,2026-01-20 05:45:45+00:00
UgwmJoolaUldB8P0kRN4AaABAg,Climate,XJIDvwwPb1Q,"Awareness & understanding of climate change has improved over time & a new industrial sector has been spawned. It's not sufficient.
Many people don't want to know. Their immediate lives are of prime importance. They vote.
Whatever fragmentation of global society results, survivors who understand the causes of historical decline may just have a better chance of going on to reproduce.",@GonzoFumbleficker,0,2026-01-20 05:43:30+00:00
Ugwf5yP1BWjRXmIoV7p4AaABAg,Climate,XJIDvwwPb1Q,In Germany we have the driest winter since 1881!,@der_flabber_gast,7,2026-01-20 05:18:51+00:00
UgwHyeXdlSbPMDtfReZ4AaABAg,Climate,XJIDvwwPb1Q,This feels hopless...,@VoxxieUwU,1,2026-01-20 05:17:07+00:00
UgxUDkKC9k-pCfwNeRJ4AaABAg,Climate,XJIDvwwPb1Q,"Peter, in unison with James Hansen, Johan  Rockström, and Antonio Guterres are some of  the climate experts with more bold courage to publically tell the truth about the catastrophic path we are heading into. See my recent post-commentary on extreme risk or derrailment assessment in climate change",@BLUESKY10X,0,2026-01-20 04:27:13+00:00
UgxztbNvKY6yp0Dng-Z4AaABAg,Climate,XJIDvwwPb1Q,When it becomes clear the individual has no influence in this matter what is there left to do but shrug?,@seandalton2580,1,2026-01-20 03:50:37+00:00
Ugyg2hU9U2nH5hfz3Il4AaABAg,Climate,XJIDvwwPb1Q,"The global soverign debt crisis puts the West and East at loggerheads if only because war is the facile way out for the elites.  History tells us that we've passed the tipping point for WW3 by a mile.  War trumps climate every time.  ChatGPT agrees with me.  She thinks I'm a genius actually:  

'How do we get to ww3?'

Entrenched great-power confrontation under fiscal stress: Major powers are locked into zero-sum rivalries (Ukraine, Middle East, Taiwan) while simultaneously constrained by unsustainable sovereign debt, making leaders more prone to external conflict as a distraction, bargaining lever, or means of forcing economic realignment.

Debt-driven erosion of global order: The global sovereign debt crisis weakens institutions that once dampened conflict (IMF, World Bank, WTO), fuels austerity, social unrest, and nationalist politics, and increases the likelihood that states default politically before they default financially—by breaking rules, seizing assets, or resorting to force.

Technological and financial instability reinforcing escalation: Rapid militarization (AI, cyber, hypersonics) now interacts with fragile financial systems, where sanctions, reserve seizures, and currency weaponization turn economic crises into security crises, lowering the threshold at which financial collapse and military escalation merge into systemic war.

Nostromo:  So if you scientists can't enmesh your case atop the bullet points listed above it amounts to naught but another round of navel gazing.  Well somebody had to say it.  Pull finger",@2nostromo,3,2026-01-20 03:09:11+00:00
UgytOjCfQmgeud50L9h4AaABAg,Climate,XJIDvwwPb1Q,"Herb, your 'big shrug' is the climate change meme for 2025 🙏",@ronaldkable,7,2026-01-20 02:27:32+00:00
Ugx0HNjFSkZTj-_6hMx4AaABAg,Climate,XJIDvwwPb1Q,Now we can already speack of Climate Catastrophe instead of Vlomate Emergenvy,@anamariacarvalho6738,0,2026-01-20 01:43:49+00:00
UgwfbFNYCRQFiDB2CFh4AaABAg,Climate,XJIDvwwPb1Q,"I was a member of the AGU until about 2010.  Many scientists were upset when fossil fuel interests were allowed to set up at the annual meeting.  The fracking boom was just beginning back then - it came down to $$ for the organization, I think, and for many of its member scientists. Many geologists went to work for them in my state, in fact. But it's nice to see that interest was back up at AGU.  Better late then never, I suppose.",@OldJackWolf,3,2026-01-20 01:34:09+00:00
Ugz38HISMxl4VY5pk094AaABAg,Climate,XJIDvwwPb1Q,Did you think in write a book anout The Climate Forum Expetience in The Last two  or three uears?,@anamariacarvalho6738,1,2026-01-20 01:23:42+00:00
UgyXheXT23veqmkQmM54AaABAg,Climate,XJIDvwwPb1Q,The main problrm is that we were not abre tô stop fóssil fuel using,@anamariacarvalho6738,10,2026-01-20 01:20:00+00:00
UgzGBWTLJlWNJDq-z1R4AaABAg,Climate,XJIDvwwPb1Q,"The decisores makers are doing whst it have tô be doing ... I don""t know what is The answer but The drcisoon makers are not hoing in The way whst it us hoing to solve The problem",@anamariacarvalho6738,0,2026-01-20 01:15:42+00:00
UgxYnTLyFlZBMenXKTF4AaABAg,Climate,XJIDvwwPb1Q,"All the tropical ocean reefs are now dead, or highly disrupted. What else will we do?",@leskuzyk2425,4,2026-01-20 00:54:34+00:00
Ugw0enFM5zcH2eq_5Hl4AaABAg,Climate,XJIDvwwPb1Q,Fermi paradox speedrun any% sub 2100,@JeffBilkins,0,2026-01-20 00:49:35+00:00
UgwxA0ASUqDpRv9o8IN4AaABAg,Climate,XJIDvwwPb1Q,I'm sitting on a runaway train with a cat on my lap and wondering how fast we're accelerating now.,@richdiana3663,24,2026-01-20 00:37:01+00:00
UgxLX5QkbogbLsXnL314AaABAg,Climate,XJIDvwwPb1Q,Sad to see how few viewers are here. 💔🌎,@cformosa,16,2026-01-20 00:23:03+00:00
Ugynw8mIPFydwwZlzql4AaABAg,Climate,XJIDvwwPb1Q,271st post. Congrats🎉!,@GregoryJWalters,6,2026-01-20 00:15:16+00:00
UgzAGzL_ilGbA0FXcu14AaABAg,Climate,XJIDvwwPb1Q,Climate crisis is only one of many symptoms of overshoot.  No amount of alternative energy will change anything until overpopulation and over consumption are addressed.,@ReynoldsAudioProduction,51,2026-01-20 00:10:44+00:00
UgyLxKAECn9hHCEpPDh4AaABAg,Climate,XJIDvwwPb1Q,"Paul said it right about the relentless recursive record setting.
My take is throw out the concept of ""record"" and accept ""red alert"". Each new record is actually a red alert that is just exponentially growing out of control. We chose not to control.😢",@ecomquest,11,2026-01-20 00:06:55+00:00
UgxecoHVRaTKcrsXppl4AaABAg,Climate,XJIDvwwPb1Q,So timely! For those who want to know what's really happening. Every other news item pales into insignificance.,@Peace2051,16,2026-01-19 23:55:58+00:00
UgyFg6lYKLWXq311fVF4AaABAg,Climate,XJIDvwwPb1Q,💔,@TennesseeJed,3,2026-01-19 23:26:22+00:00
UgxwByLrO3YM3Y3AQZh4AaABAg,Climate,5mctLJjCjPc,"If ewe say sew.
Plants tell me they love greenhouse gases, and would actually desire more. 
(like the good old times, during the dinosaurs)
Make Jurassic Periods Great Again",@uhadme,0,2025-12-23 01:44:04+00:00
UgwJmmDje9nICtrZvch4AaABAg,Climate,tRA2SfSk2Tc,You can feel it everywhere.. NYC Winters are so different..,@Futuristbillpicone,2,2025-12-21 16:19:28+00:00
UgwAeBKXvLF3c4QGxWR4AaABAg,Climate,tRA2SfSk2Tc,"Here around San Francisco, we had a lovely warm-not-hot summer after a lovely rainy winter. I was counting on that continuing …",@lisaschuster686,1,2025-12-20 09:28:55+00:00
Ugxkj382Drdj5HEBeOd4AaABAg,Climate,tRA2SfSk2Tc,"I live in NYC last Thursday we had about 2 inches of rain in an hour or 2 and the city experienced flooding people died in their basement apartments.  They said this exact same thing on the news.  NYC wasn’t built for heavy rain fall but over the last 13 years or more we’ve been experiencing maybe not more rainfall but more rainfall in a short period of time. Causing subways to flood, tunnels to blood, below ground apartments etc…",@Twistedcity-gk4ig,1,2025-11-01 18:56:21+00:00
UgxT30rQEu4l7IrfLSF4AaABAg,Climate,tRA2SfSk2Tc,"""The bourgeoisie might blast and ruin its own world before it leaves the stage of history.""- Buenaventura Durruti",@its.that-time,19,2025-08-28 03:27:24+00:00
UgyhwYk2n4rjZ_3n3tZ4AaABAg,Climate,tRA2SfSk2Tc,"It didn't snow where I live for 20 years, until recently, we've gotten snow 5 years in a row.

The PNW always feels the effects of these changes relatively significantly.",@darrenhartcinema,1,2025-08-22 22:52:37+00:00
UgwO1EiR3-QO7skYJLl4AaABAg,Climate,tRA2SfSk2Tc,"3:51 little bit of the Gold Coast, Australia making a random appearance!! lol",@photo2000,2,2025-08-12 15:50:35+00:00
UgwIbzX1QbjANIfldpJ4AaABAg,Climate,tRA2SfSk2Tc,"That was absolutely brilliantly said. I don't think I give you enough credit in other contexts. I've been writing a book about climate change but this is the best and most concise and articulate explanation I've seen to date of what's ahead..

Now you just need to add in a discussion of non-linearity and tipping points / feedback cycles. Environment -> affects -> humans -> affect -> environment -> affects -> ...",@darinhitchings7104,28,2025-07-15 20:59:32+00:00
UgyaP7_8ZmNxTOwp61N4AaABAg,Climate,tRA2SfSk2Tc,02:15 really caught off guard by that cameo 🤣,@khang.ngtr487,1,2025-07-13 09:01:36+00:00
UgyvDSLXms_T-rOoA5p4AaABAg,Climate,tRA2SfSk2Tc,Tasmania Hobart used to snow in the city every winter. We haven't seen snow in the city for a decade now.,@shanemitchell5807,1,2025-07-13 07:34:01+00:00
Ugxy40n8lThIbzA5sE94AaABAg,Climate,tRA2SfSk2Tc,5:38 The LA River appears in so many movies. My favorite is Grease.,@IrnBruNYC,3,2025-07-10 06:35:08+00:00
UgzGHcPad0tz0Hy9PUZ4AaABAg,Climate,tRA2SfSk2Tc,"I love the way you bring science to life. Perspective was exactly what I wanted and received, thank you. Its passed due we talk about weather change as a fact💯❤️",@StilliRose,8,2025-07-06 20:37:20+00:00
UgwDAfxPdT8tj3w1M3F4AaABAg,Climate,tRA2SfSk2Tc,"I have lived my childhood in western India. Where monsoon comes in mid june. The seasons have shifted so much that literally that is no way of saying when it will come. Summer has become the main season, winter has gotten shorter to nearly nonexistent. Higher temperatures stays  for longer time of the day.",@akashpatel70239,82,2025-07-03 06:18:07+00:00
Ugzm0b4wuevGp4m4duV4AaABAg,Climate,tRA2SfSk2Tc,"I live in eastern austria, and I remember 20 years ago, we had to dig paths through the snow in our garden. 30-50cm of snow was not too uncommon. We got zero snow this winter.",@benedikTgd,178,2025-03-19 09:07:30+00:00
UgyXttYTJBg1CnZGH414AaABAg,Climate,tRA2SfSk2Tc,"I'm a 24 years old Syrian. We used to have snow every year in my childhood, but in the last 6_7 years we had no snow.",@alaa_22112,28,2025-03-07 21:07:48+00:00
UgxgcGBklmcDNkn0p0t4AaABAg,Climate,tRA2SfSk2Tc,"Watching these kinds of videos and seeing how many views they get compared to YouTube trends, I feel like Don't Look Up is kind of a documentary that must be shown in every school",@avouremusic,91,2025-02-27 19:28:29+00:00
UgyyHF4uLAZ1Pluh_Td4AaABAg,Climate,tRA2SfSk2Tc,"The last few years on Japan it's felt like we've had about 3 autumns and 2 springs. The plants are so confused. Leaves are browning and falling in May, September, December.... it's very odd.",@emmajun2090,87,2025-02-20 05:04:31+00:00
Ugz8yR-dbGFypLNAOM54AaABAg,Climate,tRA2SfSk2Tc,"I'm Dutch, there is a famous tradition here that translates to ""the eleven city tour"". It was this major event take took place when our rivers froze over. A lot of people would ice-skate from city to city on those rivers as a part of this massive event. It has not happened in my entire life and i don't think it will. Luckily oil shareholders made profit in the meantime so that roughly evens out.",@timomeeuwisse4693,344,2025-02-13 17:02:37+00:00
Ugyk9RvcK2KJ6SYl4Qx4AaABAg,Climate,tRA2SfSk2Tc,I live in southern Germany at about 600m above sea level. As a kid our winters were cold and full of snow. We don't get to see snow anymore. We had bursts of high temperature in January this year to 16°C and the following week it was back to -6°C. It's fascinating and terrifying at the same time.,@Sorae90,67,2025-02-11 03:59:44+00:00
UgxF_wjolJRqT50D9jJ4AaABAg,Climate,tRA2SfSk2Tc,I've noticed in the UK over the last 30 years that the winters have become more mild. We get snow but it doesn't hang around all that long like it used to do in the 80s/90s. Just an observation.,@th33399,21,2025-02-10 04:25:03+00:00
UgyR-858SOEPcxL7Uzp4AaABAg,Climate,tRA2SfSk2Tc,"Dr Carl Sagan would be having a field day right now about global warming.

He warned us many, many years ago about it too.",@alexjardine3383,21,2025-02-10 01:50:52+00:00
Ugw0u_9N85tU3Y1iTWx4AaABAg,Climate,tRA2SfSk2Tc,"Here in Newfoundland we are having abnormally warm winters. This means not enough water runoff come through summer, which also means the permafrost in the ground is weak, and now we’re having forest fires due to dryer seasons.",@Vinzaf,9,2025-02-09 23:07:22+00:00
UgwWQr1j32_ysvs1dqt4AaABAg,Climate,tRA2SfSk2Tc,"I am from New England in the Northeast USA. Here we have all seasons. Hot in the summer freezing in the winter. However, due to this, we are prepared for nearly every wheather condition. When I traveled to Europe for the first time, I truly saw how unprepared some placed are for the changing conditions. In Switzerland the wheather was over 100 degrees at times, yet no place was equipped with AC. It was tough to travel simply due to the heat and lack of mitigation methods for addressing it. I see what Dr. Tyson is saying after experiencing this kind of thing.",@Ronitkumarrr,5,2025-02-09 21:34:54+00:00
UgzqUWdSZbOG1I0oxKN4AaABAg,Climate,tRA2SfSk2Tc,"Here in Switzerland it is kinda crazy. We still have snow and freezing cold temperatures in winter, but instead of months long periods, we suddenly have bursts of warmth and it can feel in January as if it is April for a week, only to then get back to winter.

Summer on the other side seems hotter and wetter, bushes and grass have to be cut back more and more and it can feel tropical sometimes. 

The last frightening point is the landslide risks in the Alps. More and more formerly stable mountain sides start to collapse as the permafrost that held them together before begins to thaw. 

It is our new normal and will take lots of effort and money to get used and deal with those new facts.",@shanwyn,139,2025-02-09 18:17:52+00:00
UgxUkl0_F4wEKtxPe-94AaABAg,Climate,tRA2SfSk2Tc,"Literally every single person on Earth needs to sit down and watch this, maybe even twice. This is what is important, TO US ALL",@austins.2495,373,2025-02-09 15:36:43+00:00
UgxFS6dJ5mx-_iouma14AaABAg,Climate,tRA2SfSk2Tc,"I'm a truck driver in America, and the wind (standard, gust and surge) is threatening the transportation of goods. I used to believe that it was due to the gradual removal of 'dust bowl' era trees, but the amount of blow-overs across the nation shows that the surface wind pressure is increasing aggressively. As Tolkien wrote, the world is changed <Treebeard>",@kaysimpson,30,2025-02-09 14:24:01+00:00
Ugzs-Csd5fDzu5EAUS94AaABAg,Climate,tRA2SfSk2Tc,"I think we’ve entered a time where the effective explanation of man-made climate change is secondary to the most important question of our time: how do you appeal to willful ignorance?
The message is ineffective when people are unable or unwilling to understand it.",@JeffReble,24,2025-02-09 12:52:59+00:00
UgyIshJCyE2l9416DKF4AaABAg,Climate,tRA2SfSk2Tc,"6:24 ""We are broadening the climactic experience that anyone has ever seen"" :)",@MadScientist512,23,2025-02-09 11:43:44+00:00
UgyhvkrJ-WEsQeTcomR4AaABAg,Climate,tRA2SfSk2Tc,Wisconsin got so warm this year around 50 + degrees. Warm enough to go out in shorts. I don't remember winter being this warm in the 90s as a kid growing up.,@painlee4970,124,2025-02-09 10:57:52+00:00
UgzOZV8jwLgkFDQevu94AaABAg,Climate,tRA2SfSk2Tc,"I'm glad that you explain things in such an approachable way. It's who you are on a fundamental level. 
I'm sad that there is a large number of people that don't care.",@magic.marmot,8,2025-02-09 04:56:49+00:00
UgwhxBh35YzLlYwg8U14AaABAg,Climate,tRA2SfSk2Tc,"It is so sad. We knew in the 1970's everything we needed to know to keep the planet a good place for us to live.  I have always felt that was our last good chance to choose a different economy, one that was not based on blind growth at any cost.",@Yachtnerd,521,2025-02-09 03:03:03+00:00
UgycPXPeMk9XeYrO4rR4AaABAg,Climate,tRA2SfSk2Tc,The Titanic tragedy illustrates human behavior. Many people continued to drink champagne and listen to the live band playing music right up until the ship started sinking as if nothing was really happening. This is like climate change.,@leibmoshe,214,2025-02-09 01:48:05+00:00
UgzhzFv1Vw7iONH44el4AaABAg,Climate,tRA2SfSk2Tc,"Finally a climate change explanation which does not leave any room whatsoever for the simplistic argument of 'if it is global warming, why is it getting colder?' There is more energy in the system which gives rise to more extreme weather events within the scope of that climate.",@jasonrodwell5316,1093,2025-02-09 01:38:26+00:00
UgyMaJ13iasdq9Hxoal4AaABAg,Climate,tRA2SfSk2Tc,"I love that in the U.S., we’re ruled by people who won’t live long enough to be bothered by climate change.",@123321Francisco,2780,2025-02-09 00:49:53+00:00
UgzYFMdbmFn8HTHjj8x4AaABAg,Climate,tRA2SfSk2Tc,"i live in austria/europe, i can recall winters where as kids we dug tunnels into the fallen snow where we could walk upright in. there hasnt been any snow to dig into for my kids this year.",@ZPiDER6666,9,2025-02-08 22:51:44+00:00
UgwW99-her1bwV6HNJp4AaABAg,Climate,tRA2SfSk2Tc,Sadly those we need to see this video will forever refuse to do it,@legendarypt,17,2025-02-08 22:25:58+00:00
UgxG3iIFUpxaizXiCst4AaABAg,Climate,tRA2SfSk2Tc,The winters here in Sweden are getting weird now. In the past we used to have pretty stable winters with temperatures around 5 degrees F and below and it did not change much for the entire winter. But now the temperatures are going up and down like a yo-yo each week. We get tons of snow and then it can suddenly melt and it feels like spring for a week and then it becomes winter again the next week with 5 degrees F or so. The climate is weird now for sure,@anderswallin3883,2794,2025-02-08 17:12:45+00:00
UgzzqndTvQtDPsNBmeN4AaABAg,Climate,tRA2SfSk2Tc,"I’m 63 years old, and I live in Pennsylvania. I remember cold, snowy winters all through my childhood and teenage years. We were always sled riding down the hilly street we lived on! The winters here have been so mild for the past three decades,  and we don’t really get much snow anymore.",@skreekarose3610,2727,2025-02-08 15:18:40+00:00
UgwxFStZRBjekZmdkZB4AaABAg,Climate,tRA2SfSk2Tc,"“The best time to plant a fruit tree is 20 years ago. The second best time is right now.” Gardeners and farmers paying close attention. We have to start planting and protecting species and developing varieties that suit our FUTURE local growing conditions, with hardiness at both ends of the thermometer…",@tinyfarmvanisle3456,176,2025-02-08 14:10:12+00:00
UgyQgRroOqAV69VSqVh4AaABAg,Climate,tRA2SfSk2Tc,"The truth is until the consequences are obvious and undeniable then we won't move fast enough. As soon as it's extreme we will move fast but the lives lost will weigh on our record as human beings. For those of us caught in this world we need to take care of ourselves, never stop speaking truth, but most importantly manage our emotions so that lack of movement doesn't hurt us.",@Stolidwisdom,65,2025-02-07 21:12:41+00:00
UgyV54Gn_k4vHvaBNe14AaABAg,Climate,tRA2SfSk2Tc,"I lived in Phoenix for almost 30 years. When I first moved there, it was hot, but “winter” was 4 solid months of truly wonderful weather, enough to balance out the horrific summers. In 30 years that went down to 2.5 months and the summer peaks went up dramatically, with more days over 110 a record being broken year after year after year… needless to say I got out",@Ping_freud22,112,2025-02-07 20:29:53+00:00
Ugygrb_HwnZDkqo0HXJ4AaABAg,Climate,tRA2SfSk2Tc,one thing I've noticed in Denmark is that our winters with full day frosts and cold snowy days are practically gone. we barely have a month collectively anymore with night frosts. I remember as a kid having snow days and minus degrees (Celsius) in the middle of the day. This year so far I haven't seen a single full day frost. D:,@seth2854,252,2025-02-07 19:02:01+00:00
UgzczuJU6CVh3eSbJs94AaABAg,Climate,tRA2SfSk2Tc,"In the US, a good demonstration of the reality of climate change is how the USDA Hardiness zones have changed over the years.",@scottplumer3668,13,2025-02-07 17:44:34+00:00
UgzDy1Rn0DaqXDZ6_pB4AaABAg,Climate,tRA2SfSk2Tc,"We need to start talking about preserving our way of life as scientifically literate, reality-based humans.  Things are about to get rough.",@mistercohaagen,76,2025-02-07 15:59:09+00:00
UgyBNWUCTRgo3QCK1fd4AaABAg,Climate,tRA2SfSk2Tc,"I do think that the accuracy of the estimates matters because it drives the temperature of the discourse. As aptly explained here, it’s really a shifting of the range of possibilities which manifests as the uncertainty in the precision of the estimates change. This coupled with emotionally charged language such as crisis moves the conversation from logical discussion to emotional reasoning and a series of “gotchas.” Unfortunately most media lack sufficient statistical knowledge to communicate these complex concepts effectively. Kudos to Dr. Tyson for accomplishing this.",@Noiceferatu-t2h,24,2025-02-07 15:56:40+00:00
UgzmbgZOXHlOhkfUFqx4AaABAg,Climate,tRA2SfSk2Tc,9:10 and states that typically get alot of snowfall aren't getting any or it's not happening tell the end of winter.,@99twenty9,36,2025-02-07 14:34:40+00:00
Ugw9LfBCXzbtFPJZEiZ4AaABAg,Climate,tRA2SfSk2Tc,"I served in the USCG and was a plankowner of Healy, the medium science ice breaker. During her shakedown cruise in '00 we made the Northwest Passage lickety split. Without much ice except north of Barrow. The scientists and the officers (all combined probably over a century or more of experience in the ice) were astonished, then morose when the realization set it. I knew beforehand what was happening, that trip crystalized it.",@paineoftheworld,285,2025-02-07 12:30:06+00:00
UgzQmpfCezuHCGKGLLx4AaABAg,Climate,tRA2SfSk2Tc,"I live in Johannesburg, South Africa, which is around 1700m above seal level. According to almost everyone I know, this has been the most humid summer we have ever had. And it shows in the plants and insects (we have mosquito's from Asia here this summer that we have never had before).",@aj_from_sa3260,252,2025-02-07 11:18:11+00:00
Ugx6izmqgzH7WeJi7qp4AaABAg,Climate,tRA2SfSk2Tc,"There's only one thing I was missing from this talk: Climate Change is not something that happens one day and then everything is bad. It started happening a long time ago and will continue to happen for a long time to come. How it is today, is the best it's gonna be for a century. People in the 80s started arguing about how we should protect the climate to save our kids and we today still say that. But we are those kids, and our kids will have it worse. We only get to choose how much worse.",@kooooons,1434,2025-02-07 06:42:30+00:00
Ugz64FGErWBjdAjqXqR4AaABAg,Climate,tRA2SfSk2Tc,"The weather where I live (Southwestern Ontario) has changed A LOT since I was a kid in the 1970s.
It's very difficult to get people who live in places where they don't see much change in their weather from Jan - Dec. to believe climate change, unlike those of us in Canada who do see the changes happening.  Our summers are unbearably hot, (over 100° even at night hot) and in the winter we now get more rain than snow.  We used to get constant snow from November to April and now that only happens in January and February, the rest of the time it's rain, snow, rain, snow, rain, snow, etc.  While this past Christmas we did have snow on Christmas day the rain washed it away a couple of days later, and on Christmas day the two years previous it was raining.",@elizabethsullivan7176,64,2025-02-07 03:56:11+00:00
Ugykm54i2d840RaCtgN4AaABAg,Climate,tRA2SfSk2Tc,"I was attempting to say this. To a pal...and I am in Michigan on the west coast. I said. ""we could get twenty feet of snow"". They said, ""what are you talking about"" I said, ""people would get hurt in that event because we have no way to imagine it. So I did not do very well. Now I can use this!
Thanks Neil.",@johnb6763,56,2025-02-06 23:56:53+00:00
UgyAJByXx_gJDAVoNvh4AaABAg,Climate,tRA2SfSk2Tc,It makes me sad that the people who need to understand these things the most wont even listen at all. We love you Neil.,@LowEffrt,738,2025-02-06 23:47:56+00:00
UgwXxT_YAq37JhHIjYR4AaABAg,Climate,tRA2SfSk2Tc,"I used to fly in and out of DFW (Dallas/Fort Worth) regularly. Once, I was sitting next to a pilot, and I asked him why it was so turbulent there. He said, ""Look out the window and tell me what you see."" I said, ""Lots of houses."" He responded, ""And what's in the back yard of most of those houses?"" I replied, ""Pools."" He said, ""yes, and that's changing the humidity of the air, creating pockets of humidity that is effecting the density of the air."" Now I was a weapons guy in the military, and relative humidity and air density are part of the fire control equation for guns and missiles, so I understood what he was saying. We are changing the Earth in small ways individually that are adding up to large ways as a collective.",@jimwoodard64,987,2025-02-06 23:10:07+00:00
UgzfKYF3lTta3NAExoV4AaABAg,Climate,tRA2SfSk2Tc,"The biggest problem will be food production. High food prices will lead to unrest, and war.",@Scubongo,329,2025-02-06 22:47:36+00:00
UgxWzJoCfGcMPJagS714AaABAg,Climate,tRA2SfSk2Tc,"Not only is it warm enough, in the south of England, to grow grapes and ferment them in the Champagne style, but the rocks on both sides of the English Channel are the same, so we have the same terroir. England, now, has weather similar to 19th Century France, when the cru system for wines was developed. We also have more storms than ever before!",@transmathematica,45,2025-02-06 22:36:35+00:00
UgxIB1XJyOy3RTlp7el4AaABAg,Climate,tRA2SfSk2Tc,"You have done well to describe the situation, no shock value, no outrageous claims, just common sense, backed by science and thought, thanks mate!!",@b0rn.fr0m.d1rt,2721,2025-02-06 21:37:17+00:00
UgwNy9lJYJMk6BbLulV4AaABAg,Climate,tRA2SfSk2Tc,"How anyone can continue to deny climate change is beyond me. Yet they're out there, including in positions of influence.",@FuzzyWuzzy01,7222,2025-02-06 21:21:36+00:00
Ugx6ndjqrMZcwWEUuNt4AaABAg,Climate,vBjabNusoKM,"I’m just a kid man, I don’t wanna grow up in a future where I can’t be healthy, I just wanna have a good future.",@m4lic351,14,2022-04-22 07:16:54+00:00
UgxRjQhgfs4xzE2muZR4AaABAg,Climate,vBjabNusoKM,i'm still mad this isn't what everyone is talking about.,@sunjing3819,10,2022-04-15 07:15:44+00:00
UgwlOY0Q8bjV-oFYBTl4AaABAg,Climate,vBjabNusoKM,"I am from a country in the Pacific. Before we only have up to Signal No. 4 for storms. Now its up to Signal No. 5 the bad thing about it is we are not even a big carbon emitter but we always have the strongest storms every year . And its serious. Its killing infrastructure, and lives.",@sosickandtiredofalltheneed568,30,2022-04-14 22:31:51+00:00
Ugzm1UKwjl8524VBPCt4AaABAg,Climate,vBjabNusoKM,"the sad reality is even though we're not a big contributor of carbon emissions, we're still the one who suffered the most. My beloved country is currently suffering from catastrophic situations like floods and landslides bc of climate change, and those developed countries continue to launch disastrous goods, products, and stuffs and they never even care about  the consequences.",@Queen-tj5ou,305,2022-04-14 16:13:03+00:00
UgyCfTEsAqPdZ0st7eF4AaABAg,Climate,vBjabNusoKM,the UN and the government should support and assist in the production of renewable energy because rich nations only can afford this sort of innovation,@josejr.francisco6718,144,2022-04-14 09:44:06+00:00
Ugx8CRKX6mQlVtCCSxR4AaABAg,Climate,vBjabNusoKM,"If you have seen the hockey stick then you know what is going to happen. Because the temp always follows the carbon. Side note, nuclear waste takes less time to clean (and you can bury it) than carbon does.",@JohnSwihart,4,2022-04-14 00:26:40+00:00
UgxbXTif96h66dfXCet4AaABAg,Climate,vBjabNusoKM,"This is something that every human being should be pushing and speaking about EVERYDAY and like putting an effort to help the planet . Nobody cares earth does not have enough attention for the world . Until cities start flooding and food isn’t available and people start climate migrating people will listen, and by then it will be too late",@R93m,736,2022-04-13 08:15:21+00:00
UgyuSiMqvEjkubHu64R4AaABAg,Climate,vBjabNusoKM,Why isn’t this like everywhere this should be the most popular topic right now,@goknurcevik4054,561,2022-04-12 22:35:34+00:00
UgzloPlJ9dBBQC-zQuV4AaABAg,Climate,vBjabNusoKM,"So fucked up that the world cares more about money than saving the planet we live on. 
IM TIRED 😩😩😩😩",@LunarCauldron,82,2022-04-11 09:11:57+00:00
Ugzi2O8Sgl5pygiLaoV4AaABAg,Climate,vBjabNusoKM,If it’s now or never it’ll be never. If you put pressure on politicians they’ll pass a resolution to debate whether or not they should think about doing literally anything.,@lancep2002,23,2022-04-06 14:40:44+00:00
UgztjbwEWFs1HtsUjzZ4AaABAg,Climate,vBjabNusoKM,"I proposed some modifications in my previous company that would reduce emissions while being profitable.  (By that I mean the investment to install the equipment would be recovered by the equipment themselves.)  The company refused to act and instead focused on a more polluting path.  The company is tiny so my failure is not that bad, but if there are a million more failures like that around the world?  There is no way global warming would be stopped.",@Jen-Yueh_Hu,119,2022-04-05 15:08:41+00:00
UgzzYPqPakFi7vaB6hB4AaABAg,Climate,vBjabNusoKM,"Although the price of RE tech is becoming cheaper, the price of end-user electricity becomes higher because of the needs of backup systems as there are less thermal plants available to provide for the dips. If RE is truly cheaper, the private sector would be queuing up for it. But the price of generation is not equal to the price of energy delivered when demanded. Climate change wouldn't even be a thing if we had continued building nuclear power plants.",@Azrudi,6,2022-04-05 12:20:28+00:00
Ugyac-i-7GMzsQUA7ZF4AaABAg,Climate,vBjabNusoKM,"When the reporter proudly says, ""10% of world energy is through clean energy!"", what he didn't tell you, is it was 10% in 1999 - 23 years ago!",@gamingtonight1526,144,2022-04-05 08:31:19+00:00
Ugx3DdDHG0SQ3WGnmiF4AaABAg,Climate,vBjabNusoKM,The key is sustainability.  This must be practiced by everyone on the planet and the sooner the better.,@meejinhuang,449,2022-04-05 07:38:45+00:00
UgywQxRKtxQh2gv8Vhx4AaABAg,Climate,vBjabNusoKM,"How bleak, that the scope of the changes necessary are so far outside of the capabilities of the everyday person. Most people in the world are just trying to survive day to day with what they have.",@tashiz8,96,2022-04-05 02:46:07+00:00
UgyM0RuV2q7JAq_gSlV4AaABAg,Climate,vBjabNusoKM,"In other words, sustainable economy",@billkingston4402,5,2022-04-04 22:55:07+00:00
UgwtvdW_0MT7kZLIH3Z4AaABAg,Climate,vBjabNusoKM,And will it be one rule for the 1% corporate companies which contributes to nearly all of emissions compared ordinary people why they evade paying carbon taxes,@johnogrady_,9,2022-04-04 22:01:02+00:00
Ugwlf_tnFSZ7blDHKLZ4AaABAg,Climate,vBjabNusoKM,"If you really want to save the environment then consume less, but every industry wants to out do its previous production records ! In order to save the environment you have to basically bear an economic recession.",@doctorpanigrahi9975,130,2022-04-04 21:19:29+00:00
UgwpmYtdfcE5nOJEaT14AaABAg,Climate,vBjabNusoKM,"The thing that's so messed up is that if this video on the *literal* looming apocalypse drew the same attention as Will Smith slapping someone at the Oscars, we wouldn't be in this mess to begin with.",@augustus331,940,2022-04-04 21:10:42+00:00
Ugz1xupgr0SJLQFHJS14AaABAg,Climate,vBjabNusoKM,"About 50 years too late. We started down this path in 1970 and then kinda forgot about it. It all comes down to soil, water and food. Climate will heal itself as we heal the environment. I spent over 3 decades in the conservation field working with farmers and planting trees.",@buggyridge,252,2022-04-04 21:07:22+00:00
UgwEhxDRBNwiTGfQB2l4AaABAg,Climate,vBjabNusoKM,I’m sure half the planet don’t care and the other half will never win,@horribleoggy3325,195,2022-04-04 21:03:37+00:00
UgysK_uELWLKDFKyeRl4AaABAg,Climate,vBjabNusoKM,"Absolutely zero chance of reaching peak emissions in the next 3 years, unfortunately.",@djayjp,329,2022-04-04 20:04:21+00:00
