id,topic,video_id,video_title,text,author,timestamp,like_count
Ugz_ZRkr0xrwMSNyGj94AaABAg,Eurovision,EltgrumKJfk,DARA - Bangaranga (LIVE) | Bulgaria 🇧🇬 | Grand Final | Winner of Eurovision 2026,THE MOST UNPREDICTABLE WINNER EVER,@vchslvv,2026-05-16T23:07:44Z,33155
Ugz4MVMA9uw54hnIkQB4AaABAg,Eurovision,EltgrumKJfk,DARA - Bangaranga (LIVE) | Bulgaria 🇧🇬 | Grand Final | Winner of Eurovision 2026,"It feels good to see a country win for the 1st time
Congratulations Bulgaria 🇧🇬",@benjaminvandijck8016,2026-05-17T08:09:22Z,14598
UgybRTHk7fT6-F96mGN4AaABAg,Eurovision,EltgrumKJfk,DARA - Bangaranga (LIVE) | Bulgaria 🇧🇬 | Grand Final | Winner of Eurovision 2026,"It doesn’t feel like live performance, It looks like a music video… absolutely incredible.",@stefanjo2310,2026-05-17T09:22:13Z,15993
UgxaIfokmeYfvW7nY254AaABAg,Eurovision,EltgrumKJfk,DARA - Bangaranga (LIVE) | Bulgaria 🇧🇬 | Grand Final | Winner of Eurovision 2026,People forget this is actually a LIVE performance! The staging is absolutely insane!!,@vintagecherries,2026-06-21T21:50:57Z,377
UgwtROvmsWceG9gbbnp4AaABAg,Eurovision,EltgrumKJfk,DARA - Bangaranga (LIVE) | Bulgaria 🇧🇬 | Grand Final | Winner of Eurovision 2026,The fact she won both Jury and tele vote. Slay queen!,@SuzanaR,2026-05-16T23:25:23Z,13722
UgysBGAsnu9eVaFM-eZ4AaABAg,Eurovision,EltgrumKJfk,DARA - Bangaranga (LIVE) | Bulgaria 🇧🇬 | Grand Final | Winner of Eurovision 2026,"Finally a good use of dancers, they actually feel like performers here instead of just dancers jamming in the background.",@sagxtar264,2026-06-06T16:22:56Z,2423
Ugyr1jS687Y-IJH3el14AaABAg,Eurovision,EltgrumKJfk,DARA - Bangaranga (LIVE) | Bulgaria 🇧🇬 | Grand Final | Winner of Eurovision 2026,"After watching it for the 100th time I can say that I know why they won. They really presented something original and well done: very theatrical, the choreography, the gestures, the faces, the masks, the chairs, the lights, the lyrics, the message, the subtleties. Really fascinating! Congratulations!",@tadeoguerrero7892,2026-06-19T05:30:31Z,262
UgxxqYJpEPXR4JYoejp4AaABAg,Eurovision,EltgrumKJfk,DARA - Bangaranga (LIVE) | Bulgaria 🇧🇬 | Grand Final | Winner of Eurovision 2026,"This performance says ""I've already won, you just don't know it yet""",@Konstantinos_monomachos,2026-05-18T21:32:56Z,4459
UgxPjEvCc-Kl0htVt4J4AaABAg,Eurovision,EltgrumKJfk,DARA - Bangaranga (LIVE) | Bulgaria 🇧🇬 | Grand Final | Winner of Eurovision 2026,"The biggest dark horse in Eurovision history. Welcome Sofia 2027, and well done Bulgaria!! 🇧🇬",@will02468,2026-05-17T09:21:58Z,2337
UgyjSRkMxfQqmqBCIP14AaABAg,Eurovision,EltgrumKJfk,DARA - Bangaranga (LIVE) | Bulgaria 🇧🇬 | Grand Final | Winner of Eurovision 2026,"Credit to the dancers as well, they were amazing",@topgamingnoob893,2026-05-22T19:34:53Z,2036
Ugxe0IWVebkIS5L7RcR4AaABAg,Eurovision,EltgrumKJfk,DARA - Bangaranga (LIVE) | Bulgaria 🇧🇬 | Grand Final | Winner of Eurovision 2026,"1st listen: meh
10th listen: its okay
20th listen: BANGARANGARAN!",@orcite,2026-06-14T21:07:54Z,1406
Ugz3eRtwINaTQwHELZ14AaABAg,Eurovision,EltgrumKJfk,DARA - Bangaranga (LIVE) | Bulgaria 🇧🇬 | Grand Final | Winner of Eurovision 2026,"Admit it, you'd never have thought that this song would win",@Тотсамыйинтервьюер,2026-05-16T23:33:56Z,14949
UgwLWovttaq9Gx9EqKB4AaABAg,Eurovision,EltgrumKJfk,DARA - Bangaranga (LIVE) | Bulgaria 🇧🇬 | Grand Final | Winner of Eurovision 2026,The fact that Bulgaria left Eurovision for three years and came back victorious makes it 10 times crazier!!!,@markoober3116,2026-05-16T23:56:50Z,6160
Ugy5P0bcr7FcvFRyOO54AaABAg,Eurovision,EltgrumKJfk,DARA - Bangaranga (LIVE) | Bulgaria 🇧🇬 | Grand Final | Winner of Eurovision 2026,"I’m not the biggest fan of the song but you have to admit the staging, choreography, and her vocals being good despite her dancing was incredible. She is a natural performer. Congrats Bulgaria!",@Mhth10001,2026-05-17T22:04:28Z,2814
UgwoeJ8dNS06b09v7ox4AaABAg,Eurovision,EltgrumKJfk,DARA - Bangaranga (LIVE) | Bulgaria 🇧🇬 | Grand Final | Winner of Eurovision 2026,"One of the bosses at the company I work for is Bulgarian and a huge Eurovision fan. She gave us a days holiday when they won. Thank you, Dara ❤️",@SpitefulCrow1701,2026-07-04T01:50:57Z,124
UgzQGCwDHaPnoxfwiM14AaABAg,Eurovision,EltgrumKJfk,DARA - Bangaranga (LIVE) | Bulgaria 🇧🇬 | Grand Final | Winner of Eurovision 2026,This doesn’t feel like a live performance… it feels like a cinematic experience. Bulgaria absolutely nailed it.,@VladimirLachinov-mv7sh,2026-05-18T07:37:47Z,1215
UgxbvxQDZO6QnC9c58V4AaABAg,Eurovision,EltgrumKJfk,DARA - Bangaranga (LIVE) | Bulgaria 🇧🇬 | Grand Final | Winner of Eurovision 2026,"FINALLY! BALKANS WIN! Finally win a country without money and budget!!! Clear winner, congratulations to Bulgaria!",@mmchannel5288,2026-05-17T14:49:00Z,4055
UgwuuzyI56FwZB1EHiR4AaABAg,Eurovision,EltgrumKJfk,DARA - Bangaranga (LIVE) | Bulgaria 🇧🇬 | Grand Final | Winner of Eurovision 2026,Ive never cheered this much for Bulgaria to win anything.,@GODLIEK,2026-05-16T23:03:24Z,10941
UgyZ7xDeYv7iGqB82wR4AaABAg,Eurovision,EltgrumKJfk,DARA - Bangaranga (LIVE) | Bulgaria 🇧🇬 | Grand Final | Winner of Eurovision 2026,"Hi dear people! 2 months after our diva DARA won Eurovision 🏆!!!! This was a crazy moment for my country Bulgaria 🇧🇬 and for me of course, because i'm a very big fan of Eurovision since 10 years!!! For the first time Bulgaria won something big competition in the World 🌎!!! I use this comment to say thank you to everyone for congrats my country and our queen winning Eurovision!!!  I love you all here!!!!❤❤❤ I invite everyone to come in Bulgaria 🇧🇬 for next year!!! I hope we Bulgarians to make best Eurovision ever!!!! Welcome all to Bulgaria 🇧🇬!!! Best wishes from me,Andi!!!❤❤❤",@АндреянГанчев,2026-07-12T05:34:33Z,79
UgwjreByLjWvzaQ87uN4AaABAg,Eurovision,EltgrumKJfk,DARA - Bangaranga (LIVE) | Bulgaria 🇧🇬 | Grand Final | Winner of Eurovision 2026,"That performance was incredible. It felt like watching a complete, professionally produced video song live.",@hristomirminchev7235,2026-05-17T14:46:30Z,1362
Ugx4YnLjl4El8WB-TtJ4AaABAg,Eurovision,EltgrumKJfk,DARA - Bangaranga (LIVE) | Bulgaria 🇧🇬 | Grand Final | Winner of Eurovision 2026,"When you think of it, she might be the one that relied the least on this huge stage. She shrank it down to a ""room"", like a random waiting room in a office building, worked in it, and just at the very end, she used a bit of the entire stage. She actually played with the camera and engaged directly with the audience, pulling us in that ""room"" and her song. Really, it gave a mid 00's MTV video feel, in the best way possible. Bravo Dara, congrats!",@weissgoldmond,2026-05-17T14:26:15Z,1023
UgwfMqIVd6z622IUQqF4AaABAg,Eurovision,EltgrumKJfk,DARA - Bangaranga (LIVE) | Bulgaria 🇧🇬 | Grand Final | Winner of Eurovision 2026,The fact that they were able to create a music video feel during a live performance is mind blowing.,@hristinaleonard5540,2026-05-20T20:40:43Z,2728
Ugwcj6yJS1AznKrwuUx4AaABAg,Eurovision,EltgrumKJfk,DARA - Bangaranga (LIVE) | Bulgaria 🇧🇬 | Grand Final | Winner of Eurovision 2026,This is a masterclass in how to win the Eurovision,@elizabeth184,2026-06-21T01:54:08Z,39
UgxpOI8WRwLnoGd148d4AaABAg,Eurovision,EltgrumKJfk,DARA - Bangaranga (LIVE) | Bulgaria 🇧🇬 | Grand Final | Winner of Eurovision 2026,"Loved how everyone underestimated her... 

That she is the right choice to represented Bulgaria.
That she might not qualify.
That she might not get into Top 10
That there is no chance to win.

And then she casually came, brought the arena roof down, took all that jury  and televote points, totally turned over the table (and chairs😅), took the trophy and fly back to Bulgaria, leaving everyone in complete shock!

Isn't that quite the journey and story of this year ESC

I am so happy with this win!
That's how Eurovision should be..unpredictable, enjoyable, charging with positive energy!",@viktorg9633,2026-05-18T21:21:03Z,983
Ugx8_nSD6DmHCYQrEuB4AaABAg,Eurovision,EltgrumKJfk,DARA - Bangaranga (LIVE) | Bulgaria 🇧🇬 | Grand Final | Winner of Eurovision 2026,The cinematography of this performance is just perfect. It balances the chaos of the song in just the right way. Well done.,@darkcreatureinadarkroom1617,2026-05-26T17:03:37Z,1089
UgyjkESqXd4khFODfgJ4AaABAg,Eurovision,Rfd-6uAG4Rc,Akylas - Ferto (LIVE) | Greece 🇬🇷 | Grand Final | Eurovision 2026,"Win or lose, his mom is going to be so proud of him",@macarroncito,2026-05-16T20:13:12Z,5109
Ugy82HzjcRxCtwwK31Z4AaABAg,Eurovision,Rfd-6uAG4Rc,Akylas - Ferto (LIVE) | Greece 🇬🇷 | Grand Final | Eurovision 2026,"Akylas, the juries did you dirty… You managed to reach the top 6 in the televote and 10th place overall. And you know what? That’s okay.
Because we loved your song, we loved your personality, we loved your positive aura. Be proud of yourself, because we are very proud of you.❤❤",@meowmeowkkk,2026-05-17T00:51:03Z,1181
UgzGrcEi0c5w_qBk_xh4AaABAg,Eurovision,Rfd-6uAG4Rc,Akylas - Ferto (LIVE) | Greece 🇬🇷 | Grand Final | Eurovision 2026,"From what I've noticed, I think he's the one who had the most fun out of all the contestants. He just exudes joy and relaxation.😂🎉",@sergiuovidiu2702,2026-05-19T11:28:48Z,376
UgwNFELAbDs3_oIwj9J4AaABAg,Eurovision,Rfd-6uAG4Rc,Akylas - Ferto (LIVE) | Greece 🇬🇷 | Grand Final | Eurovision 2026,Thank u so much for everything Europe ❤️ I love u,@akylas__,2026-05-17T00:12:26Z,5446
UgzLKygAyDRlP5QpobJ4AaABAg,Eurovision,Rfd-6uAG4Rc,Akylas - Ferto (LIVE) | Greece 🇬🇷 | Grand Final | Eurovision 2026,"Some win, others become legends",@Stathis7,2026-05-17T01:40:45Z,1930
Ugwyu1y2JnZmTM71IC14AaABAg,Eurovision,Rfd-6uAG4Rc,Akylas - Ferto (LIVE) | Greece 🇬🇷 | Grand Final | Eurovision 2026,"He is a good person, you can see that.
Watch the video when Dara won the way he was dancing in the background without any jealousy, genuinely happy for someone else’s success.
Great things are still ahead of him.
Greetings from Serbia.❤️🇷🇸🇬🇷",@sofijarandjelovic6755,2026-05-19T01:42:20Z,83
UgzzEQNIZeHIUQZCkwR4AaABAg,Eurovision,Rfd-6uAG4Rc,Akylas - Ferto (LIVE) | Greece 🇬🇷 | Grand Final | Eurovision 2026,"Dear Greece, we both lost so we can stop fighting now🥲 Let’s be friends again 🇫🇮🤝🇬🇷",@NorthFrame12,2026-05-16T23:52:00Z,2316
UgwgAH6f8cFsgpwf7-54AaABAg,Eurovision,Rfd-6uAG4Rc,Akylas - Ferto (LIVE) | Greece 🇬🇷 | Grand Final | Eurovision 2026,"My family cannot stop laughing during all the performance, they say he could perfectly be part of us Spaniards. It’s time for Greece’s victory after 21 years. Wishing the best of luck and sending lots of love from Spain, dear Greece 🇬🇷❤️🇪🇸 OPA ELLADA!!!",@ESCSamuel,2026-05-16T20:12:42Z,1014
Ugz6pAOhSOY7pUhT1PR4AaABAg,Eurovision,Rfd-6uAG4Rc,Akylas - Ferto (LIVE) | Greece 🇬🇷 | Grand Final | Eurovision 2026,12 points from all Europeans voters!!! 🎉🎉🎉,@steliosioannou2800,2026-05-16T20:18:47Z,52
UgxIjDucWZu28FqNugp4AaABAg,Eurovision,Rfd-6uAG4Rc,Akylas - Ferto (LIVE) | Greece 🇬🇷 | Grand Final | Eurovision 2026,"-How many times are you going to watch this?
- FERTO",@kostasnikolettos1438,2026-05-16T20:33:41Z,463
UgybrbRbQT02sQ-Fjt14AaABAg,Eurovision,Rfd-6uAG4Rc,Akylas - Ferto (LIVE) | Greece 🇬🇷 | Grand Final | Eurovision 2026,"This is a perfect Eurovision song. Catchy, sang in the artist’s native language, with a well-executed entertaining performance and a deep meaning hidden behind all the fun? 
I’m happy Akylas is top-10, but he deserved much more.",@Ohdearwes,2026-05-18T17:56:24Z,122
UgxJ4UDYfmbdPbKXPOJ4AaABAg,Eurovision,Rfd-6uAG4Rc,Akylas - Ferto (LIVE) | Greece 🇬🇷 | Grand Final | Eurovision 2026,"*Just a few months ago, Akylas was performing as a street musician, chasing a dream with nothing but talent, perseverance, and belief in himself.*

*Today, Europe has the opportunity to crown him as a winner and send a powerful message to every young person across the continent: that even in the difficult times we live in, hard work, dedication, and self-confidence can still turn dreams into reality.*

Let Europe gather next year under the Greek sky, beside the sea, with unforgettable music, incredible culture, amazing cuisine, and the warmest welcome imaginable.

*This is bigger than a song.*
*This is a story of hope.*
*Bring Eurovision to Greece, bring it back to the Balkans!!* 🇬🇷",@ΚώσταςΠαπαγιάννης-ν9τ,2026-05-16T20:11:07Z,3854
Ugz28PTlQpsLZuODffR4AaABAg,Eurovision,Rfd-6uAG4Rc,Akylas - Ferto (LIVE) | Greece 🇬🇷 | Grand Final | Eurovision 2026,12 points for Greece from Poland 🇵🇱 my favorite🤩🥰,@mati_1388,2026-05-16T20:22:06Z,254
UgwT4yzqbmufiRMAzG94AaABAg,Eurovision,Rfd-6uAG4Rc,Akylas - Ferto (LIVE) | Greece 🇬🇷 | Grand Final | Eurovision 2026,I was so happy that my country gave the brothers 12 points 🇷🇸🇬🇷,@TS-pn3bx,2026-05-19T09:30:22Z,285
UgwgPMI2cdfCALrASfJ4AaABAg,Eurovision,Rfd-6uAG4Rc,Akylas - Ferto (LIVE) | Greece 🇬🇷 | Grand Final | Eurovision 2026,12 points from Germany.  My winner,@warumsollteichessagen8029,2026-05-16T20:10:37Z,1074
UgzykBzfgo9J1VBMdbV4AaABAg,Eurovision,Rfd-6uAG4Rc,Akylas - Ferto (LIVE) | Greece 🇬🇷 | Grand Final | Eurovision 2026,AKYLAS BECAME ONE MORE CELEBRITY IN THE EUROVISION HALL OF FAME,@Maggz12,2026-05-16T23:26:28Z,470
UgzTIBhIGbrlfbtSiUF4AaABAg,Eurovision,Rfd-6uAG4Rc,Akylas - Ferto (LIVE) | Greece 🇬🇷 | Grand Final | Eurovision 2026,Serbian jury awarded 12 points 🇷🇸♥️🇬🇷,@EuroSrbija,2026-05-18T17:26:16Z,74
UgxR4wKZAF59f9uHQAV4AaABAg,Eurovision,Rfd-6uAG4Rc,Akylas - Ferto (LIVE) | Greece 🇬🇷 | Grand Final | Eurovision 2026,"12 points from Bosnia 🇧🇦🤍🇬🇷 As catchy, upbeat, and positive as the song is, it’s also emotionally heavy. Reading the translated lyrics gave me goosebumps. Go for the win! 🇬🇷🥹",@bosanacba6274,2026-05-16T20:25:08Z,248
UgxG7X5X1LYfPvLsv_p4AaABAg,Eurovision,Rfd-6uAG4Rc,Akylas - Ferto (LIVE) | Greece 🇬🇷 | Grand Final | Eurovision 2026,"My vote for Greece from Georgia. Akylas is unbelievably brilliant. Wishing you victory, Greeks!💙💙🫶",@Thodoris26,2026-05-16T20:11:07Z,456
Ugww6cYaOIaK2JFkE0l4AaABAg,Eurovision,Rfd-6uAG4Rc,Akylas - Ferto (LIVE) | Greece 🇬🇷 | Grand Final | Eurovision 2026,12 Points Like BUTTON! Winner 2026 Thats Real ESC Music!,@SchnitzelGangReal,2026-05-16T20:11:09Z,277
Ugxj-1M-JH_ROPcKHz14AaABAg,Eurovision,Rfd-6uAG4Rc,Akylas - Ferto (LIVE) | Greece 🇬🇷 | Grand Final | Eurovision 2026,"GREECE IS MY FAVORITE COUNTRY IN EUROVION, EVERYTHING THEY SEND IS AMAZING 🇬🇷❤️🇮🇹",@nicocirelli04,2026-05-16T20:13:00Z,976
UgyBH2MRL38LW-n96IZ4AaABAg,Eurovision,Rfd-6uAG4Rc,Akylas - Ferto (LIVE) | Greece 🇬🇷 | Grand Final | Eurovision 2026,Respect from Armenia to Greece,@SecretGiggle_88,2026-05-18T07:09:16Z,15
UgyoUunrUsAqk00A7t54AaABAg,Eurovision,Rfd-6uAG4Rc,Akylas - Ferto (LIVE) | Greece 🇬🇷 | Grand Final | Eurovision 2026,12 points from USA 🇺🇸 <3,@mariatsamp,2026-05-16T20:37:18Z,89
UgxIhT-6WGhdG1E7ZoR4AaABAg,Eurovision,Rfd-6uAG4Rc,Akylas - Ferto (LIVE) | Greece 🇬🇷 | Grand Final | Eurovision 2026,12 points from United Kingdom my favourite,@martinneville5624,2026-05-16T20:44:58Z,131
UgxFZVaVnv-0MIPAhWl4AaABAg,Eurovision,Rfd-6uAG4Rc,Akylas - Ferto (LIVE) | Greece 🇬🇷 | Grand Final | Eurovision 2026,I am so prouf of our jury 🇷🇸♥️🇬🇷,@EuroSrbija,2026-05-17T14:38:43Z,293
UgyMANd16xS_zD7Rkwt4AaABAg,Eurovision,ZlnLvLDP4Zg,"Central Cee - Eurovision Ft Rondodasosa, Baby Gang, A2Anti, Morad, Beny Jr, Ashe 22, Freeze Corleone","The international collab we've never expected, this will go down as a historical moment 🇲🇦x🇩🇿x🇬🇧x🇫🇷x🇮🇹x🇪🇦x🇸🇳",@GymWithtachi,2022-02-28T21:26:58Z,12150
UgxcGqeiHkAki8MPtS94AaABAg,Eurovision,ZlnLvLDP4Zg,"Central Cee - Eurovision Ft Rondodasosa, Baby Gang, A2Anti, Morad, Beny Jr, Ashe 22, Freeze Corleone",Anyone in June 2026 ?,@YOUSSEF_GAFIRIE,2025-11-14T19:23:51Z,3223
UgyMvQXxyAzL7xdrZ994AaABAg,Eurovision,ZlnLvLDP4Zg,"Central Cee - Eurovision Ft Rondodasosa, Baby Gang, A2Anti, Morad, Beny Jr, Ashe 22, Freeze Corleone","00:27 Rondo🇮🇹
00:54 Baby🇮🇹
1:20 Cee🏴󠁧󠁢󠁥󠁮󠁧󠁿
1:47 A2Anti🏴󠁧󠁢󠁥󠁮󠁧󠁿
2:12 Morad🇪🇸
2:39 Beny Jr🇪🇸
3:07 Ashe 22🇫🇷
3:33 Freeze🇫🇷",@redisYSL,2022-03-07T14:37:14Z,7547
UgxhtxvCZbWvKYcq1RF4AaABAg,Eurovision,ZlnLvLDP4Zg,"Central Cee - Eurovision Ft Rondodasosa, Baby Gang, A2Anti, Morad, Beny Jr, Ashe 22, Freeze Corleone",Anyone During this world cup 2026?😊😊,@shantokhan3330,2026-07-08T11:25:00Z,52
UgyFLjOgwzM2xvGRddB4AaABAg,Eurovision,ZlnLvLDP4Zg,"Central Cee - Eurovision Ft Rondodasosa, Baby Gang, A2Anti, Morad, Beny Jr, Ashe 22, Freeze Corleone","I HAVE NO WORDS TO EXPLAIM HOW GOOD THIS IS, WHAT A JOINT THAT ALL, I'LL NEVER GET TIRED OF LISTENING TO IT.😍🇲🇦🇩🇿🇬🇧🇫🇷🇮🇹🇪🇦🇸🇳",@Aleakhl,2022-02-28T21:03:50Z,30432
UgxONsL5HPFXBNRkHbh4AaABAg,Eurovision,ZlnLvLDP4Zg,"Central Cee - Eurovision Ft Rondodasosa, Baby Gang, A2Anti, Morad, Beny Jr, Ashe 22, Freeze Corleone","I am spanish but RONDO it's the best part, it's just amazing how he starts🔥🔥🔥",@useername89,2022-03-01T00:13:01Z,4164
UgwkiB6olmpe99oQCJJ4AaABAg,Eurovision,ZlnLvLDP4Zg,"Central Cee - Eurovision Ft Rondodasosa, Baby Gang, A2Anti, Morad, Beny Jr, Ashe 22, Freeze Corleone","4 years later, yet we haven't been any closer to world peace than that.",@mikaturker2142,2026-07-10T18:41:15Z,8
UgyvsdhuARO-CywE4kN4AaABAg,Eurovision,ZlnLvLDP4Zg,"Central Cee - Eurovision Ft Rondodasosa, Baby Gang, A2Anti, Morad, Beny Jr, Ashe 22, Freeze Corleone",Imagine if Eurovision was brave enough to give a platform to music that actually told the story of what life is like on the streets of Europe's most populated cities.,@yungjoemighty879,2022-04-03T21:51:05Z,2042
Ugy2eqeCJoEbPjINKdR4AaABAg,Eurovision,ZlnLvLDP4Zg,"Central Cee - Eurovision Ft Rondodasosa, Baby Gang, A2Anti, Morad, Beny Jr, Ashe 22, Freeze Corleone","Central Cee Has made History. This song is a certified European Masterclass.
667 Ekip",@Arilem34,2022-03-09T02:12:35Z,3684
UgwaQMinYbadpngUuDx4AaABAg,Eurovision,ZlnLvLDP4Zg,"Central Cee - Eurovision Ft Rondodasosa, Baby Gang, A2Anti, Morad, Beny Jr, Ashe 22, Freeze Corleone",1 song 8 artists 8 languages 8 beats 100% fire,@Karthikeyan-c5o,2026-06-25T06:32:57Z,23
UgwEwr7LtxUljsICWT54AaABAg,Eurovision,ZlnLvLDP4Zg,"Central Cee - Eurovision Ft Rondodasosa, Baby Gang, A2Anti, Morad, Beny Jr, Ashe 22, Freeze Corleone",As an American who had never heard of any of these guys before l’m incredibly impressed,@DoubleStudentLoans,2022-08-04T03:23:41Z,3274
UgzKK3K4emto5jd2Hv14AaABAg,Eurovision,ZlnLvLDP4Zg,"Central Cee - Eurovision Ft Rondodasosa, Baby Gang, A2Anti, Morad, Beny Jr, Ashe 22, Freeze Corleone",Rondo Goes the Hardest 💯,@JoshB_17,2022-03-01T11:13:03Z,3521
UgxX-EpOH7JwvlBTcKp4AaABAg,Eurovision,ZlnLvLDP4Zg,"Central Cee - Eurovision Ft Rondodasosa, Baby Gang, A2Anti, Morad, Beny Jr, Ashe 22, Freeze Corleone",*THE WORK RATE IS MAD!* 🥶💯,@thedeeprot,2022-02-28T21:04:51Z,891
UgwvQmwjxjrdKSVdcDx4AaABAg,Eurovision,ZlnLvLDP4Zg,"Central Cee - Eurovision Ft Rondodasosa, Baby Gang, A2Anti, Morad, Beny Jr, Ashe 22, Freeze Corleone",I don’t know what half of it says but it slaps anyway 🥶🥶🥶,@Your_own_Music,2022-03-01T15:47:46Z,6970
Ugy5e2XSmtgYNSINGDt4AaABAg,Eurovision,ZlnLvLDP4Zg,"Central Cee - Eurovision Ft Rondodasosa, Baby Gang, A2Anti, Morad, Beny Jr, Ashe 22, Freeze Corleone",The collab is hard! 🙏 🔥,@Rujay,2022-03-04T01:09:15Z,5692
UgwG5EX0OiJpG8uXn4J4AaABAg,Eurovision,ZlnLvLDP4Zg,"Central Cee - Eurovision Ft Rondodasosa, Baby Gang, A2Anti, Morad, Beny Jr, Ashe 22, Freeze Corleone",Rondoo Drill King🐐💙🇮🇹,@TrapMusic_Vibes,2026-05-31T22:56:42Z,16
UgykueX_1AD7fCT1tsV4AaABAg,Eurovision,ZlnLvLDP4Zg,"Central Cee - Eurovision Ft Rondodasosa, Baby Gang, A2Anti, Morad, Beny Jr, Ashe 22, Freeze Corleone","French brothers killed it with this one🇫🇷🔥
 love from Italy🇮🇹",@andreabazoli9977,2022-02-28T21:14:42Z,772
UgyZ6GIsdaOKqHjUaWp4AaABAg,Eurovision,ZlnLvLDP4Zg,"Central Cee - Eurovision Ft Rondodasosa, Baby Gang, A2Anti, Morad, Beny Jr, Ashe 22, Freeze Corleone",Italy and spain on top🔥💯 rondo baby gang morad and benyjr lit it on fireee,@maghribeno390,2022-02-28T21:17:12Z,130
UgwQO4jfH-KCJqL7viB4AaABAg,Eurovision,ZlnLvLDP4Zg,"Central Cee - Eurovision Ft Rondodasosa, Baby Gang, A2Anti, Morad, Beny Jr, Ashe 22, Freeze Corleone",Being an American artist / rapper and seeing different countries and culture in the music scene is always dope to see. Everyone got a story to tell and everyone got something new to learn,@Sayiid,2022-03-02T18:24:55Z,968
Ugwd7_4g5VKbb7xGB4R4AaABAg,Eurovision,ZlnLvLDP4Zg,"Central Cee - Eurovision Ft Rondodasosa, Baby Gang, A2Anti, Morad, Beny Jr, Ashe 22, Freeze Corleone","I don’t think you understand how massive of a collab this is, it represents every corner of some of the best drill artists in Europe, these drill artists are representing their country in terms of best rappers in their country, Cench got together the best drill artists in Europe and put them together in 1 song, that takes some skill, especially because some of the gangs in this video don’t like each other but to bring them together in 1 music video is amazing",@yoyostudios1157,2023-02-10T16:22:45Z,2904
UgzsuoxfpOy1GKEX4Nd4AaABAg,Eurovision,ZlnLvLDP4Zg,"Central Cee - Eurovision Ft Rondodasosa, Baby Gang, A2Anti, Morad, Beny Jr, Ashe 22, Freeze Corleone",Baby gang went crazy with his flow everyone did his part well done,@sweetdreams4668,2022-03-02T22:44:39Z,659
UgwGrtQylFqQK6aLgKV4AaABAg,Eurovision,ZlnLvLDP4Zg,"Central Cee - Eurovision Ft Rondodasosa, Baby Gang, A2Anti, Morad, Beny Jr, Ashe 22, Freeze Corleone",1:22 Just listen to the beat🔥,@Houmaan_HK,2025-08-13T20:12:43Z,68
UgyRC8qskdRrqf5SK5l4AaABAg,Eurovision,ZlnLvLDP4Zg,"Central Cee - Eurovision Ft Rondodasosa, Baby Gang, A2Anti, Morad, Beny Jr, Ashe 22, Freeze Corleone",Who ever made the transition from a firework to a smoking blunt need a rise!!! That was WAYYYY TOO CLEAN,@bertibeats5377,2022-03-09T13:02:11Z,920
UgwlOySy_mHBrImAA_V4AaABAg,Eurovision,ZlnLvLDP4Zg,"Central Cee - Eurovision Ft Rondodasosa, Baby Gang, A2Anti, Morad, Beny Jr, Ashe 22, Freeze Corleone","PROUD TO BE MOROCCAN, BORN IN ITALY AND IM IN FRANCE 🇮🇹🇲🇦🇫🇷",@ImProud_,2022-04-26T22:14:21Z,2850
UgwnRPE-Fx6K0FnYidh4AaABAg,Eurovision,ZlnLvLDP4Zg,"Central Cee - Eurovision Ft Rondodasosa, Baby Gang, A2Anti, Morad, Beny Jr, Ashe 22, Freeze Corleone",Directed By WILLIAM Thomas (me) 🇪🇺🇪🇺🌍 Thanks to the artists and Central Cee for this 🎥🎥🤯🤯 ! Une réalisation WILLIAM Thomas 🇬🇧🌍🇪🇺🇮🇹🇫🇷🇪🇸😬,@DirectedByWT,2022-02-28T21:59:03Z,691
UgwJ3RkoibfSMf--jTt4AaABAg,Eurovision,rcOwvZ26KFQ,Helena Paparizou - My Number One - Greece 🇬🇷 - Grand Final - Eurovision 2005,gonna tell my kids this was Helen of Troy,@palemoonlight96,2026-05-16T19:14:01Z,1593
UgxraO9OO0lU4w-b2od4AaABAg,Eurovision,rcOwvZ26KFQ,Helena Paparizou - My Number One - Greece 🇬🇷 - Grand Final - Eurovision 2005,Here again after Bulgaria won Eurovision 2026,@elnurnagiyev3282,2026-05-16T23:38:40Z,797
UgwqQN35EkOt1Dxp1id4AaABAg,Eurovision,rcOwvZ26KFQ,Helena Paparizou - My Number One - Greece 🇬🇷 - Grand Final - Eurovision 2005,Stop asking who’s still here. We aren’t leaving.,@A_d_ii,2024-05-12T15:02:04Z,1049
UgyPBxt-kDvfiFmxY_l4AaABAg,Eurovision,rcOwvZ26KFQ,Helena Paparizou - My Number One - Greece 🇬🇷 - Grand Final - Eurovision 2005,Eurovision week so i cane here to pay my tribute,@RainDrop-bl8yv,2026-05-11T07:58:35Z,205
UgzD29K62M79i8I4qsx4AaABAg,Eurovision,rcOwvZ26KFQ,Helena Paparizou - My Number One - Greece 🇬🇷 - Grand Final - Eurovision 2005,"That self-confidence, she came to win, you can see that in her eyes :D",@Savkedavke,2018-05-02T10:00:25Z,9905
Ugwx3yliwjW0kVw06md4AaABAg,Eurovision,rcOwvZ26KFQ,Helena Paparizou - My Number One - Greece 🇬🇷 - Grand Final - Eurovision 2005,"After 16 years, I'm still listening. Helena is the most confident woman in the eurovision history. Her eyes say 'I'm here to win!"" What a charisma! Greetings from Turkey!",@didemozz,2021-06-09T10:28:52Z,7026
UgxXiQByIyZmMW9bJ054AaABAg,Eurovision,rcOwvZ26KFQ,Helena Paparizou - My Number One - Greece 🇬🇷 - Grand Final - Eurovision 2005,"This song was a huge hit in the Balkans. 
Bulgaria, Serbia, Romania, Turkey... everyone was listening to this song",@zemya46,2020-04-29T12:34:35Z,4757
UgzOEhUoJlTBD_38tzp4AaABAg,Eurovision,rcOwvZ26KFQ,Helena Paparizou - My Number One - Greece 🇬🇷 - Grand Final - Eurovision 2005,"2003 Sertap 🇹🇷
2004 Ruslana 🇺🇦
2005 Helena 🇬🇷
Three wonderful years, Three wonderful women.",@A.G_KING,2022-05-19T07:18:51Z,8321
UgjnIIVXef-b33gCoAEC,Eurovision,rcOwvZ26KFQ,Helena Paparizou - My Number One - Greece 🇬🇷 - Grand Final - Eurovision 2005,"Turkey gave 12 points to this song, and more than 5 years i heard this everywhere in Turkey. We love you Greece !",@ErdilDeniz67,2016-12-15T16:35:15Z,6522
Ugyzga6wfyLXTxS7U2d4AaABAg,Eurovision,rcOwvZ26KFQ,Helena Paparizou - My Number One - Greece 🇬🇷 - Grand Final - Eurovision 2005,I'm still listening this song during quarantine days in Istanbul.,@newseconds6880,2020-04-02T15:31:52Z,6816
UgxDuX5_JUhEUSQu0ep4AaABAg,Eurovision,rcOwvZ26KFQ,Helena Paparizou - My Number One - Greece 🇬🇷 - Grand Final - Eurovision 2005,"you can't imagine how a huge hit this song was in Türkiye, we even used it at some schools as schoolbells for years :))",@emregorken3229,2024-05-09T21:26:57Z,3313
UgyX2CZDeDBWpwNAnpd4AaABAg,Eurovision,rcOwvZ26KFQ,Helena Paparizou - My Number One - Greece 🇬🇷 - Grand Final - Eurovision 2005,"She's a Greek goddess
She totally nailed it. She owned the stage that night",@manoliskasioumis1115,2021-05-23T20:17:35Z,2367
UgxDSdDaRSyrEsKkDRh4AaABAg,Eurovision,rcOwvZ26KFQ,Helena Paparizou - My Number One - Greece 🇬🇷 - Grand Final - Eurovision 2005,"Still hit, still listening!!!! Greetings from Turkey to our neighbour Greece 🇹🇷🇬🇷",@zeynurvibes,2025-03-26T15:55:45Z,429
UgxXvjXujw0OQYHp4d54AaABAg,Eurovision,rcOwvZ26KFQ,Helena Paparizou - My Number One - Greece 🇬🇷 - Grand Final - Eurovision 2005,I remember how succesfull this song became in Venezuela . It was played in all clubs.,@jlen86,2022-04-08T18:50:54Z,470
UgxivB1BRrsPDCIf-od4AaABAg,Eurovision,rcOwvZ26KFQ,Helena Paparizou - My Number One - Greece 🇬🇷 - Grand Final - Eurovision 2005,One of my all time favorite Eurovision songs. 💙,@sefaemreilikli,2020-08-05T11:36:11Z,6444
UgydKbRNJ4i6w4_-q4x4AaABAg,Eurovision,rcOwvZ26KFQ,Helena Paparizou - My Number One - Greece 🇬🇷 - Grand Final - Eurovision 2005,"Dancing and singing , not missing one note, she is pure perfection",@RedLilly82,2022-06-16T08:10:18Z,996
Ugxz9ImoZitkD3AKTcZ4AaABAg,Eurovision,rcOwvZ26KFQ,Helena Paparizou - My Number One - Greece 🇬🇷 - Grand Final - Eurovision 2005,Funny fun fact: That guy that you can hear in 2:55 actually sneezed but he was so on beat that nobody realized 😂,@sofiamarinou1620,2025-05-02T02:06:51Z,190
UgwkvTaF5aCv32hBNBl4AaABAg,Eurovision,rcOwvZ26KFQ,Helena Paparizou - My Number One - Greece 🇬🇷 - Grand Final - Eurovision 2005,"One of the best Eurovision entries of all time, love from Türkiye.",@cemozturkish,2023-04-01T11:53:29Z,2323
Ugx1bBYLDeD4dnMjlWV4AaABAg,Eurovision,rcOwvZ26KFQ,Helena Paparizou - My Number One - Greece 🇬🇷 - Grand Final - Eurovision 2005,"2004: Greece wins Euro 2004 and hosts the Olympic games.
2005: Greece wins Eurovision song contest and wins EuroBasket.",@onefriend4400,2020-12-05T15:42:00Z,1632
UgzMm4LggxO707g2v4J4AaABAg,Eurovision,rcOwvZ26KFQ,Helena Paparizou - My Number One - Greece 🇬🇷 - Grand Final - Eurovision 2005,"who’s ready for the Grand Final this Saturday, where she’ll perform this again after 16 years?! 💙😍",@mercurialkenny,2021-05-20T10:31:42Z,2228
UgwaElpf0jqReRDHQCx4AaABAg,Eurovision,rcOwvZ26KFQ,Helena Paparizou - My Number One - Greece 🇬🇷 - Grand Final - Eurovision 2005,"I was sitting on the couch watching, while my dad was snacking at the dinner table. This song started. At the 10-second mark, my dad and I looked at each other at the same time. I said ""Dad, this is number one. Definitely!""  Watching the other songs didn't change my mind. :) My neighbor deservedly won. Greetings from Türkiye.",@Cagla_Kara,2026-02-18T19:43:53Z,60
UgzmC9mQbYkzjzLnhb14AaABAg,Eurovision,rcOwvZ26KFQ,Helena Paparizou - My Number One - Greece 🇬🇷 - Grand Final - Eurovision 2005,"Comment Section :
%50 Turkish comments
%50 English comments from Turks",@mavinokta5835,2020-06-02T15:40:33Z,4310
Ugzro4_xsbVrVHJJUiN4AaABAg,Eurovision,rcOwvZ26KFQ,Helena Paparizou - My Number One - Greece 🇬🇷 - Grand Final - Eurovision 2005,This song would have won every Eurovision every year,@maxyanimationsclips6338,2021-04-30T18:17:52Z,757
Ugy-kN--_eGju5AE--x4AaABAg,Eurovision,rcOwvZ26KFQ,Helena Paparizou - My Number One - Greece 🇬🇷 - Grand Final - Eurovision 2005,"One of the many things in existence which can unite both our countries, Greece and Turkey, in the 21st century: 
Our passion for our (much identical) traditions and music! 🇬🇷❤🇹🇷",@pikosapikos13,2021-02-27T18:21:33Z,2594
UgyQlbs7jWw0XTMtO2V4AaABAg,Eurovision,rcOwvZ26KFQ,Helena Paparizou - My Number One - Greece 🇬🇷 - Grand Final - Eurovision 2005,I'm from Turkey and I think Turkey and Greece made Eurovision what it is today. <3,@honbl5821,2025-08-25T08:04:08Z,16
UgxXHUO0TUzSBOWGZCV4AaABAg,Eurovision,7i-k5QR6A6I,Antigoni - JALLA (LIVE) | Cyprus 🇨🇾 | Grand Final | Eurovision 2026,"Someone saw the 'semi-final' comments and took them personally 😭 

Go Queen!!!!! 🔥🔥🔥",@DimitrisK-e1g,2026-05-16T21:39:29Z,1611
Ugyquba6QFqxXN_3B5Z4AaABAg,Eurovision,7i-k5QR6A6I,Antigoni - JALLA (LIVE) | Cyprus 🇨🇾 | Grand Final | Eurovision 2026,You deserved such a better position than 19th Antigoni. This song will be the summer dance hit in Europe ! Well done !,@dr.christinamichailidou6999,2026-05-17T14:02:05Z,1038
Ugx0gXBKvWUfvgcbBLV4AaABAg,Eurovision,7i-k5QR6A6I,Antigoni - JALLA (LIVE) | Cyprus 🇨🇾 | Grand Final | Eurovision 2026,Not gonna lie… she ate tonight! 😂,@DimitrisK-e1g,2026-05-16T21:32:52Z,2649
Ugzf-L9neWVMFCoDInB4AaABAg,Eurovision,7i-k5QR6A6I,Antigoni - JALLA (LIVE) | Cyprus 🇨🇾 | Grand Final | Eurovision 2026,She was saving her voice for Saturday was actually true.,@pauliuskun,2026-05-16T21:31:05Z,2474
UgwjHMOq39Mr_9ifoId4AaABAg,Eurovision,7i-k5QR6A6I,Antigoni - JALLA (LIVE) | Cyprus 🇨🇾 | Grand Final | Eurovision 2026,"Her actually dancing on the table just like she was born to and the whole crowd screaming ""JALLA"" like they really want to listen to this for hours. That performance was so iconic. JALLA 🔛🔝",@Dominozńs,2026-05-18T19:58:44Z,263
UgzAGNBNd_HXsdjEXSl4AaABAg,Eurovision,7i-k5QR6A6I,Antigoni - JALLA (LIVE) | Cyprus 🇨🇾 | Grand Final | Eurovision 2026,The way she improved so much in just a couple of days JALLA JALLA JALLA 🇨🇾 💛,@StanTwiceZ,2026-05-16T21:30:57Z,703
UgzPEPyUz5IfbFn_ZgF4AaABAg,Eurovision,7i-k5QR6A6I,Antigoni - JALLA (LIVE) | Cyprus 🇨🇾 | Grand Final | Eurovision 2026,This song definitely deserved to be in the top 10.,@rosypassa8373,2026-05-17T00:53:36Z,95
Ugz27g3SfLYkoZgQPhd4AaABAg,Eurovision,7i-k5QR6A6I,Antigoni - JALLA (LIVE) | Cyprus 🇨🇾 | Grand Final | Eurovision 2026,"This was definitely better than the semi final one, I'm taking my comment back. She came back on stage like a queen.",@ewoudbrummel5050,2026-05-16T21:32:53Z,3938
UgzhKHblOW3_hywCK2h4AaABAg,Eurovision,7i-k5QR6A6I,Antigoni - JALLA (LIVE) | Cyprus 🇨🇾 | Grand Final | Eurovision 2026,"""ΑΓΑΠΩΣΕ ΚΥΠΡΟ"" 3:17 🥹🫠means I LOVE YOU CYPRUS, for those wondering.... She made us proud even if the final place wasn't the respectful one! Thank you Antigoni! You gave all of yourself that night and we appreciate it! I'm very happy for you and us ❤",@user-hw6bu8mq2w,2026-05-18T10:22:28Z,262
UgxT49vMoGFJF9sZ4sh4AaABAg,Eurovision,7i-k5QR6A6I,Antigoni - JALLA (LIVE) | Cyprus 🇨🇾 | Grand Final | Eurovision 2026,"Her vocals are better this time, which is nice to see.... And even if she finished at 19th place, she slayed on the stage! 
A round of applause to Antigoni and Cyprus for a job well done. 😄👏",@lmpurisic,2026-05-17T10:58:36Z,22
Ugxi0vs1n0GoR-3-rJ94AaABAg,Eurovision,7i-k5QR6A6I,Antigoni - JALLA (LIVE) | Cyprus 🇨🇾 | Grand Final | Eurovision 2026,SHE HAD TO LOCK IN FOR THE FINAL,@floklore,2026-05-16T21:31:43Z,367
Ugwqz-RkJzC0gx7KvFt4AaABAg,Eurovision,7i-k5QR6A6I,Antigoni - JALLA (LIVE) | Cyprus 🇨🇾 | Grand Final | Eurovision 2026,"I'm bulgarian and I'm pround with our winner, but I actually can't stop listening to this.. I love this song <3",@ETY_ONN,2026-05-23T19:51:59Z,101
UgzTJrTrn9oF4Q7Bprl4AaABAg,Eurovision,7i-k5QR6A6I,Antigoni - JALLA (LIVE) | Cyprus 🇨🇾 | Grand Final | Eurovision 2026,SHE CAME BACK STRONGERRR  🇨🇾🇨🇾🇨🇾🇨🇾🇨🇾🇨🇾,@_psh.,2026-05-16T21:42:25Z,348
UgzfU2OSWtxvI5mJ1XB4AaABAg,Eurovision,7i-k5QR6A6I,Antigoni - JALLA (LIVE) | Cyprus 🇨🇾 | Grand Final | Eurovision 2026,She deserved JALLA 😭✌️,@znmde,2026-05-25T05:03:16Z,26
UgxR83IwIPj6wj28Xjt4AaABAg,Eurovision,7i-k5QR6A6I,Antigoni - JALLA (LIVE) | Cyprus 🇨🇾 | Grand Final | Eurovision 2026,She proved why she qualified!!! Excellent performance tonight!! Breathtaking Cyprus!! Thank you Antigoni! We love you ❤,@lucas_8358,2026-05-16T21:45:11Z,411
UgwPCf2PI-m5BljvjwF4AaABAg,Eurovision,7i-k5QR6A6I,Antigoni - JALLA (LIVE) | Cyprus 🇨🇾 | Grand Final | Eurovision 2026,Okay she ATE in the final!!!!!!,@TennisWannabe,2026-05-17T22:09:22Z,21
Ugxe0iNlC4xhHp0PtRd4AaABAg,Eurovision,7i-k5QR6A6I,Antigoni - JALLA (LIVE) | Cyprus 🇨🇾 | Grand Final | Eurovision 2026,WHAT AN EPIC REVENGE <3,@aceandangel332,2026-05-16T21:37:06Z,773
UgweyJMgVG5_tcySS3x4AaABAg,Eurovision,7i-k5QR6A6I,Antigoni - JALLA (LIVE) | Cyprus 🇨🇾 | Grand Final | Eurovision 2026,"She managed to bounce back from the mistakes in the semifinals, she ate bro",@saralacancionmasalegredelmundo,2026-05-17T15:58:52Z,6
UgxPi4JWYhiXCHpWyv94AaABAg,Eurovision,7i-k5QR6A6I,Antigoni - JALLA (LIVE) | Cyprus 🇨🇾 | Grand Final | Eurovision 2026,"You got your revenge, queen 💯 You made Cyprus proud — a true winner in our hearts, and the greatest comeback of all!🇨🇾🏆",@sou1345,2026-05-16T21:30:23Z,1789
UgyVdjgdz1WladyPyXd4AaABAg,Eurovision,7i-k5QR6A6I,Antigoni - JALLA (LIVE) | Cyprus 🇨🇾 | Grand Final | Eurovision 2026,Easily deserved top 10! Sending love from your Greek Australians,@Kozi03,2026-05-17T06:26:31Z,52
UgzseAR6QJo6aPceFpJ4AaABAg,Eurovision,7i-k5QR6A6I,Antigoni - JALLA (LIVE) | Cyprus 🇨🇾 | Grand Final | Eurovision 2026,"This is SOOOO MUCH BETTER than the semifinal, go girl, GIVE US JALLA ❤‍🔥 🇨🇾",@oriol9922,2026-05-16T21:36:01Z,332
UgxmiKihpnB4lhowQj54AaABAg,Eurovision,7i-k5QR6A6I,Antigoni - JALLA (LIVE) | Cyprus 🇨🇾 | Grand Final | Eurovision 2026,"I am Bulgarian and proud of our girl, but this song really got under my skin. 
❤❤❤❤❤❤❤❤❤❤❤❤❤❤❤❤❤❤❤❤❤❤❤❤❤❤❤❤❤❤❤❤❤❤❤❤",@albenaasenova4448,2026-07-05T12:20:15Z,8
UgwS7hiAnmrq4xjhr7R4AaABAg,Eurovision,7i-k5QR6A6I,Antigoni - JALLA (LIVE) | Cyprus 🇨🇾 | Grand Final | Eurovision 2026,Never doubted the comeback. Antigoni is the best,@Astr0naut379,2026-05-16T21:53:41Z,238
Ugwl_XXwOykHvY6M8BV4AaABAg,Eurovision,7i-k5QR6A6I,Antigoni - JALLA (LIVE) | Cyprus 🇨🇾 | Grand Final | Eurovision 2026,"Antigoni mou you are the best, you deserved much better 🇨🇾🇨🇾🇨🇾",@ΑνήρΠάφιος,2026-05-17T06:11:58Z,38
Ugy3qIOfSY_hp-MrrHB4AaABAg,Eurovision,7i-k5QR6A6I,Antigoni - JALLA (LIVE) | Cyprus 🇨🇾 | Grand Final | Eurovision 2026,It's like night and day comparing this to the semi finals performance 😭😭 This is by far my favorite performance of the night,@fantasyxfulfilled,2026-05-16T21:47:20Z,292
Ugya1TbUcN06UHhs8Mt4AaABAg,Eurovision,X-93bFeV-N8,Ranking the MOST KNOWN Eurovision Songs #eurovision #ranking #viral #trending,"Most known Eurovision songs ❌
Bros favourite songs ✅",@GameManBrothers,2025-12-11T17:20:44Z,25840
Ugw101TZWx4EOsA7AuB4AaABAg,Eurovision,X-93bFeV-N8,Ranking the MOST KNOWN Eurovision Songs #eurovision #ranking #viral #trending,Sax guy was unironically iconic.,@Hellblazer1985,2026-04-28T03:22:48Z,2917
Ugy6jFfo87iPQlzyDXt4AaABAg,Eurovision,X-93bFeV-N8,Ranking the MOST KNOWN Eurovision Songs #eurovision #ranking #viral #trending,"fairytale not being number 1 is mad work


edit: ragebait successful lmaooo",@larpkey-oli,2025-09-24T10:58:33Z,31502
UgyOMrHOQhMLbaSk3aF4AaABAg,Eurovision,X-93bFeV-N8,Ranking the MOST KNOWN Eurovision Songs #eurovision #ranking #viral #trending,Europapa was the closest we came to world peace,@GamerLaQuePasta,2026-06-01T22:31:46Z,344
UgyXHsJWgsof8sKTO1Z4AaABAg,Eurovision,X-93bFeV-N8,Ranking the MOST KNOWN Eurovision Songs #eurovision #ranking #viral #trending,Snap above fairytale is insane,@YohannaNicoleNgbwaNgoo,2025-09-30T07:27:35Z,16009
UgwyAeDyhbMs2n2Bp8F4AaABAg,Eurovision,X-93bFeV-N8,Ranking the MOST KNOWN Eurovision Songs #eurovision #ranking #viral #trending,I even didn't know arcade was in Eurovision and snap,@Vox_Vincent_Fan,2026-02-05T20:47:16Z,3182
UgxcuO0BwiQ0zAgn2A94AaABAg,Eurovision,X-93bFeV-N8,Ranking the MOST KNOWN Eurovision Songs #eurovision #ranking #viral #trending,Arcade and fairytale is my fav😍,@ambitious_CA,2026-06-09T16:49:19Z,53
Ugzb2D-AxBLeQSjsnT14AaABAg,Eurovision,X-93bFeV-N8,Ranking the MOST KNOWN Eurovision Songs #eurovision #ranking #viral #trending,Waterloo not being on this list is a fucking sin,@Talkingbagofnachos,2025-10-13T01:24:29Z,5152
Ugxv1AMqsyJgSZoVQ0p4AaABAg,Eurovision,X-93bFeV-N8,Ranking the MOST KNOWN Eurovision Songs #eurovision #ranking #viral #trending,"I love Europapa, but it can’t be in this list, there’s so much more known songs like Zitti E Buoni or Waterloo",@vervain_belowthesun,2025-09-14T08:08:46Z,3285
UgzZdQ9LSGcIYULXLBp4AaABAg,Eurovision,X-93bFeV-N8,Ranking the MOST KNOWN Eurovision Songs #eurovision #ranking #viral #trending,best one is deff Fairytale,@creativelittlecoloring,2025-11-05T19:12:26Z,2133
UgxmSc8jmxqAHYMKPpF4AaABAg,Eurovision,X-93bFeV-N8,Ranking the MOST KNOWN Eurovision Songs #eurovision #ranking #viral #trending,Im from norway and its like such an iconic song in norway,@JarleBarsnes,2026-05-24T08:58:31Z,139
Ugx6tD9bbwJIO2TEQu14AaABAg,Eurovision,X-93bFeV-N8,Ranking the MOST KNOWN Eurovision Songs #eurovision #ranking #viral #trending,"Fairytale 
Arcade 
Disrespect was insane

Edit:Does anyone need auto graph",@BLAZE99-2,2026-03-07T00:04:03Z,2184
UgxTflZMFFTBIzQ9a054AaABAg,Eurovision,X-93bFeV-N8,Ranking the MOST KNOWN Eurovision Songs #eurovision #ranking #viral #trending,Where is Waterloo??,@edl11,2026-01-15T21:36:41Z,2281
UgxOSlQQtzGewmj7aZJ4AaABAg,Eurovision,X-93bFeV-N8,Ranking the MOST KNOWN Eurovision Songs #eurovision #ranking #viral #trending,No but the Europapa guy looks so innocent-,@adorbxcollie,2026-04-25T09:59:07Z,665
UgxTc3X2_gU6uA72XkR4AaABAg,Eurovision,X-93bFeV-N8,Ranking the MOST KNOWN Eurovision Songs #eurovision #ranking #viral #trending,"Aleksander once came to my school and performed fairytale for us live. We were maybe 50-100 people, he came right up to my table",@PercyJacksonEdits-hb6qc,2025-12-07T16:38:55Z,346
UgyJk_j2k3vtrjZs2yx4AaABAg,Eurovision,X-93bFeV-N8,Ranking the MOST KNOWN Eurovision Songs #eurovision #ranking #viral #trending,I didn't knew arcade and fairytale where in Eurovision. Fairytale has been for years one of my grandma's ringtones so I know it from there. And I've been looking for arcade recently but didn't knew how it went or how it's called. Thank you!!!,@katemadelyn0905,2026-06-02T19:50:16Z,2
UgzSUtD-YjEC1WCkYkF4AaABAg,Eurovision,X-93bFeV-N8,Ranking the MOST KNOWN Eurovision Songs #eurovision #ranking #viral #trending,fairstyle number one,@TunarBabayev-c4z,2026-02-02T19:58:40Z,523
UgzEfhkkB0CIkY4ntsp4AaABAg,Eurovision,X-93bFeV-N8,Ranking the MOST KNOWN Eurovision Songs #eurovision #ranking #viral #trending,Hardrock Hallelujah not being here is a crime.,@FtMBarbarian,2026-02-18T19:49:12Z,153
Ugx4Nn5EVJa8Fekl3HF4AaABAg,Eurovision,X-93bFeV-N8,Ranking the MOST KNOWN Eurovision Songs #eurovision #ranking #viral #trending,No way Waterloo from ABBA isn't in this list...,@camael4209,2025-10-11T07:49:42Z,342
UgznYEnruvyHdN0kSot4AaABAg,Eurovision,X-93bFeV-N8,Ranking the MOST KNOWN Eurovision Songs #eurovision #ranking #viral #trending,Source: Trust me Bro,@coinspinner-daily,2026-05-21T17:56:22Z,9
UgxoCI6cvcPOKksa4lp4AaABAg,Eurovision,X-93bFeV-N8,Ranking the MOST KNOWN Eurovision Songs #eurovision #ranking #viral #trending,RUNAWAY IS A FUCKING CLASSIC BRO I JUST REWATCHED THAT EPIC SAX GUY VIDEO,@DoctorrToboggan,2025-12-30T02:44:03Z,186
UgxK1x3CJk0wy8VimE94AaABAg,Eurovision,X-93bFeV-N8,Ranking the MOST KNOWN Eurovision Songs #eurovision #ranking #viral #trending,Waterloo is the most known and also the most important song in Eurovision history. The impact the song had to the entire contest is unbelievable.,@matthewlevine2159,2025-11-27T00:33:10Z,137
UgyG-tzBOf0XointGgR4AaABAg,Eurovision,X-93bFeV-N8,Ranking the MOST KNOWN Eurovision Songs #eurovision #ranking #viral #trending,I love Fairytale and arcade ❤,@Billie_is_my_queen,2026-06-24T15:48:52Z,2
Ugwp2a5yD0qTsUavVBl4AaABAg,Eurovision,X-93bFeV-N8,Ranking the MOST KNOWN Eurovision Songs #eurovision #ranking #viral #trending,I love these all and I think everyone deserves the spot they have (#JusticeforJoost) but where are Waterloo and Zitti e Buoni? I think everyone knows Waterloo and Maneskin is also in the top 400 artists in the world.,@Mentalista_Thirteen,2025-09-21T16:46:41Z,47
UgxG4HtGBEvMzCD3rY94AaABAg,Eurovision,X-93bFeV-N8,Ranking the MOST KNOWN Eurovision Songs #eurovision #ranking #viral #trending,Europapa being disqualified was the most bs I’ve ever seen to this day,@4ry_not_here,2026-02-08T15:33:07Z,832
UgwOWjNDqnMrT3TjE3t4AaABAg,Eurovision,4Mxq2WCAhT4,DARA - Bangaranga (LIVE) | Bulgaria 🇧🇬 | Second Semi-Final | Eurovision 2026,"For all those who don't understand the staging: She is in the room with her demons, her haters and fears. When she won the National Selection she wanted to give up because the Bulgarians beat her on the internet. Despite them, however, she decided to go out and show her talent. As in the staging - in the end she left the room and took control of her demons. What a star, this is art. Winner.",@filipaleksov,2026-05-15T00:22:01Z,13199
UgwHAz-L5_rDYG_-I0N4AaABAg,Eurovision,4Mxq2WCAhT4,DARA - Bangaranga (LIVE) | Bulgaria 🇧🇬 | Second Semi-Final | Eurovision 2026,12 points from Croatia 💪,@VIVOXMS,2026-05-14T20:18:09Z,347
UgydWcjsJ05JIP7UDv54AaABAg,Eurovision,4Mxq2WCAhT4,DARA - Bangaranga (LIVE) | Bulgaria 🇧🇬 | Second Semi-Final | Eurovision 2026,The live performance is even better than the original. This rarely happens! I’m so impressed! Loved every second of it,@benchiistyle,2026-05-14T19:46:52Z,10280
Ugy_vFqvrU35j-3y5gd4AaABAg,Eurovision,4Mxq2WCAhT4,DARA - Bangaranga (LIVE) | Bulgaria 🇧🇬 | Second Semi-Final | Eurovision 2026,Whoever choreographed this needs an award !!!!,@EnnoComo,2026-06-11T11:46:59Z,268
Ugx-i_IbwtRoC6nYa-x4AaABAg,Eurovision,4Mxq2WCAhT4,DARA - Bangaranga (LIVE) | Bulgaria 🇧🇬 | Second Semi-Final | Eurovision 2026,"There are SO many details in this performance! Not just the vocal, the movement, even the small facial expression! You can clearly see how much effort the team put into it. Not just Dara, but the whole team, well done.",@keldemperu,2026-05-15T06:41:59Z,2055
Ugy6BO76IqqtQaDqM5Z4AaABAg,Eurovision,4Mxq2WCAhT4,DARA - Bangaranga (LIVE) | Bulgaria 🇧🇬 | Second Semi-Final | Eurovision 2026,"NEVER LEAVE EUROVISION AGAIN BULGARIA 

WELCOME BACK !!",@leoschm,2026-05-14T21:23:24Z,5472
UgzBh_Et6bQw4CxTeil4AaABAg,Eurovision,4Mxq2WCAhT4,DARA - Bangaranga (LIVE) | Bulgaria 🇧🇬 | Second Semi-Final | Eurovision 2026,12 points from 🇷🇸 🫶 🇧🇬,@norman-jw6tj,2026-05-14T20:07:08Z,387
UgwM5GBBgLGJK6e1_eF4AaABAg,Eurovision,4Mxq2WCAhT4,DARA - Bangaranga (LIVE) | Bulgaria 🇧🇬 | Second Semi-Final | Eurovision 2026,"This song and performance served as proof that success is possible, regardless of the country. As you know, Balkan countries often fail to get the recognition they deserve at Eurovision.",@FiratKursun,2026-06-27T17:27:32Z,31
Ugz4fAbIwKoxd6fHwkx4AaABAg,Eurovision,4Mxq2WCAhT4,DARA - Bangaranga (LIVE) | Bulgaria 🇧🇬 | Second Semi-Final | Eurovision 2026,"This is the best song in eurovision 12 points from Serbia.
Absolute BANGARA",@SuperBrawler14,2026-05-14T19:36:28Z,983
Ugz4PELW3l9ubSRvA8J4AaABAg,Eurovision,4Mxq2WCAhT4,DARA - Bangaranga (LIVE) | Bulgaria 🇧🇬 | Second Semi-Final | Eurovision 2026,The Balkans are on fire this year and Bulgaria is coming back to the contest in a truly legendary way ❤️ 🇧🇬,@nazarii_tsiupryk,2026-05-14T19:35:26Z,1234
Ugw10s-63bMSb21SijF4AaABAg,Eurovision,4Mxq2WCAhT4,DARA - Bangaranga (LIVE) | Bulgaria 🇧🇬 | Second Semi-Final | Eurovision 2026,12 points from the Georgian jury go to Bulgaria🇬🇪🇧🇬🔥,@SingxTp,2026-05-15T08:01:24Z,308
UgzUyjbUdxwpe6e5ijN4AaABAg,Eurovision,4Mxq2WCAhT4,DARA - Bangaranga (LIVE) | Bulgaria 🇧🇬 | Second Semi-Final | Eurovision 2026,12 points from Poland go to BULGARIA BANGARANGA LOVE U 🇵🇱❤️🇧🇬,@Ignadix,2026-06-07T06:21:47Z,28
Ugy6VcNBRvRNEEEZSWp4AaABAg,Eurovision,4Mxq2WCAhT4,DARA - Bangaranga (LIVE) | Bulgaria 🇧🇬 | Second Semi-Final | Eurovision 2026,ppl cant even realise how difficult this is . amazing work blew my head off,@risus9371,2026-05-14T19:43:47Z,5859
Ugx6-AOurRvum9NLKe14AaABAg,Eurovision,4Mxq2WCAhT4,DARA - Bangaranga (LIVE) | Bulgaria 🇧🇬 | Second Semi-Final | Eurovision 2026,"she was professional mann the expressions, vocals, everything",@emmacr0305,2026-05-14T20:34:17Z,5250
UgwB_3T9xpBMgW1Ewmh4AaABAg,Eurovision,4Mxq2WCAhT4,DARA - Bangaranga (LIVE) | Bulgaria 🇧🇬 | Second Semi-Final | Eurovision 2026,"I'm shocked at how charismatic DARA is. That's a huge plus from me, and the choreography comes second. Well done, Bulgaria! This isn't the type of song I usually listen to, but as a complete package, you deserve the top spot. Greetings from Croatia.",@angelokazo9850,2026-05-15T07:32:59Z,426
UgzaQT9Q3ynW2S0hted4AaABAg,Eurovision,4Mxq2WCAhT4,DARA - Bangaranga (LIVE) | Bulgaria 🇧🇬 | Second Semi-Final | Eurovision 2026,"Bravo DARA! All of Bulgaria is proud of you! Thanks to you, EUROVISION in 2027 will be in Bulgaria! 🇧🇬🇧🇬🇧🇬",@Vasil_Atanasov,2026-05-25T22:09:10Z,55
Ugx9DqhHK2ZQxtdc9-94AaABAg,Eurovision,4Mxq2WCAhT4,DARA - Bangaranga (LIVE) | Bulgaria 🇧🇬 | Second Semi-Final | Eurovision 2026,Masterpiece! Welldone Bulgaria! What a comeback! 12 points from Croatia! 🇭🇷🤝🇧🇬,@ivankostelac2645,2026-05-14T19:51:33Z,276
Ugyj2jva9P1PKzp-63N4AaABAg,Eurovision,4Mxq2WCAhT4,DARA - Bangaranga (LIVE) | Bulgaria 🇧🇬 | Second Semi-Final | Eurovision 2026,She is amazing!!! I don’t think people realise how hard is to sing and dance at such tempo,@justjessie5986,2026-05-14T19:54:57Z,4145
UgyGtoX-THn4Tm84A5N4AaABAg,Eurovision,4Mxq2WCAhT4,DARA - Bangaranga (LIVE) | Bulgaria 🇧🇬 | Second Semi-Final | Eurovision 2026,"Sweden here 🇸🇪 — Bulgaria just WON idc 🔥😮‍🔥
This song is INSANE 💥 winner vibes all the way 🏆🇧🇬",@leovin.ahlin20891N,2026-05-14T19:49:52Z,623
UgzfeGYASun28LeMRiZ4AaABAg,Eurovision,4Mxq2WCAhT4,DARA - Bangaranga (LIVE) | Bulgaria 🇧🇬 | Second Semi-Final | Eurovision 2026,nice to see someone win that actually deserved it for once ….,@steve-zx3dy,2026-05-26T20:21:20Z,24
Ugwr4wSUsJbdlAtwDc94AaABAg,Eurovision,4Mxq2WCAhT4,DARA - Bangaranga (LIVE) | Bulgaria 🇧🇬 | Second Semi-Final | Eurovision 2026,Serbia 🇷🇸 is rooting for our sister Dara! 🔥❤️,@MrIyan1,2026-05-15T05:04:57Z,172
UgwUeyzcjTD-HP2fBQB4AaABAg,Eurovision,4Mxq2WCAhT4,DARA - Bangaranga (LIVE) | Bulgaria 🇧🇬 | Second Semi-Final | Eurovision 2026,"ABSOLUTELY BANGARANGA
my vote from Greece to our brothers in Bulgaria 🇧🇬 ❤🇬🇷",@konstantinossss,2026-05-14T21:39:00Z,669
UgxmK8iGohfQEnWxXnd4AaABAg,Eurovision,4Mxq2WCAhT4,DARA - Bangaranga (LIVE) | Bulgaria 🇧🇬 | Second Semi-Final | Eurovision 2026,12 points to Bulgaria from Greece¬!!!,@zotostv1,2026-05-14T21:55:28Z,141
Ugy2s7JFjlvkWDmVjaB4AaABAg,Eurovision,4Mxq2WCAhT4,DARA - Bangaranga (LIVE) | Bulgaria 🇧🇬 | Second Semi-Final | Eurovision 2026,She won this with her energy 👌,@madturx,2026-06-06T19:02:33Z,25
Ugw4HATqeA5dMoWHivt4AaABAg,Eurovision,4Mxq2WCAhT4,DARA - Bangaranga (LIVE) | Bulgaria 🇧🇬 | Second Semi-Final | Eurovision 2026,"This performance could easily be on an MTV award show. Impressive, and her acting was great too! 👏👏",@pablolealleal6658,2026-05-14T19:41:05Z,1036
UgwGrM548t8qWoy_IUJ4AaABAg,Eurovision,G0y1sZ4CxaE,Akylas - Ferto (LIVE) | Greece 🇬🇷 | First Semi-Final | Eurovision 2026,"Akylas spends three full minutes constantly dancing, climbing, and running around and he never misses a single note on the mouth microphone.
Honestly, it’s incredibly demanding.
This year, Greece is truly competing for the win.
The performance carries a message about overconsumption, wealth, and poverty but also that with love and hard work, you can make it through and succeed.",@georgeksp,2026-05-13T01:25:33Z,1457
Ugx7sGrRh_3bV4c-4UB4AaABAg,Eurovision,G0y1sZ4CxaE,Akylas - Ferto (LIVE) | Greece 🇬🇷 | First Semi-Final | Eurovision 2026,"As a person from the Uk, this was 100% guaranteed in the final, you Greeks really deserved it ❤",@freddiepumford89,2026-05-12T21:28:05Z,1039
UgwFzixb7F59kx8iZf54AaABAg,Eurovision,G0y1sZ4CxaE,Akylas - Ferto (LIVE) | Greece 🇬🇷 | First Semi-Final | Eurovision 2026,"He sings ""I want GLORY, ETERNITY, and MONEY"", and the three rooms represent that: a fan wearing merch with his pictures on her wall, an ancient Greek statue, and pure gold. Great staging!!",@Ak97410,2026-05-13T16:09:25Z,699
UgzLaQk2zkaF4eTxGtN4AaABAg,Eurovision,G0y1sZ4CxaE,Akylas - Ferto (LIVE) | Greece 🇬🇷 | First Semi-Final | Eurovision 2026,He just invented Gree-K-pop,@theemixp,2026-05-19T06:03:56Z,311
Ugyxzx7lJHLTn6-_Hmp4AaABAg,Eurovision,G0y1sZ4CxaE,Akylas - Ferto (LIVE) | Greece 🇬🇷 | First Semi-Final | Eurovision 2026,Last 3 entries from Greece are amazing! Love that they finally sing in their beautiful language and I hope they never stop! This is a renaissance era for Greece ❤❤,@iAvrilFan1,2026-05-13T06:23:12Z,1663
UgzkSVNaM2Ry-Igixtl4AaABAg,Eurovision,G0y1sZ4CxaE,Akylas - Ferto (LIVE) | Greece 🇬🇷 | First Semi-Final | Eurovision 2026,"GO GO GO🇬🇷🔥
12 points from Indonesia🇮🇩❤️",@Mahfuz_Qodri24,2026-05-12T20:18:00Z,786
UgyVNbxCy-WMZ0baVmR4AaABAg,Eurovision,G0y1sZ4CxaE,Akylas - Ferto (LIVE) | Greece 🇬🇷 | First Semi-Final | Eurovision 2026,12 points from Romania 🇷🇴 ❤️🇬🇷,@Captain_Alberta100,2026-05-12T22:39:39Z,482
UgyeOC21QWde_6ebOuR4AaABAg,Eurovision,G0y1sZ4CxaE,Akylas - Ferto (LIVE) | Greece 🇬🇷 | First Semi-Final | Eurovision 2026,"What can I say.. Isn't everything perfect?
 As a Turk who has always been in love with Greek music, I really want Greece to get what it deserves this year❤",@toprak9518,2026-05-16T07:43:25Z,160
UgxD_GYwNEIv_F9Rfht4AaABAg,Eurovision,G0y1sZ4CxaE,Akylas - Ferto (LIVE) | Greece 🇬🇷 | First Semi-Final | Eurovision 2026,12 POINTS FROM CROATIA !🇭🇷😘,@noaaaaa77777,2026-05-12T22:06:19Z,363
UgzgvSZPlXSFo06SFZp4AaABAg,Eurovision,G0y1sZ4CxaE,Akylas - Ferto (LIVE) | Greece 🇬🇷 | First Semi-Final | Eurovision 2026,The part with his mum changes the whole meaning of the song. Suddenly it’s not about greed or showing off but it’s about a child wanting to give back to the woman who sacrificed everything for him. That part was genuinely heartbreaking and very emotional  ❤️,@Cute_pixel45,2026-05-12T20:19:02Z,11475
UgwaTH9YKbqMbZnICVR4AaABAg,Eurovision,G0y1sZ4CxaE,Akylas - Ferto (LIVE) | Greece 🇬🇷 | First Semi-Final | Eurovision 2026,"Rooting for Greece! From Switzerland!
 🇨🇭🤝🇬🇷",@683TheOne,2026-05-12T20:45:18Z,1798
UgzCiNH92kTGTUZFdlN4AaABAg,Eurovision,G0y1sZ4CxaE,Akylas - Ferto (LIVE) | Greece 🇬🇷 | First Semi-Final | Eurovision 2026,"I’m with Akylas all the way to the end! It’s about watching a kid who, just a few months ago, was busking for passersby outside the streets of Athens, now rightfully earning his place on the biggest musical stage in the world, simply because he relentlessly chased his dream.
This is a wake-up call for us to finally decide what kind of society we want to be. Do we want happy kids fighting for their own dreams—even if those dreams don't fit our personal taste—or kids drowning in despair, driven to the absolute edge?
For me, a true role model has nothing to do with personal preferences. It doesn't matter if you’re different as a person. What actually counts, what we should really look up to and admire, is the kindness someone radiates, their honest hustle to make it, and the strength to never give up on their dreams. That is what a real role model looks like.
Best of luck, Akylas! From the streets to the very top, your kindness and your struggle are already a massive victory.",@MissPenny66,2026-05-16T12:24:35Z,17
Ugyw6gcmdqTC3z381pB4AaABAg,Eurovision,G0y1sZ4CxaE,Akylas - Ferto (LIVE) | Greece 🇬🇷 | First Semi-Final | Eurovision 2026,"All my votes for you Akylas! What a smart and meaningful song, and excellent staging! Well done Greek delegation! Greece 2027 🇬🇷🇬🇷🇬🇷",@kalinochesx,2026-05-12T21:34:43Z,301
UgwU1H0w5jk9jpMT9mF4AaABAg,Eurovision,G0y1sZ4CxaE,Akylas - Ferto (LIVE) | Greece 🇬🇷 | First Semi-Final | Eurovision 2026,I think we already know the televoting winner 🇬🇷🏆,@nazarii_tsiupryk,2026-05-12T20:02:43Z,903
UgwxV6ym5WSeH0QIvN94AaABAg,Eurovision,G0y1sZ4CxaE,Akylas - Ferto (LIVE) | Greece 🇬🇷 | First Semi-Final | Eurovision 2026,12 points from Germany ❤bravo Greece 🇬🇷 ❤❤❤❤❤❤❤❤🎉🎉🎉🎉🎉🎉🎉🎉🎉🎉🎉🎉🎉,@lightalwayswinde,2026-05-12T20:10:35Z,616
Ugy044QUE7-NkuWskQt4AaABAg,Eurovision,G0y1sZ4CxaE,Akylas - Ferto (LIVE) | Greece 🇬🇷 | First Semi-Final | Eurovision 2026,He needs to win so I can plan a longer stay in Greece next year 😂❤,@christinacrusty,2026-05-16T15:22:57Z,24
Ugyh4Z-qi6ric_neXCh4AaABAg,Eurovision,G0y1sZ4CxaE,Akylas - Ferto (LIVE) | Greece 🇬🇷 | First Semi-Final | Eurovision 2026,"I had the honor to be there live and see the performance from an angle where I saw what the stage crew had to do to make the performance look as flawless as it does here. Several people running like maniacs to change the props, and of course Akylas running like crazy as well 😂😁. It's really imprinted in my brain as the most insane performance of the evening",@AnimeMangazation,2026-05-13T12:54:45Z,305
Ugy006Q9YDrQTiWfgap4AaABAg,Eurovision,G0y1sZ4CxaE,Akylas - Ferto (LIVE) | Greece 🇬🇷 | First Semi-Final | Eurovision 2026,And finally I see why people are loving this! It took me several months. But this live performance opened my eyes - and ears! Regards from Norway,@tigerww,2026-05-12T21:39:15Z,1215
UgzJ5-bDJ4tqJBp3TlF4AaABAg,Eurovision,G0y1sZ4CxaE,Akylas - Ferto (LIVE) | Greece 🇬🇷 | First Semi-Final | Eurovision 2026,Bravo Greece from 🇭🇷💕,@Paula-f2p3q,2026-05-12T20:40:57Z,440
UgzrcZEGHl9zORN39xB4AaABAg,Eurovision,G0y1sZ4CxaE,Akylas - Ferto (LIVE) | Greece 🇬🇷 | First Semi-Final | Eurovision 2026,Is this even real???!!! That was siiiick. SPEECHLESS 😮❤️😍 FERTO AKYLA the winner regardless of the result 👑🐯,@AMAM-b2v3r,2026-05-16T08:09:29Z,168
Ugx4y66Wi7wJ7yeGMgJ4AaABAg,Eurovision,G0y1sZ4CxaE,Akylas - Ferto (LIVE) | Greece 🇬🇷 | First Semi-Final | Eurovision 2026,"Craziest part of this performance is that he managed to sing AND dance perfectly (and mostly) on his own without showing any signs of exhaustion even after he finished his song. That on its own needs true dedication and passion for music. 
Well done Akylas we expect much more from you in the future 🙌🙌",@Johnakritopoulos,2026-05-13T00:34:56Z,318
Ugwy2ptKKwdMpW6Rfeh4AaABAg,Eurovision,G0y1sZ4CxaE,Akylas - Ferto (LIVE) | Greece 🇬🇷 | First Semi-Final | Eurovision 2026,"Ferto is a truly one of a kind song. Tells us the story of a young man who wants all and everything: fame, eternity, money. Nothing is enough for him. He wants more and more.

And there comes the twist. All this greed comes from a childhood in poverty, where his mom couldn't provide everything she would want to provide.

For a brief moment the emotions flood him, he speaks to his mom and how material goods will heal them.

And then the greed returns.....

What an amazing song.

Rightfully deserves No1 place",@alkis4335,2026-05-13T14:40:04Z,327
UgyFNR63jiX8QnTlm2l4AaABAg,Eurovision,G0y1sZ4CxaE,Akylas - Ferto (LIVE) | Greece 🇬🇷 | First Semi-Final | Eurovision 2026,"-How many times have you seen the performance?
-Yes.",@LeoDeStino,2026-05-12T20:56:03Z,5289
UgwK6rs_s6-4VQsUFRF4AaABAg,Eurovision,G0y1sZ4CxaE,Akylas - Ferto (LIVE) | Greece 🇬🇷 | First Semi-Final | Eurovision 2026,12 points from Australia Go Akylas,@georgefourkalas5196,2026-05-16T08:05:21Z,21
UgwKQZJxgnPeWQVhW_J4AaABAg,Eurovision,G0y1sZ4CxaE,Akylas - Ferto (LIVE) | Greece 🇬🇷 | First Semi-Final | Eurovision 2026,Athens 2027 is calling! 📞 Greece didn’t just send a song; they sent a whole cultural moment. Akylas is taking this all the way! 🇬🇷🦁,@johnk7756,2026-05-12T20:17:05Z,371
UgxGENxOsCd9ng-pYIV4AaABAg,Eurovision,j_tDJ77ntPE,Akylas - Ferto | Greece 🇬🇷 | National Final Performance | #Eurovision2026,"As Kaarija said ""It's crazy, it's party""",@GondaKate4D,2026-02-25T11:35:25Z,1508
UgxoKEdX2BfmZ9R4imJ4AaABAg,Eurovision,j_tDJ77ntPE,Akylas - Ferto | Greece 🇬🇷 | National Final Performance | #Eurovision2026,The most important thing is that he wrote this song thinking about his life that was hard financially and he dedicated it to his mom. He is a very talented young man who is there only due to his talent and his hard work. Akylas will bring it home! FERTO!,@SummerDreams123,2026-02-16T14:24:52Z,427
Ugz4bDN0Oj9I81Rdpt54AaABAg,Eurovision,j_tDJ77ntPE,Akylas - Ferto | Greece 🇬🇷 | National Final Performance | #Eurovision2026,I want everyone to scream ferto mou ferto mou in the vienna era in may,@eternalstefi,2026-02-16T13:02:12Z,2552
UgxMZuwM1nz-KkJTMDB4AaABAg,Eurovision,j_tDJ77ntPE,Akylas - Ferto | Greece 🇬🇷 | National Final Performance | #Eurovision2026,Käärijä has already found his new friend for his eurovisionfamily 😂,@tanja8604,2026-03-03T10:22:06Z,2638
UgxbGoH_mI0Ei1MvDbN4AaABAg,Eurovision,j_tDJ77ntPE,Akylas - Ferto | Greece 🇬🇷 | National Final Performance | #Eurovision2026,His voice being as good as the original video is crazy,@hrhr7762,2026-02-16T18:53:00Z,3289
Ugym7YefovFrPSSFb1N4AaABAg,Eurovision,j_tDJ77ntPE,Akylas - Ferto | Greece 🇬🇷 | National Final Performance | #Eurovision2026,i just love it when a buff greek man wearing a hat with cat ears sings about greed and corruption,@Im5hadow,2026-02-16T14:34:32Z,121
Ugyz2baYmaZmMKrNeaF4AaABAg,Eurovision,j_tDJ77ntPE,Akylas - Ferto | Greece 🇬🇷 | National Final Performance | #Eurovision2026,Im in Shock!I didn't expect Greece to send a song like this to Eurovision! Well done Greece!🎉,@AAa-f3m7b,2026-02-18T06:24:35Z,498
UgxOFNcuhXXq89HBmeB4AaABAg,Eurovision,j_tDJ77ntPE,Akylas - Ferto | Greece 🇬🇷 | National Final Performance | #Eurovision2026,i dont understand a word but this has so much energy,@JUSOU70,2026-03-03T15:02:52Z,437
Ugxl8bjRRKxS_BPBWnt4AaABAg,Eurovision,j_tDJ77ntPE,Akylas - Ferto | Greece 🇬🇷 | National Final Performance | #Eurovision2026,"At first I thought this song didn't have much of a meaning, but after reading the translation, I liked it. The sarcasm and mockery of gluttony and greed make this song very relevant today. I wish you luck and a worthy place, from Azerbaijan❤",@SevilMamedovaV,2026-02-18T23:34:16Z,708
Ugx5hENjxAYAntiIsaJ4AaABAg,Eurovision,j_tDJ77ntPE,Akylas - Ferto | Greece 🇬🇷 | National Final Performance | #Eurovision2026,This is gonna be crazy in the arena,@porkaboolovesyou,2026-02-16T13:09:03Z,3795
Ugwd-drMb6XRPVzi07l4AaABAg,Eurovision,j_tDJ77ntPE,Akylas - Ferto | Greece 🇬🇷 | National Final Performance | #Eurovision2026,"Hear me out, this is giving an uncanny Käärijä vibes to me (as a finn), and I absolutely love it!

With all the love, it’s game on..
🇫🇮🇬🇷",@Burveli,2026-03-02T19:27:24Z,219
UgxFZQ2w6X8yspDO1KJ4AaABAg,Eurovision,j_tDJ77ntPE,Akylas - Ferto | Greece 🇬🇷 | National Final Performance | #Eurovision2026,"I am waitting for the ""Greece, the public gave you 650 points"" 👏 😀",@gregesc,2026-02-16T19:00:59Z,971
Ugx3BxLPv8rpBONLmFx4AaABAg,Eurovision,j_tDJ77ntPE,Akylas - Ferto | Greece 🇬🇷 | National Final Performance | #Eurovision2026,The second golden age of Greece in Eurovision might have just started,@jerryberry5480,2026-02-16T13:05:56Z,1620
Ugyh4BEJOGIpShXzG3J4AaABAg,Eurovision,j_tDJ77ntPE,Akylas - Ferto | Greece 🇬🇷 | National Final Performance | #Eurovision2026,"He can even sing a ballad, very rare for the singers of such entries, he can literally sing!",@jj27659,2026-02-17T03:02:32Z,677
UgytBRgcMPi43BXsJ394AaABAg,Eurovision,j_tDJ77ntPE,Akylas - Ferto | Greece 🇬🇷 | National Final Performance | #Eurovision2026,"when I say this is the spirit of Eurovision, its this! Like Käärijä said : “it’s crazy, it’s party” !! Good luck!",@theycallmedudaa,2026-03-04T17:19:45Z,43
UgwZB3skI_ub5SNnstZ4AaABAg,Eurovision,j_tDJ77ntPE,Akylas - Ferto | Greece 🇬🇷 | National Final Performance | #Eurovision2026,"The fact that he is talking to his mother is so heartwarmin
EDIT:OMG tysm for all the likes",@etrable,2026-02-20T21:29:00Z,356
UgxYnOIX517wi0qrGJR4AaABAg,Eurovision,j_tDJ77ntPE,Akylas - Ferto | Greece 🇬🇷 | National Final Performance | #Eurovision2026,"This is actually a sad song deep down, despite being upbeat. The ballad bit puts the rest of it into context. He's not saying ""bring me"" things out of greed but out of need, because there were times where he didn't have anything.",@gmkar7766,2026-02-23T14:36:37Z,513
UgxYeiB1n-kdW6kReUR4AaABAg,Eurovision,j_tDJ77ntPE,Akylas - Ferto | Greece 🇬🇷 | National Final Performance | #Eurovision2026,my new obsession for the next three months has been found recently,@zhooma7831,2026-02-16T13:34:49Z,597
UgzKPgxo6F3SjdQQRS54AaABAg,Eurovision,j_tDJ77ntPE,Akylas - Ferto | Greece 🇬🇷 | National Final Performance | #Eurovision2026,12 points from italy 🇮🇹 ❤ 🇬🇷,@danielamirgoace1153,2026-03-02T10:34:47Z,126
UgycrdRlfZEx98XWqNV4AaABAg,Eurovision,j_tDJ77ntPE,Akylas - Ferto | Greece 🇬🇷 | National Final Performance | #Eurovision2026,This took away my depression,@_All_about_Eve,2026-02-17T23:51:11Z,900
UgyG2hbgo5i-Sq46cVl4AaABAg,Eurovision,j_tDJ77ntPE,Akylas - Ferto | Greece 🇬🇷 | National Final Performance | #Eurovision2026,Eurovision is finally returning to the Balkans🏆,@Horyzon___0,2026-02-16T13:12:13Z,359
UgxhTY3Fvds1Wfc1MJN4AaABAg,Eurovision,j_tDJ77ntPE,Akylas - Ferto | Greece 🇬🇷 | National Final Performance | #Eurovision2026,"12 points go to Greece 🇬🇷 🥳🥳🥳 
🥇🥇🥇 
Hello from Slovenia 🇸🇮",@gasperletig9284,2026-02-16T13:23:17Z,421
UgzGJEk6DW_ezxnh9nN4AaABAg,Eurovision,j_tDJ77ntPE,Akylas - Ferto | Greece 🇬🇷 | National Final Performance | #Eurovision2026,"united by music ❌
united by FERTO ✅",@daisywilliams03,2026-02-17T20:55:24Z,1581
Ugx9UTLfUbzJmaBAckd4AaABAg,Eurovision,j_tDJ77ntPE,Akylas - Ferto | Greece 🇬🇷 | National Final Performance | #Eurovision2026,"- how many times does have you listened the song?  
- ferto",@DESTINYbulgaria,2026-02-16T19:01:04Z,882
UgzfhHjYWoelXS6XCnl4AaABAg,Eurovision,j_tDJ77ntPE,Akylas - Ferto | Greece 🇬🇷 | National Final Performance | #Eurovision2026,My personal winner from Germany! 12 Points! Good luck Greece 💙,@Black_Dream_Catcher,2026-02-16T13:15:56Z,410
Ugyp-5tQmQBVgSH4qv94AaABAg,Eurovision,55ponOo4fTE,Eurovision Greece Top 10 Juries #eurovision2025 #eurovision #esc #esc2025 #unitedbymusic #greece,🇬🇷 Will Klavdia get a high jury result for Greece ?,@eurotube_,2025-04-19T11:07:12Z,514
UgzPDZQdKtSKUZ8WNKR4AaABAg,Eurovision,55ponOo4fTE,Eurovision Greece Top 10 Juries #eurovision2025 #eurovision #esc #esc2025 #unitedbymusic #greece,"How many 14th do you want? 

Greece: yes",@TotalDramaDramaDrama,2025-04-19T12:53:31Z,887
UgwxYu9ze135ZB01jg14AaABAg,Eurovision,55ponOo4fTE,Eurovision Greece Top 10 Juries #eurovision2025 #eurovision #esc #esc2025 #unitedbymusic #greece,I feel like Greece likes being 14th with the juries,@RikaMagic-px6bk,2025-04-19T11:05:34Z,257
UgyP28uOt3N8i1r71Ht4AaABAg,Eurovision,55ponOo4fTE,Eurovision Greece Top 10 Juries #eurovision2025 #eurovision #esc #esc2025 #unitedbymusic #greece,Eurovision 2005 : Greece 1th,@Kwnaki-Greece,2025-05-16T18:05:11Z,469
UgzIEZb4gHi8bSBZrMN4AaABAg,Eurovision,55ponOo4fTE,Eurovision Greece Top 10 Juries #eurovision2025 #eurovision #esc #esc2025 #unitedbymusic #greece,I can say that Greece is very underrated with the juries like 2011 and 13 wtf,@nikossof7122,2025-04-19T23:07:24Z,170
UgxFKQ20GRzh5KtIv_J4AaABAg,Eurovision,55ponOo4fTE,Eurovision Greece Top 10 Juries #eurovision2025 #eurovision #esc #esc2025 #unitedbymusic #greece,I love greece in eurovision 🇳🇿❤️🇬🇷,@Harriff1,2025-04-19T11:56:57Z,66
Ugx7GeHJX29nwubbys14AaABAg,Eurovision,55ponOo4fTE,Eurovision Greece Top 10 Juries #eurovision2025 #eurovision #esc #esc2025 #unitedbymusic #greece,my favourite 2010 cause i still listen to it,@DriftlyClipz,2025-05-13T06:10:19Z,1
Ugz__1AFE35rGWWMLON4AaABAg,Eurovision,55ponOo4fTE,Eurovision Greece Top 10 Juries #eurovision2025 #eurovision #esc #esc2025 #unitedbymusic #greece,How count jury places early 2016???,@sergunchi5,2025-08-05T05:15:04Z,0
Ugw5nF8nz5eoFcu3Bht4AaABAg,Eurovision,55ponOo4fTE,Eurovision Greece Top 10 Juries #eurovision2025 #eurovision #esc #esc2025 #unitedbymusic #greece,2019 is a masterpiece ⭐,@daniel67688,2025-04-25T12:23:46Z,26
UgzNyoI-DB3Ropfloyt4AaABAg,Eurovision,55ponOo4fTE,Eurovision Greece Top 10 Juries #eurovision2025 #eurovision #esc #esc2025 #unitedbymusic #greece,I'm from Greece,@LAMBROS123,2025-04-28T11:35:37Z,11
UgwqPdZGerZ05uA6Tad4AaABAg,Eurovision,55ponOo4fTE,Eurovision Greece Top 10 Juries #eurovision2025 #eurovision #esc #esc2025 #unitedbymusic #greece,I am from Greece🎉❤,@shark231273,2025-05-20T17:41:11Z,2
Ugyo9PKXmyL-9P3Wfgp4AaABAg,Eurovision,55ponOo4fTE,Eurovision Greece Top 10 Juries #eurovision2025 #eurovision #esc #esc2025 #unitedbymusic #greece,I love the 2024 song so much I'm from Greece,@ΠολυβιοςΚαρελας,2026-05-19T11:00:25Z,2
UgwNOjvGsz5B8oPZJSF4AaABAg,Eurovision,55ponOo4fTE,Eurovision Greece Top 10 Juries #eurovision2025 #eurovision #esc #esc2025 #unitedbymusic #greece,"Number one, shake it, yasou maria? secret combination? die for you etc?",@wolfiegr,2026-02-19T18:17:46Z,0
UgxQqbaGBEQqJebnUnR4AaABAg,Eurovision,55ponOo4fTE,Eurovision Greece Top 10 Juries #eurovision2025 #eurovision #esc #esc2025 #unitedbymusic #greece,"My number 1 1st
What about Klavdia?
And with Marina Sati 11th",@sweetyalexia4u,2025-05-27T13:14:06Z,0
UgxQ_coJvbeOfbq3H3d4AaABAg,Eurovision,55ponOo4fTE,Eurovision Greece Top 10 Juries #eurovision2025 #eurovision #esc #esc2025 #unitedbymusic #greece,The crazy thing is I am from Greece and I just see this while scrolling oh and the 4th one is in -10,@Diabolos-him,2025-06-09T16:04:02Z,0
UgzTS13-YNnp6lHZfQ94AaABAg,Eurovision,55ponOo4fTE,Eurovision Greece Top 10 Juries #eurovision2025 #eurovision #esc #esc2025 #unitedbymusic #greece,I'm from Greece 🇬🇷,@ΔΗΜΗΤΡΑΜΠΙΓΛΙΚΟΥΔΗ-γ7κ,2025-04-24T19:29:38Z,1
UgwollDR4jSjhHAkyoJ4AaABAg,Eurovision,55ponOo4fTE,Eurovision Greece Top 10 Juries #eurovision2025 #eurovision #esc #esc2025 #unitedbymusic #greece,"Just read it for the 10th time.. still don't get what I am missing.. it says ""Eurovision Greece top 10 Juries""",@marioskontelatsidis5675,2025-06-03T10:03:40Z,0
UgyoYnei53B9CG-RVRt4AaABAg,Eurovision,55ponOo4fTE,Eurovision Greece Top 10 Juries #eurovision2025 #eurovision #esc #esc2025 #unitedbymusic #greece,"Helena paparoizou she was 1st on Eurovision ❤❤
and klavdia is 6th❤❤",@Μαράκι-π8θ,2025-05-24T10:37:00Z,4
Ugw8q7LNYODPmdgM42h4AaABAg,Eurovision,55ponOo4fTE,Eurovision Greece Top 10 Juries #eurovision2025 #eurovision #esc #esc2025 #unitedbymusic #greece,1 is 2005 Helena Paparizou with song my number one and she gets the 1st,@MiniStars_2025-q5v,2025-05-21T18:53:01Z,0
UgxbkA_uUc0wJItBjV54AaABAg,Eurovision,55ponOo4fTE,Eurovision Greece Top 10 Juries #eurovision2025 #eurovision #esc #esc2025 #unitedbymusic #greece,Can't wait for asteromata and ferto,@vasilakis.pireas8356,2026-02-22T21:08:59Z,1
UgwiZ699f8tZF7Rlflt4AaABAg,Eurovision,55ponOo4fTE,Eurovision Greece Top 10 Juries #eurovision2025 #eurovision #esc #esc2025 #unitedbymusic #greece,Sr where is number one?????,@Eua-t3i,2026-05-18T20:27:30Z,0
Ugyd5f61lrgE90wCR6J4AaABAg,Eurovision,55ponOo4fTE,Eurovision Greece Top 10 Juries #eurovision2025 #eurovision #esc #esc2025 #unitedbymusic #greece,For gods shake i am from Greece and i am so red rn.......😅,@KNY-Watcer,2025-05-21T18:07:52Z,0
Ugy1z7R2XM-gnBcT9-Z4AaABAg,Eurovision,55ponOo4fTE,Eurovision Greece Top 10 Juries #eurovision2025 #eurovision #esc #esc2025 #unitedbymusic #greece,At least this year perfect place,@Elena-o2u8d,2025-05-23T22:56:23Z,0
Ugz6Pdmx9CvuA2fjSyp4AaABAg,Eurovision,55ponOo4fTE,Eurovision Greece Top 10 Juries #eurovision2025 #eurovision #esc #esc2025 #unitedbymusic #greece,"Hi I'm from 2026 and we have Akylas who sings the ""ferto"" and we got 10th",@dinomatakidi7492,2026-05-17T18:10:10Z,1
UgzBdom3HOgWEZqKObh4AaABAg,Eurovision,55ponOo4fTE,Eurovision Greece Top 10 Juries #eurovision2025 #eurovision #esc #esc2025 #unitedbymusic #greece,Why did you put the 2005 they literally got number one,@AggelosPrenga,2026-02-18T17:58:54Z,0
