id,text,ai_opinion,Panagiotis,cleaned_text
Ugz_ZRkr0xrwMSNyGj94AaABAg,THE MOST UNPREDICTABLE WINNER EVER,positive,positive,unpredictable winner ever
Ugz4MVMA9uw54hnIkQB4AaABAg,"It feels good to see a country win for the 1st time
Congratulations Bulgaria 🇧🇬",positive,positive,feels good see country win 1st time congratulations bulgaria
UgybRTHk7fT6-F96mGN4AaABAg,"It doesn’t feel like live performance, It looks like a music video… absolutely incredible.",positive,negative,doesnt feel like live performance looks like music video absolutely incredible
UgxaIfokmeYfvW7nY254AaABAg,People forget this is actually a LIVE performance! The staging is absolutely insane!!,negative,positive,people forget actually live performance staging absolutely insane
UgwtROvmsWceG9gbbnp4AaABAg,The fact she won both Jury and tele vote. Slay queen!,positive,neutral,fact jury tele vote slay queen
UgysBGAsnu9eVaFM-eZ4AaABAg,"Finally a good use of dancers, they actually feel like performers here instead of just dancers jamming in the background.",positive,neutral,finally good use dancers actually feel like performers instead dancers jamming background
Ugyr1jS687Y-IJH3el14AaABAg,"After watching it for the 100th time I can say that I know why they won. They really presented something original and well done: very theatrical, the choreography, the gestures, the faces, the masks, the chairs, the lights, the lyrics, the message, the subtleties. Really fascinating! Congratulations!",positive,positive,watching 100th time say know really presented something original well done theatrical choreography gestures faces masks chairs lights lyrics message subtleties really fascinating congratulations
UgxxqYJpEPXR4JYoejp4AaABAg,"This performance says ""I've already won, you just don't know it yet""",positive,positive,performance says ive already dont know yet
UgxPjEvCc-Kl0htVt4J4AaABAg,"The biggest dark horse in Eurovision history. Welcome Sofia 2027, and well done Bulgaria!! 🇧🇬",positive,positive,biggest dark horse eurovision history welcome sofia 2027 well done bulgaria
UgyjSRkMxfQqmqBCIP14AaABAg,"Credit to the dancers as well, they were amazing",positive,positive,credit dancers well amazing
Ugxe0IWVebkIS5L7RcR4AaABAg,"1st listen: meh
10th listen: its okay
20th listen: BANGARANGARAN!",positive,neutral,1st listen meh 10th listen okay 20th listen bangarangaran
Ugz3eRtwINaTQwHELZ14AaABAg,"Admit it, you'd never have thought that this song would win",positive,,admit youd never thought song would win
UgwLWovttaq9Gx9EqKB4AaABAg,The fact that Bulgaria left Eurovision for three years and came back victorious makes it 10 times crazier!!!,negative,,fact bulgaria left eurovision three years came back victorious makes 10 times crazier
Ugy5P0bcr7FcvFRyOO54AaABAg,"I’m not the biggest fan of the song but you have to admit the staging, choreography, and her vocals being good despite her dancing was incredible. She is a natural performer. Congrats Bulgaria!",positive,,im biggest fan song admit staging choreography vocals good despite dancing incredible natural performer congrats bulgaria
UgwoeJ8dNS06b09v7ox4AaABAg,"One of the bosses at the company I work for is Bulgarian and a huge Eurovision fan. She gave us a days holiday when they won. Thank you, Dara ❤️",positive,,one bosses company work bulgarian huge eurovision fan gave us days holiday thank dara
UgzQGCwDHaPnoxfwiM14AaABAg,This doesn’t feel like a live performance… it feels like a cinematic experience. Bulgaria absolutely nailed it.,positive,,doesnt feel like live performance feels like cinematic experience bulgaria absolutely nailed
UgxbvxQDZO6QnC9c58V4AaABAg,"FINALLY! BALKANS WIN! Finally win a country without money and budget!!! Clear winner, congratulations to Bulgaria!",positive,,finally balkans win finally win country without money budget clear winner congratulations bulgaria
UgwuuzyI56FwZB1EHiR4AaABAg,Ive never cheered this much for Bulgaria to win anything.,positive,,ive never cheered much bulgaria win anything
UgyZ7xDeYv7iGqB82wR4AaABAg,"Hi dear people! 2 months after our diva DARA won Eurovision 🏆!!!! This was a crazy moment for my country Bulgaria 🇧🇬 and for me of course, because i'm a very big fan of Eurovision since 10 years!!! For the first time Bulgaria won something big competition in the World 🌎!!! I use this comment to say thank you to everyone for congrats my country and our queen winning Eurovision!!!  I love you all here!!!!❤❤❤ I invite everyone to come in Bulgaria 🇧🇬 for next year!!! I hope we Bulgarians to make best Eurovision ever!!!! Welcome all to Bulgaria 🇧🇬!!! Best wishes from me,Andi!!!❤❤❤",positive,,hi dear people 2 months diva dara eurovision crazy moment country bulgaria course im big fan eurovision since 10 years first time bulgaria something big competition world use comment say thank everyone congrats country queen winning eurovision love invite everyone come bulgaria next year hope bulgarians make best eurovision ever welcome bulgaria best wishes meandi
UgwjreByLjWvzaQ87uN4AaABAg,"That performance was incredible. It felt like watching a complete, professionally produced video song live.",positive,,performance incredible felt like watching complete professionally produced video song live
Ugx4YnLjl4El8WB-TtJ4AaABAg,"When you think of it, she might be the one that relied the least on this huge stage. She shrank it down to a ""room"", like a random waiting room in a office building, worked in it, and just at the very end, she used a bit of the entire stage. She actually played with the camera and engaged directly with the audience, pulling us in that ""room"" and her song. Really, it gave a mid 00's MTV video feel, in the best way possible. Bravo Dara, congrats!",positive,,think might one relied least huge stage shrank room like random waiting room office building worked end used bit entire stage actually played camera engaged directly audience pulling us room song really gave mid 00s mtv video feel best way possible bravo dara congrats
UgwfMqIVd6z622IUQqF4AaABAg,The fact that they were able to create a music video feel during a live performance is mind blowing.,positive,,fact able create music video feel live performance mind blowing
Ugwcj6yJS1AznKrwuUx4AaABAg,This is a masterclass in how to win the Eurovision,positive,,masterclass win eurovision
UgxpOI8WRwLnoGd148d4AaABAg,"Loved how everyone underestimated her... 

That she is the right choice to represented Bulgaria.
That she might not qualify.
That she might not get into Top 10
That there is no chance to win.

And then she casually came, brought the arena roof down, took all that jury  and televote points, totally turned over the table (and chairs😅), took the trophy and fly back to Bulgaria, leaving everyone in complete shock!

Isn't that quite the journey and story of this year ESC

I am so happy with this win!
That's how Eurovision should be..unpredictable, enjoyable, charging with positive energy!",positive,,loved everyone underestimated right choice represented bulgaria might qualify might get top 10 chance win casually came brought arena roof took jury televote points totally turned table chairs took trophy fly back bulgaria leaving everyone complete shock isnt quite journey story year esc happy win thats eurovision beunpredictable enjoyable charging positive energy
Ugx8_nSD6DmHCYQrEuB4AaABAg,The cinematography of this performance is just perfect. It balances the chaos of the song in just the right way. Well done.,positive,,cinematography performance perfect balances chaos song right way well done
UgyjkESqXd4khFODfgJ4AaABAg,"Win or lose, his mom is going to be so proud of him",positive,,win lose mom going proud
Ugy82HzjcRxCtwwK31Z4AaABAg,"Akylas, the juries did you dirty… You managed to reach the top 6 in the televote and 10th place overall. And you know what? That’s okay.
Because we loved your song, we loved your personality, we loved your positive aura. Be proud of yourself, because we are very proud of you.❤❤",positive,,akylas juries dirty managed reach top 6 televote 10th place overall know thats okay loved song loved personality loved positive aura proud proud
UgzGrcEi0c5w_qBk_xh4AaABAg,"From what I've noticed, I think he's the one who had the most fun out of all the contestants. He just exudes joy and relaxation.😂🎉",positive,,ive noticed think hes one fun contestants exudes joy relaxation
UgwNFELAbDs3_oIwj9J4AaABAg,Thank u so much for everything Europe ❤️ I love u,positive,,thank u much everything europe love u
UgzLKygAyDRlP5QpobJ4AaABAg,"Some win, others become legends",positive,,win others become legends
Ugwyu1y2JnZmTM71IC14AaABAg,"He is a good person, you can see that.
Watch the video when Dara won the way he was dancing in the background without any jealousy, genuinely happy for someone else’s success.
Great things are still ahead of him.
Greetings from Serbia.❤️🇷🇸🇬🇷",positive,,good person see watch video dara way dancing background without jealousy genuinely happy someone elses success great things still ahead greetings serbia
UgzzEQNIZeHIUQZCkwR4AaABAg,"Dear Greece, we both lost so we can stop fighting now🥲 Let’s be friends again 🇫🇮🤝🇬🇷",negative,,dear greece lost stop fighting lets friends
UgwgAH6f8cFsgpwf7-54AaABAg,"My family cannot stop laughing during all the performance, they say he could perfectly be part of us Spaniards. It’s time for Greece’s victory after 21 years. Wishing the best of luck and sending lots of love from Spain, dear Greece 🇬🇷❤️🇪🇸 OPA ELLADA!!!",positive,,family cannot stop laughing performance say could perfectly part us spaniards time greeces victory 21 years wishing best luck sending lots love spain dear greece opa ellada
Ugz6pAOhSOY7pUhT1PR4AaABAg,12 points from all Europeans voters!!! 🎉🎉🎉,positive,,12 points europeans voters
UgxIjDucWZu28FqNugp4AaABAg,"-How many times are you going to watch this?
- FERTO",neutral,,many times going watch ferto
UgybrbRbQT02sQ-Fjt14AaABAg,"This is a perfect Eurovision song. Catchy, sang in the artist’s native language, with a well-executed entertaining performance and a deep meaning hidden behind all the fun? 
I’m happy Akylas is top-10, but he deserved much more.",positive,,perfect eurovision song catchy sang artists native language wellexecuted entertaining performance deep meaning hidden behind fun im happy akylas top10 deserved much
UgxJ4UDYfmbdPbKXPOJ4AaABAg,"*Just a few months ago, Akylas was performing as a street musician, chasing a dream with nothing but talent, perseverance, and belief in himself.*

*Today, Europe has the opportunity to crown him as a winner and send a powerful message to every young person across the continent: that even in the difficult times we live in, hard work, dedication, and self-confidence can still turn dreams into reality.*

Let Europe gather next year under the Greek sky, beside the sea, with unforgettable music, incredible culture, amazing cuisine, and the warmest welcome imaginable.

*This is bigger than a song.*
*This is a story of hope.*
*Bring Eurovision to Greece, bring it back to the Balkans!!* 🇬🇷",positive,positive,months ago akylas performing street musician chasing dream nothing talent perseverance belief today europe opportunity crown winner send powerful message every young person across continent even difficult times live hard work dedication selfconfidence still turn dreams reality let europe gather next year greek sky beside sea unforgettable music incredible culture amazing cuisine warmest welcome imaginable bigger song story hope bring eurovision greece bring back balkans
Ugz28PTlQpsLZuODffR4AaABAg,12 points for Greece from Poland 🇵🇱 my favorite🤩🥰,positive,positive,12 points greece poland favorite
UgwT4yzqbmufiRMAzG94AaABAg,I was so happy that my country gave the brothers 12 points 🇷🇸🇬🇷,positive,positive,happy country gave brothers 12 points
UgwgPMI2cdfCALrASfJ4AaABAg,12 points from Germany.  My winner,positive,positive,12 points germany winner
UgzykBzfgo9J1VBMdbV4AaABAg,AKYLAS BECAME ONE MORE CELEBRITY IN THE EUROVISION HALL OF FAME,positive,negative,akylas became one celebrity eurovision hall fame
UgzTIBhIGbrlfbtSiUF4AaABAg,Serbian jury awarded 12 points 🇷🇸♥️🇬🇷,positive,positive,serbian jury awarded 12 points
UgxR4wKZAF59f9uHQAV4AaABAg,"12 points from Bosnia 🇧🇦🤍🇬🇷 As catchy, upbeat, and positive as the song is, it’s also emotionally heavy. Reading the translated lyrics gave me goosebumps. Go for the win! 🇬🇷🥹",positive,positive,12 points bosnia catchy upbeat positive song also emotionally heavy reading translated lyrics gave goosebumps go win
UgxG7X5X1LYfPvLsv_p4AaABAg,"My vote for Greece from Georgia. Akylas is unbelievably brilliant. Wishing you victory, Greeks!💙💙🫶",positive,positive,vote greece georgia akylas unbelievably brilliant wishing victory greeks
Ugww6cYaOIaK2JFkE0l4AaABAg,12 Points Like BUTTON! Winner 2026 Thats Real ESC Music!,positive,positive,12 points like button winner 2026 thats real esc music
Ugxj-1M-JH_ROPcKHz14AaABAg,"GREECE IS MY FAVORITE COUNTRY IN EUROVION, EVERYTHING THEY SEND IS AMAZING 🇬🇷❤️🇮🇹",positive,positive,greece favorite country eurovion everything send amazing
UgyBH2MRL38LW-n96IZ4AaABAg,Respect from Armenia to Greece,positive,positive,respect armenia greece
UgyoUunrUsAqk00A7t54AaABAg,12 points from USA 🇺🇸 <3,positive,positive,12 points usa 3
UgxIhT-6WGhdG1E7ZoR4AaABAg,12 points from United Kingdom my favourite,positive,positive,12 points united kingdom favourite
UgxFZVaVnv-0MIPAhWl4AaABAg,I am so prouf of our jury 🇷🇸♥️🇬🇷,positive,positive,prouf jury
UgyMANd16xS_zD7Rkwt4AaABAg,"The international collab we've never expected, this will go down as a historical moment 🇲🇦x🇩🇿x🇬🇧x🇫🇷x🇮🇹x🇪🇦x🇸🇳",neutral,,international collab weve never expected go historical moment xxxxxx
UgxcGqeiHkAki8MPtS94AaABAg,Anyone in June 2026 ?,neutral,,anyone june 2026
UgyMvQXxyAzL7xdrZ994AaABAg,"00:27 Rondo🇮🇹
00:54 Baby🇮🇹
1:20 Cee🏴󠁧󠁢󠁥󠁮󠁧󠁿
1:47 A2Anti🏴󠁧󠁢󠁥󠁮󠁧󠁿
2:12 Morad🇪🇸
2:39 Beny Jr🇪🇸
3:07 Ashe 22🇫🇷
3:33 Freeze🇫🇷",neutral,,0027 rondo 0054 baby 120 cee 147 a2anti 212 morad 239 beny jr 307 ashe 22 333 freeze
UgxhtxvCZbWvKYcq1RF4AaABAg,Anyone During this world cup 2026?😊😊,positive,,anyone world cup 2026
UgyFLjOgwzM2xvGRddB4AaABAg,"I HAVE NO WORDS TO EXPLAIM HOW GOOD THIS IS, WHAT A JOINT THAT ALL, I'LL NEVER GET TIRED OF LISTENING TO IT.😍🇲🇦🇩🇿🇬🇧🇫🇷🇮🇹🇪🇦🇸🇳",positive,positive,words explaim good joint ill never get tired listening
UgxONsL5HPFXBNRkHbh4AaABAg,"I am spanish but RONDO it's the best part, it's just amazing how he starts🔥🔥🔥",positive,positive,spanish rondo best part amazing starts
UgwkiB6olmpe99oQCJJ4AaABAg,"4 years later, yet we haven't been any closer to world peace than that.",positive,positive,4 years later yet havent closer world peace
UgyvsdhuARO-CywE4kN4AaABAg,Imagine if Eurovision was brave enough to give a platform to music that actually told the story of what life is like on the streets of Europe's most populated cities.,positive,,imagine eurovision brave enough give platform music actually told story life like streets europes populated cities
Ugy2eqeCJoEbPjINKdR4AaABAg,"Central Cee Has made History. This song is a certified European Masterclass.
667 Ekip",neutral,,central cee made history song certified european masterclass 667 ekip
UgwaQMinYbadpngUuDx4AaABAg,1 song 8 artists 8 languages 8 beats 100% fire,negative,,1 song 8 artists 8 languages 8 beats 100 fire
UgwEwr7LtxUljsICWT54AaABAg,As an American who had never heard of any of these guys before l’m incredibly impressed,positive,,american never heard guys lm incredibly impressed
UgzKK3K4emto5jd2Hv14AaABAg,Rondo Goes the Hardest 💯,neutral,,rondo goes hardest
UgxX-EpOH7JwvlBTcKp4AaABAg,*THE WORK RATE IS MAD!* 🥶💯,negative,,work rate mad
UgwvQmwjxjrdKSVdcDx4AaABAg,I don’t know what half of it says but it slaps anyway 🥶🥶🥶,neutral,,dont know half says slaps anyway
Ugy5e2XSmtgYNSINGDt4AaABAg,The collab is hard! 🙏 🔥,negative,,collab hard
UgwG5EX0OiJpG8uXn4J4AaABAg,Rondoo Drill King🐐💙🇮🇹,neutral,,rondoo drill king
UgykueX_1AD7fCT1tsV4AaABAg,"French brothers killed it with this one🇫🇷🔥
 love from Italy🇮🇹",negative,positive,french brothers killed one love italy
UgyZ6GIsdaOKqHjUaWp4AaABAg,Italy and spain on top🔥💯 rondo baby gang morad and benyjr lit it on fireee,negative,neutral,italy spain top rondo baby gang morad benyjr lit fireee
UgwQO4jfH-KCJqL7viB4AaABAg,Being an American artist / rapper and seeing different countries and culture in the music scene is always dope to see. Everyone got a story to tell and everyone got something new to learn,neutral,neutral,american artist rapper seeing different countries culture music scene always dope see everyone got story tell everyone got something new learn
Ugwd7_4g5VKbb7xGB4R4AaABAg,"I don’t think you understand how massive of a collab this is, it represents every corner of some of the best drill artists in Europe, these drill artists are representing their country in terms of best rappers in their country, Cench got together the best drill artists in Europe and put them together in 1 song, that takes some skill, especially because some of the gangs in this video don’t like each other but to bring them together in 1 music video is amazing",positive,neutral,dont think understand massive collab represents every corner best drill artists europe drill artists representing country terms best rappers country cench got together best drill artists europe put together 1 song takes skill especially gangs video dont like bring together 1 music video amazing
UgzsuoxfpOy1GKEX4Nd4AaABAg,Baby gang went crazy with his flow everyone did his part well done,negative,neutral,baby gang went crazy flow everyone part well done
UgwGrtQylFqQK6aLgKV4AaABAg,1:22 Just listen to the beat🔥,negative,neutral,122 listen beat
UgyRC8qskdRrqf5SK5l4AaABAg,Who ever made the transition from a firework to a smoking blunt need a rise!!! That was WAYYYY TOO CLEAN,positive,neutral,ever made transition firework smoking blunt need rise wayyyy clean
UgwlOySy_mHBrImAA_V4AaABAg,"PROUD TO BE MOROCCAN, BORN IN ITALY AND IM IN FRANCE 🇮🇹🇲🇦🇫🇷",positive,neutral,proud moroccan born italy im france
UgwnRPE-Fx6K0FnYidh4AaABAg,Directed By WILLIAM Thomas (me) 🇪🇺🇪🇺🌍 Thanks to the artists and Central Cee for this 🎥🎥🤯🤯 ! Une réalisation WILLIAM Thomas 🇬🇧🌍🇪🇺🇮🇹🇫🇷🇪🇸😬,positive,neutral,directed william thomas thanks artists central cee une réalisation william thomas
UgwJ3RkoibfSMf--jTt4AaABAg,gonna tell my kids this was Helen of Troy,neutral,neutral,gonna tell kids helen troy
UgxraO9OO0lU4w-b2od4AaABAg,Here again after Bulgaria won Eurovision 2026,positive,neutral,bulgaria eurovision 2026
UgwqQN35EkOt1Dxp1id4AaABAg,Stop asking who’s still here. We aren’t leaving.,negative,neutral,stop asking whos still arent leaving
UgyPBxt-kDvfiFmxY_l4AaABAg,Eurovision week so i cane here to pay my tribute,negative,neutral,eurovision week cane pay tribute
UgzD29K62M79i8I4qsx4AaABAg,"That self-confidence, she came to win, you can see that in her eyes :D",positive,neutral,selfconfidence came win see eyes
Ugwx3yliwjW0kVw06md4AaABAg,"After 16 years, I'm still listening. Helena is the most confident woman in the eurovision history. Her eyes say 'I'm here to win!"" What a charisma! Greetings from Turkey!",positive,neutral,16 years im still listening helena confident woman eurovision history eyes say im win charisma greetings turkey
UgxXiQByIyZmMW9bJ054AaABAg,"This song was a huge hit in the Balkans. 
Bulgaria, Serbia, Romania, Turkey... everyone was listening to this song",positive,neutral,song huge hit balkans bulgaria serbia romania turkey everyone listening song
UgzOEhUoJlTBD_38tzp4AaABAg,"2003 Sertap 🇹🇷
2004 Ruslana 🇺🇦
2005 Helena 🇬🇷
Three wonderful years, Three wonderful women.",positive,neutral,2003 sertap 2004 ruslana 2005 helena three wonderful years three wonderful women
UgjnIIVXef-b33gCoAEC,"Turkey gave 12 points to this song, and more than 5 years i heard this everywhere in Turkey. We love you Greece !",positive,positive,turkey gave 12 points song 5 years heard everywhere turkey love greece
Ugyzga6wfyLXTxS7U2d4AaABAg,I'm still listening this song during quarantine days in Istanbul.,neutral,positive,im still listening song quarantine days istanbul
UgxDuX5_JUhEUSQu0ep4AaABAg,"you can't imagine how a huge hit this song was in Türkiye, we even used it at some schools as schoolbells for years :))",positive,neutral,cant imagine huge hit song türkiye even used schools schoolbells years
UgyX2CZDeDBWpwNAnpd4AaABAg,"She's a Greek goddess
She totally nailed it. She owned the stage that night",neutral,positive,shes greek goddess totally nailed owned stage night
UgxDSdDaRSyrEsKkDRh4AaABAg,"Still hit, still listening!!!! Greetings from Turkey to our neighbour Greece 🇹🇷🇬🇷",positive,positive,still hit still listening greetings turkey neighbour greece
UgxXvjXujw0OQYHp4d54AaABAg,I remember how succesfull this song became in Venezuela . It was played in all clubs.,positive,positive,remember succesfull song became venezuela played clubs
UgxivB1BRrsPDCIf-od4AaABAg,One of my all time favorite Eurovision songs. 💙,positive,positive,one time favorite eurovision songs
UgydKbRNJ4i6w4_-q4x4AaABAg,"Dancing and singing , not missing one note, she is pure perfection",positive,positive,dancing singing missing one note pure perfection
Ugxz9ImoZitkD3AKTcZ4AaABAg,Funny fun fact: That guy that you can hear in 2:55 actually sneezed but he was so on beat that nobody realized 😂,positive,neutral,funny fun fact guy hear 255 actually sneezed beat nobody realized
UgwkvTaF5aCv32hBNBl4AaABAg,"One of the best Eurovision entries of all time, love from Türkiye.",positive,neutral,one best eurovision entries time love türkiye
Ugx1bBYLDeD4dnMjlWV4AaABAg,"2004: Greece wins Euro 2004 and hosts the Olympic games.
2005: Greece wins Eurovision song contest and wins EuroBasket.",positive,positive,2004 greece wins euro 2004 hosts olympic games 2005 greece wins eurovision song contest wins eurobasket
UgzMm4LggxO707g2v4J4AaABAg,"who’s ready for the Grand Final this Saturday, where she’ll perform this again after 16 years?! 💙😍",positive,positive,whos ready grand final saturday shell perform 16 years
UgwaElpf0jqReRDHQCx4AaABAg,"I was sitting on the couch watching, while my dad was snacking at the dinner table. This song started. At the 10-second mark, my dad and I looked at each other at the same time. I said ""Dad, this is number one. Definitely!""  Watching the other songs didn't change my mind. :) My neighbor deservedly won. Greetings from Türkiye.",positive,neutral,sitting couch watching dad snacking dinner table song started 10second mark dad looked time said dad number one definitely watching songs didnt change mind neighbor deservedly greetings türkiye
UgzmC9mQbYkzjzLnhb14AaABAg,"Comment Section :
%50 Turkish comments
%50 English comments from Turks",neutral,neutral,comment section 50 turkish comments 50 english comments turks
Ugzro4_xsbVrVHJJUiN4AaABAg,This song would have won every Eurovision every year,positive,,song would every eurovision every year
Ugy-kN--_eGju5AE--x4AaABAg,"One of the many things in existence which can unite both our countries, Greece and Turkey, in the 21st century: 
Our passion for our (much identical) traditions and music! 🇬🇷❤🇹🇷",positive,,one many things existence unite countries greece turkey 21st century passion much identical traditions music
UgyQlbs7jWw0XTMtO2V4AaABAg,I'm from Turkey and I think Turkey and Greece made Eurovision what it is today. <3,positive,,im turkey think turkey greece made eurovision today 3
UgxXHUO0TUzSBOWGZCV4AaABAg,"Someone saw the 'semi-final' comments and took them personally 😭 

Go Queen!!!!! 🔥🔥🔥",negative,,someone saw semifinal comments took personally go queen
Ugyquba6QFqxXN_3B5Z4AaABAg,You deserved such a better position than 19th Antigoni. This song will be the summer dance hit in Europe ! Well done !,positive,,deserved better position 19th antigoni song summer dance hit europe well done
Ugx0gXBKvWUfvgcbBLV4AaABAg,Not gonna lie… she ate tonight! 😂,positive,,gonna lie ate tonight
Ugzf-L9neWVMFCoDInB4AaABAg,She was saving her voice for Saturday was actually true.,positive,,saving voice saturday actually true
UgwjHMOq39Mr_9ifoId4AaABAg,"Her actually dancing on the table just like she was born to and the whole crowd screaming ""JALLA"" like they really want to listen to this for hours. That performance was so iconic. JALLA 🔛🔝",positive,,actually dancing table like born whole crowd screaming jalla like really want listen hours performance iconic jalla
UgzAGNBNd_HXsdjEXSl4AaABAg,The way she improved so much in just a couple of days JALLA JALLA JALLA 🇨🇾 💛,positive,,way improved much couple days jalla jalla jalla
UgzPEPyUz5IfbFn_ZgF4AaABAg,This song definitely deserved to be in the top 10.,positive,,song definitely deserved top 10
Ugz27g3SfLYkoZgQPhd4AaABAg,"This was definitely better than the semi final one, I'm taking my comment back. She came back on stage like a queen.",positive,,definitely better semi final one im taking comment back came back stage like queen
UgzhKHblOW3_hywCK2h4AaABAg,"""ΑΓΑΠΩΣΕ ΚΥΠΡΟ"" 3:17 🥹🫠means I LOVE YOU CYPRUS, for those wondering.... She made us proud even if the final place wasn't the respectful one! Thank you Antigoni! You gave all of yourself that night and we appreciate it! I'm very happy for you and us ❤",positive,,αγαπωσε κυπρο 317 means love cyprus wondering made us proud even final place wasnt respectful one thank antigoni gave night appreciate im happy us
UgxT49vMoGFJF9sZ4sh4AaABAg,"Her vocals are better this time, which is nice to see.... And even if she finished at 19th place, she slayed on the stage! 
A round of applause to Antigoni and Cyprus for a job well done. 😄👏",positive,,vocals better time nice see even finished 19th place slayed stage round applause antigoni cyprus job well done
Ugxi0vs1n0GoR-3-rJ94AaABAg,SHE HAD TO LOCK IN FOR THE FINAL,neutral,,lock final
Ugwqz-RkJzC0gx7KvFt4AaABAg,"I'm bulgarian and I'm pround with our winner, but I actually can't stop listening to this.. I love this song <3",positive,,im bulgarian im pround winner actually cant stop listening love song 3
UgzTJrTrn9oF4Q7Bprl4AaABAg,SHE CAME BACK STRONGERRR  🇨🇾🇨🇾🇨🇾🇨🇾🇨🇾🇨🇾,neutral,,came back strongerrr
UgzfU2OSWtxvI5mJ1XB4AaABAg,She deserved JALLA 😭✌️,negative,,deserved jalla
UgxR83IwIPj6wj28Xjt4AaABAg,She proved why she qualified!!! Excellent performance tonight!! Breathtaking Cyprus!! Thank you Antigoni! We love you ❤,positive,,proved qualified excellent performance tonight breathtaking cyprus thank antigoni love
UgwPCf2PI-m5BljvjwF4AaABAg,Okay she ATE in the final!!!!!!,positive,,okay ate final
Ugxe0iNlC4xhHp0PtRd4AaABAg,WHAT AN EPIC REVENGE <3,negative,,epic revenge 3
UgweyJMgVG5_tcySS3x4AaABAg,"She managed to bounce back from the mistakes in the semifinals, she ate bro",negative,,managed bounce back mistakes semifinals ate bro
UgxPi4JWYhiXCHpWyv94AaABAg,"You got your revenge, queen 💯 You made Cyprus proud — a true winner in our hearts, and the greatest comeback of all!🇨🇾🏆",positive,,got revenge queen made cyprus proud true winner hearts greatest comeback
UgyVdjgdz1WladyPyXd4AaABAg,Easily deserved top 10! Sending love from your Greek Australians,positive,,easily deserved top 10 sending love greek australians
UgzseAR6QJo6aPceFpJ4AaABAg,"This is SOOOO MUCH BETTER than the semifinal, go girl, GIVE US JALLA ❤‍🔥 🇨🇾",positive,,soooo much better semifinal go girl give us jalla
UgxmiKihpnB4lhowQj54AaABAg,"I am Bulgarian and proud of our girl, but this song really got under my skin. 
❤❤❤❤❤❤❤❤❤❤❤❤❤❤❤❤❤❤❤❤❤❤❤❤❤❤❤❤❤❤❤❤❤❤❤❤",positive,,bulgarian proud girl song really got skin
UgwS7hiAnmrq4xjhr7R4AaABAg,Never doubted the comeback. Antigoni is the best,positive,,never doubted comeback antigoni best
Ugwl_XXwOykHvY6M8BV4AaABAg,"Antigoni mou you are the best, you deserved much better 🇨🇾🇨🇾🇨🇾",positive,,antigoni mou best deserved much better
Ugy3qIOfSY_hp-MrrHB4AaABAg,It's like night and day comparing this to the semi finals performance 😭😭 This is by far my favorite performance of the night,negative,,like night day comparing semi finals performance far favorite performance night
Ugya1TbUcN06UHhs8Mt4AaABAg,"Most known Eurovision songs ❌
Bros favourite songs ✅",neutral,,known eurovision songs bros favourite songs
Ugw101TZWx4EOsA7AuB4AaABAg,Sax guy was unironically iconic.,neutral,,sax guy unironically iconic
Ugy6jFfo87iPQlzyDXt4AaABAg,"fairytale not being number 1 is mad work


edit: ragebait successful lmaooo",positive,,fairytale number 1 mad work edit ragebait successful lmaooo
UgyOMrHOQhMLbaSk3aF4AaABAg,Europapa was the closest we came to world peace,positive,,europapa closest came world peace
UgyXHsJWgsof8sKTO1Z4AaABAg,Snap above fairytale is insane,negative,,snap fairytale insane
UgwyAeDyhbMs2n2Bp8F4AaABAg,I even didn't know arcade was in Eurovision and snap,neutral,,even didnt know arcade eurovision snap
UgxcuO0BwiQ0zAgn2A94AaABAg,Arcade and fairytale is my fav😍,positive,,arcade fairytale fav
Ugzb2D-AxBLeQSjsnT14AaABAg,Waterloo not being on this list is a fucking sin,negative,,waterloo list fucking sin
Ugxv1AMqsyJgSZoVQ0p4AaABAg,"I love Europapa, but it can’t be in this list, there’s so much more known songs like Zitti E Buoni or Waterloo",positive,,love europapa cant list theres much known songs like zitti e buoni waterloo
UgzZdQ9LSGcIYULXLBp4AaABAg,best one is deff Fairytale,positive,,best one deff fairytale
UgxmSc8jmxqAHYMKPpF4AaABAg,Im from norway and its like such an iconic song in norway,positive,positive,im norway like iconic song norway
Ugx6tD9bbwJIO2TEQu14AaABAg,"Fairytale 
Arcade 
Disrespect was insane

Edit:Does anyone need auto graph",negative,,fairytale arcade disrespect insane editdoes anyone need auto graph
UgxTflZMFFTBIzQ9a054AaABAg,Where is Waterloo??,neutral,,waterloo
UgxOSlQQtzGewmj7aZJ4AaABAg,No but the Europapa guy looks so innocent-,positive,,europapa guy looks innocent
UgxTc3X2_gU6uA72XkR4AaABAg,"Aleksander once came to my school and performed fairytale for us live. We were maybe 50-100 people, he came right up to my table",neutral,,aleksander came school performed fairytale us live maybe 50100 people came right table
UgyJk_j2k3vtrjZs2yx4AaABAg,I didn't knew arcade and fairytale where in Eurovision. Fairytale has been for years one of my grandma's ringtones so I know it from there. And I've been looking for arcade recently but didn't knew how it went or how it's called. Thank you!!!,positive,,didnt knew arcade fairytale eurovision fairytale years one grandmas ringtones know ive looking arcade recently didnt knew went called thank
UgzSUtD-YjEC1WCkYkF4AaABAg,fairstyle number one,positive,,fairstyle number one
UgzEfhkkB0CIkY4ntsp4AaABAg,Hardrock Hallelujah not being here is a crime.,positive,,hardrock hallelujah crime
Ugx4Nn5EVJa8Fekl3HF4AaABAg,No way Waterloo from ABBA isn't in this list...,negative,,way waterloo abba isnt list
UgznYEnruvyHdN0kSot4AaABAg,Source: Trust me Bro,positive,,source trust bro
UgxoCI6cvcPOKksa4lp4AaABAg,RUNAWAY IS A FUCKING CLASSIC BRO I JUST REWATCHED THAT EPIC SAX GUY VIDEO,neutral,,runaway fucking classic bro rewatched epic sax guy video
UgxK1x3CJk0wy8VimE94AaABAg,Waterloo is the most known and also the most important song in Eurovision history. The impact the song had to the entire contest is unbelievable.,positive,,waterloo known also important song eurovision history impact song entire contest unbelievable
UgyG-tzBOf0XointGgR4AaABAg,I love Fairytale and arcade ❤,positive,,love fairytale arcade
Ugwp2a5yD0qTsUavVBl4AaABAg,I love these all and I think everyone deserves the spot they have (#JusticeforJoost) but where are Waterloo and Zitti e Buoni? I think everyone knows Waterloo and Maneskin is also in the top 400 artists in the world.,positive,,love think everyone deserves spot waterloo zitti e buoni think everyone knows waterloo maneskin also top 400 artists world
UgxG4HtGBEvMzCD3rY94AaABAg,Europapa being disqualified was the most bs I’ve ever seen to this day,negative,,europapa disqualified bs ive ever seen day
UgwOWjNDqnMrT3TjE3t4AaABAg,"For all those who don't understand the staging: She is in the room with her demons, her haters and fears. When she won the National Selection she wanted to give up because the Bulgarians beat her on the internet. Despite them, however, she decided to go out and show her talent. As in the staging - in the end she left the room and took control of her demons. What a star, this is art. Winner.",positive,,dont understand staging room demons haters fears national selection wanted give bulgarians beat internet despite however decided go show talent staging end left room took control demons star art winner
UgwHAz-L5_rDYG_-I0N4AaABAg,12 points from Croatia 💪,neutral,,12 points croatia
UgydWcjsJ05JIP7UDv54AaABAg,The live performance is even better than the original. This rarely happens! I’m so impressed! Loved every second of it,positive,,live performance even better original rarely happens im impressed loved every second
Ugy_vFqvrU35j-3y5gd4AaABAg,Whoever choreographed this needs an award !!!!,positive,,whoever choreographed needs award
Ugx-i_IbwtRoC6nYa-x4AaABAg,"There are SO many details in this performance! Not just the vocal, the movement, even the small facial expression! You can clearly see how much effort the team put into it. Not just Dara, but the whole team, well done.",positive,,many details performance vocal movement even small facial expression clearly see much effort team put dara whole team well done
Ugy6BO76IqqtQaDqM5Z4AaABAg,"NEVER LEAVE EUROVISION AGAIN BULGARIA 

WELCOME BACK !!",positive,,never leave eurovision bulgaria welcome back
UgzBh_Et6bQw4CxTeil4AaABAg,12 points from 🇷🇸 🫶 🇧🇬,neutral,,12 points
UgwM5GBBgLGJK6e1_eF4AaABAg,"This song and performance served as proof that success is possible, regardless of the country. As you know, Balkan countries often fail to get the recognition they deserve at Eurovision.",positive,,song performance served proof success possible regardless country know balkan countries often fail get recognition deserve eurovision
Ugz4fAbIwKoxd6fHwkx4AaABAg,"This is the best song in eurovision 12 points from Serbia.
Absolute BANGARA",positive,,best song eurovision 12 points serbia absolute bangara
Ugz4PELW3l9ubSRvA8J4AaABAg,The Balkans are on fire this year and Bulgaria is coming back to the contest in a truly legendary way ❤️ 🇧🇬,positive,,balkans fire year bulgaria coming back contest truly legendary way
Ugw10s-63bMSb21SijF4AaABAg,12 points from the Georgian jury go to Bulgaria🇬🇪🇧🇬🔥,negative,,12 points georgian jury go bulgaria
UgzUyjbUdxwpe6e5ijN4AaABAg,12 points from Poland go to BULGARIA BANGARANGA LOVE U 🇵🇱❤️🇧🇬,positive,,12 points poland go bulgaria bangaranga love u
Ugy6VcNBRvRNEEEZSWp4AaABAg,ppl cant even realise how difficult this is . amazing work blew my head off,positive,,ppl cant even realise difficult amazing work blew head
Ugx6-AOurRvum9NLKe14AaABAg,"she was professional mann the expressions, vocals, everything",neutral,,professional mann expressions vocals everything
UgwB_3T9xpBMgW1Ewmh4AaABAg,"I'm shocked at how charismatic DARA is. That's a huge plus from me, and the choreography comes second. Well done, Bulgaria! This isn't the type of song I usually listen to, but as a complete package, you deserve the top spot. Greetings from Croatia.",positive,,im shocked charismatic dara thats huge plus choreography comes second well done bulgaria isnt type song usually listen complete package deserve top spot greetings croatia
UgzaQT9Q3ynW2S0hted4AaABAg,"Bravo DARA! All of Bulgaria is proud of you! Thanks to you, EUROVISION in 2027 will be in Bulgaria! 🇧🇬🇧🇬🇧🇬",positive,positive,bravo dara bulgaria proud thanks eurovision 2027 bulgaria
Ugx9DqhHK2ZQxtdc9-94AaABAg,Masterpiece! Welldone Bulgaria! What a comeback! 12 points from Croatia! 🇭🇷🤝🇧🇬,positive,positive,masterpiece welldone bulgaria comeback 12 points croatia
Ugyj2jva9P1PKzp-63N4AaABAg,She is amazing!!! I don’t think people realise how hard is to sing and dance at such tempo,positive,positive,amazing dont think people realise hard sing dance tempo
UgyGtoX-THn4Tm84A5N4AaABAg,"Sweden here 🇸🇪 — Bulgaria just WON idc 🔥😮‍🔥
This song is INSANE 💥 winner vibes all the way 🏆🇧🇬",negative,positive,sweden bulgaria idc song insane winner vibes way
UgzfeGYASun28LeMRiZ4AaABAg,nice to see someone win that actually deserved it for once ….,positive,positive,nice see someone win actually deserved
Ugwr4wSUsJbdlAtwDc94AaABAg,Serbia 🇷🇸 is rooting for our sister Dara! 🔥❤️,negative,positive,serbia rooting sister dara
UgwUeyzcjTD-HP2fBQB4AaABAg,"ABSOLUTELY BANGARANGA
my vote from Greece to our brothers in Bulgaria 🇧🇬 ❤🇬🇷",neutral,positive,absolutely bangaranga vote greece brothers bulgaria
UgxmK8iGohfQEnWxXnd4AaABAg,12 points to Bulgaria from Greece¬!!!,neutral,positive,12 points bulgaria greece
Ugy2s7JFjlvkWDmVjaB4AaABAg,She won this with her energy 👌,positive,positive,energy
Ugw4HATqeA5dMoWHivt4AaABAg,"This performance could easily be on an MTV award show. Impressive, and her acting was great too! 👏👏",positive,positive,performance could easily mtv award show impressive acting great
UgwGrM548t8qWoy_IUJ4AaABAg,"Akylas spends three full minutes constantly dancing, climbing, and running around and he never misses a single note on the mouth microphone.
Honestly, it’s incredibly demanding.
This year, Greece is truly competing for the win.
The performance carries a message about overconsumption, wealth, and poverty but also that with love and hard work, you can make it through and succeed.",positive,positive,akylas spends three full minutes constantly dancing climbing running around never misses single note mouth microphone honestly incredibly demanding year greece truly competing win performance carries message overconsumption wealth poverty also love hard work make succeed
Ugx7sGrRh_3bV4c-4UB4AaABAg,"As a person from the Uk, this was 100% guaranteed in the final, you Greeks really deserved it ❤",positive,positive,person uk 100 guaranteed final greeks really deserved
UgwFzixb7F59kx8iZf54AaABAg,"He sings ""I want GLORY, ETERNITY, and MONEY"", and the three rooms represent that: a fan wearing merch with his pictures on her wall, an ancient Greek statue, and pure gold. Great staging!!",positive,positive,sings want glory eternity money three rooms represent fan wearing merch pictures wall ancient greek statue pure gold great staging
UgzLaQk2zkaF4eTxGtN4AaABAg,He just invented Gree-K-pop,neutral,positive,invented greekpop
Ugyxzx7lJHLTn6-_Hmp4AaABAg,Last 3 entries from Greece are amazing! Love that they finally sing in their beautiful language and I hope they never stop! This is a renaissance era for Greece ❤❤,positive,neutral,last 3 entries greece amazing love finally sing beautiful language hope never stop renaissance era greece
UgzkSVNaM2Ry-Igixtl4AaABAg,"GO GO GO🇬🇷🔥
12 points from Indonesia🇮🇩❤️",negative,positive,go go go 12 points indonesia
UgyVNbxCy-WMZ0baVmR4AaABAg,12 points from Romania 🇷🇴 ❤️🇬🇷,neutral,positive,12 points romania
UgyeOC21QWde_6ebOuR4AaABAg,"What can I say.. Isn't everything perfect?
 As a Turk who has always been in love with Greek music, I really want Greece to get what it deserves this year❤",positive,positive,say isnt everything perfect turk always love greek music really want greece get deserves year
UgxD_GYwNEIv_F9Rfht4AaABAg,12 POINTS FROM CROATIA !🇭🇷😘,positive,positive,12 points croatia
UgzgvSZPlXSFo06SFZp4AaABAg,The part with his mum changes the whole meaning of the song. Suddenly it’s not about greed or showing off but it’s about a child wanting to give back to the woman who sacrificed everything for him. That part was genuinely heartbreaking and very emotional  ❤️,negative,,part mum changes whole meaning song suddenly greed showing child wanting give back woman sacrificed everything part genuinely heartbreaking emotional
UgwaTH9YKbqMbZnICVR4AaABAg,"Rooting for Greece! From Switzerland!
 🇨🇭🤝🇬🇷",neutral,positive,rooting greece switzerland
UgzCiNH92kTGTUZFdlN4AaABAg,"I’m with Akylas all the way to the end! It’s about watching a kid who, just a few months ago, was busking for passersby outside the streets of Athens, now rightfully earning his place on the biggest musical stage in the world, simply because he relentlessly chased his dream.
This is a wake-up call for us to finally decide what kind of society we want to be. Do we want happy kids fighting for their own dreams—even if those dreams don't fit our personal taste—or kids drowning in despair, driven to the absolute edge?
For me, a true role model has nothing to do with personal preferences. It doesn't matter if you’re different as a person. What actually counts, what we should really look up to and admire, is the kindness someone radiates, their honest hustle to make it, and the strength to never give up on their dreams. That is what a real role model looks like.
Best of luck, Akylas! From the streets to the very top, your kindness and your struggle are already a massive victory.",positive,positive,im akylas way end watching kid months ago busking passersby outside streets athens rightfully earning place biggest musical stage world simply relentlessly chased dream wakeup call us finally decide kind society want want happy kids fighting dreamseven dreams dont fit personal tasteor kids drowning despair driven absolute edge true role model nothing personal preferences doesnt matter youre different person actually counts really look admire kindness someone radiates honest hustle make strength never give dreams real role model looks like best luck akylas streets top kindness struggle already massive victory
Ugyw6gcmdqTC3z381pB4AaABAg,"All my votes for you Akylas! What a smart and meaningful song, and excellent staging! Well done Greek delegation! Greece 2027 🇬🇷🇬🇷🇬🇷",positive,positive,votes akylas smart meaningful song excellent staging well done greek delegation greece 2027
UgwU1H0w5jk9jpMT9mF4AaABAg,I think we already know the televoting winner 🇬🇷🏆,positive,positive,think already know televoting winner
UgwxV6ym5WSeH0QIvN94AaABAg,12 points from Germany ❤bravo Greece 🇬🇷 ❤❤❤❤❤❤❤❤🎉🎉🎉🎉🎉🎉🎉🎉🎉🎉🎉🎉🎉,positive,positive,12 points germany bravo greece
Ugy044QUE7-NkuWskQt4AaABAg,He needs to win so I can plan a longer stay in Greece next year 😂❤,positive,positive,needs win plan longer stay greece next year
Ugyh4Z-qi6ric_neXCh4AaABAg,"I had the honor to be there live and see the performance from an angle where I saw what the stage crew had to do to make the performance look as flawless as it does here. Several people running like maniacs to change the props, and of course Akylas running like crazy as well 😂😁. It's really imprinted in my brain as the most insane performance of the evening",positive,neutral,honor live see performance angle saw stage crew make performance look flawless several people running like maniacs change props course akylas running like crazy well really imprinted brain insane performance evening
Ugy006Q9YDrQTiWfgap4AaABAg,And finally I see why people are loving this! It took me several months. But this live performance opened my eyes - and ears! Regards from Norway,positive,neutral,finally see people loving took several months live performance opened eyes ears regards norway
UgzJ5-bDJ4tqJBp3TlF4AaABAg,Bravo Greece from 🇭🇷💕,positive,positive,bravo greece
UgzrcZEGHl9zORN39xB4AaABAg,Is this even real???!!! That was siiiick. SPEECHLESS 😮❤️😍 FERTO AKYLA the winner regardless of the result 👑🐯,positive,positive,even real siiiick speechless ferto akyla winner regardless result
Ugx4y66Wi7wJ7yeGMgJ4AaABAg,"Craziest part of this performance is that he managed to sing AND dance perfectly (and mostly) on his own without showing any signs of exhaustion even after he finished his song. That on its own needs true dedication and passion for music. 
Well done Akylas we expect much more from you in the future 🙌🙌",positive,,craziest part performance managed sing dance perfectly mostly without showing signs exhaustion even finished song needs true dedication passion music well done akylas expect much future
Ugwy2ptKKwdMpW6Rfeh4AaABAg,"Ferto is a truly one of a kind song. Tells us the story of a young man who wants all and everything: fame, eternity, money. Nothing is enough for him. He wants more and more.

And there comes the twist. All this greed comes from a childhood in poverty, where his mom couldn't provide everything she would want to provide.

For a brief moment the emotions flood him, he speaks to his mom and how material goods will heal them.

And then the greed returns.....

What an amazing song.

Rightfully deserves No1 place",positive,positive,ferto truly one kind song tells us story young man wants everything fame eternity money nothing enough wants comes twist greed comes childhood poverty mom couldnt provide everything would want provide brief moment emotions flood speaks mom material goods heal greed returns amazing song rightfully deserves no1 place
UgyFNR63jiX8QnTlm2l4AaABAg,"-How many times have you seen the performance?
-Yes.",positive,positive,many times seen performance yes
UgwK6rs_s6-4VQsUFRF4AaABAg,12 points from Australia Go Akylas,neutral,positive,12 points australia go akylas
UgwKQZJxgnPeWQVhW_J4AaABAg,Athens 2027 is calling! 📞 Greece didn’t just send a song; they sent a whole cultural moment. Akylas is taking this all the way! 🇬🇷🦁,neutral,positive,athens 2027 calling greece didnt send song sent whole cultural moment akylas taking way
UgxGENxOsCd9ng-pYIV4AaABAg,"As Kaarija said ""It's crazy, it's party""",positive,positive,kaarija said crazy party
UgxoKEdX2BfmZ9R4imJ4AaABAg,The most important thing is that he wrote this song thinking about his life that was hard financially and he dedicated it to his mom. He is a very talented young man who is there only due to his talent and his hard work. Akylas will bring it home! FERTO!,positive,positive,important thing wrote song thinking life hard financially dedicated mom talented young man due talent hard work akylas bring home ferto
Ugz4bDN0Oj9I81Rdpt54AaABAg,I want everyone to scream ferto mou ferto mou in the vienna era in may,negative,positive,want everyone scream ferto mou ferto mou vienna era may
UgxMZuwM1nz-KkJTMDB4AaABAg,Käärijä has already found his new friend for his eurovisionfamily 😂,positive,positive,käärijä already found new friend eurovisionfamily
UgxbGoH_mI0Ei1MvDbN4AaABAg,His voice being as good as the original video is crazy,positive,positive,voice good original video crazy
Ugym7YefovFrPSSFb1N4AaABAg,i just love it when a buff greek man wearing a hat with cat ears sings about greed and corruption,positive,,love buff greek man wearing hat cat ears sings greed corruption
Ugyz2baYmaZmMKrNeaF4AaABAg,Im in Shock!I didn't expect Greece to send a song like this to Eurovision! Well done Greece!🎉,positive,,im shocki didnt expect greece send song like eurovision well done greece
UgxOFNcuhXXq89HBmeB4AaABAg,i dont understand a word but this has so much energy,positive,,dont understand word much energy
Ugxl8bjRRKxS_BPBWnt4AaABAg,"At first I thought this song didn't have much of a meaning, but after reading the translation, I liked it. The sarcasm and mockery of gluttony and greed make this song very relevant today. I wish you luck and a worthy place, from Azerbaijan❤",positive,,first thought song didnt much meaning reading translation liked sarcasm mockery gluttony greed make song relevant today wish luck worthy place azerbaijan
Ugx5hENjxAYAntiIsaJ4AaABAg,This is gonna be crazy in the arena,negative,,gonna crazy arena
Ugwd-drMb6XRPVzi07l4AaABAg,"Hear me out, this is giving an uncanny Käärijä vibes to me (as a finn), and I absolutely love it!

With all the love, it’s game on..
🇫🇮🇬🇷",positive,,hear giving uncanny käärijä vibes finn absolutely love love game
UgxFZQ2w6X8yspDO1KJ4AaABAg,"I am waitting for the ""Greece, the public gave you 650 points"" 👏 😀",positive,,waitting greece public gave 650 points
Ugx3BxLPv8rpBONLmFx4AaABAg,The second golden age of Greece in Eurovision might have just started,neutral,,second golden age greece eurovision might started
Ugyh4BEJOGIpShXzG3J4AaABAg,"He can even sing a ballad, very rare for the singers of such entries, he can literally sing!",neutral,,even sing ballad rare singers entries literally sing
UgytBRgcMPi43BXsJ394AaABAg,"when I say this is the spirit of Eurovision, its this! Like Käärijä said : “it’s crazy, it’s party” !! Good luck!",positive,,say spirit eurovision like käärijä said crazy party good luck
UgwZB3skI_ub5SNnstZ4AaABAg,"The fact that he is talking to his mother is so heartwarmin
EDIT:OMG tysm for all the likes",positive,,fact talking mother heartwarmin editomg tysm likes
UgxYnOIX517wi0qrGJR4AaABAg,"This is actually a sad song deep down, despite being upbeat. The ballad bit puts the rest of it into context. He's not saying ""bring me"" things out of greed but out of need, because there were times where he didn't have anything.",negative,,actually sad song deep despite upbeat ballad bit puts rest context hes saying bring things greed need times didnt anything
UgxYeiB1n-kdW6kReUR4AaABAg,my new obsession for the next three months has been found recently,negative,,new obsession next three months found recently
UgzKPgxo6F3SjdQQRS54AaABAg,12 points from italy 🇮🇹 ❤ 🇬🇷,positive,,12 points italy
UgycrdRlfZEx98XWqNV4AaABAg,This took away my depression,negative,,took away depression
UgyG2hbgo5i-Sq46cVl4AaABAg,Eurovision is finally returning to the Balkans🏆,neutral,,eurovision finally returning balkans
UgxhTY3Fvds1Wfc1MJN4AaABAg,"12 points go to Greece 🇬🇷 🥳🥳🥳 
🥇🥇🥇 
Hello from Slovenia 🇸🇮",positive,,12 points go greece hello slovenia
UgzGJEk6DW_ezxnh9nN4AaABAg,"united by music ❌
united by FERTO ✅",positive,,united music united ferto
Ugx9UTLfUbzJmaBAckd4AaABAg,"- how many times does have you listened the song?  
- ferto",neutral,,many times listened song ferto
UgzfhHjYWoelXS6XCnl4AaABAg,My personal winner from Germany! 12 Points! Good luck Greece 💙,positive,,personal winner germany 12 points good luck greece
Ugyp-5tQmQBVgSH4qv94AaABAg,🇬🇷 Will Klavdia get a high jury result for Greece ?,neutral,,klavdia get high jury result greece
UgzPDZQdKtSKUZ8WNKR4AaABAg,"How many 14th do you want? 

Greece: yes",positive,,many 14th want greece yes
UgwxYu9ze135ZB01jg14AaABAg,I feel like Greece likes being 14th with the juries,positive,,feel like greece likes 14th juries
UgyP28uOt3N8i1r71Ht4AaABAg,Eurovision 2005 : Greece 1th,neutral,,eurovision 2005 greece 1th
UgzIEZb4gHi8bSBZrMN4AaABAg,I can say that Greece is very underrated with the juries like 2011 and 13 wtf,negative,,say greece underrated juries like 2011 13 wtf
UgxFKQ20GRzh5KtIv_J4AaABAg,I love greece in eurovision 🇳🇿❤️🇬🇷,positive,,love greece eurovision
Ugx7GeHJX29nwubbys14AaABAg,my favourite 2010 cause i still listen to it,neutral,,favourite 2010 cause still listen
Ugz__1AFE35rGWWMLON4AaABAg,How count jury places early 2016???,neutral,,count jury places early 2016
Ugw5nF8nz5eoFcu3Bht4AaABAg,2019 is a masterpiece ⭐,positive,,2019 masterpiece
UgzNyoI-DB3Ropfloyt4AaABAg,I'm from Greece,neutral,,im greece
UgwqPdZGerZ05uA6Tad4AaABAg,I am from Greece🎉❤,positive,,greece
Ugyo9PKXmyL-9P3Wfgp4AaABAg,I love the 2024 song so much I'm from Greece,positive,,love 2024 song much im greece
UgwNOjvGsz5B8oPZJSF4AaABAg,"Number one, shake it, yasou maria? secret combination? die for you etc?",negative,,number one shake yasou maria secret combination die etc
UgxQqbaGBEQqJebnUnR4AaABAg,"My number 1 1st
What about Klavdia?
And with Marina Sati 11th",positive,,number 1 1st klavdia marina sati 11th
UgxQ_coJvbeOfbq3H3d4AaABAg,The crazy thing is I am from Greece and I just see this while scrolling oh and the 4th one is in -10,negative,,crazy thing greece see scrolling oh 4th one 10
UgzTS13-YNnp6lHZfQ94AaABAg,I'm from Greece 🇬🇷,neutral,,im greece
UgwollDR4jSjhHAkyoJ4AaABAg,"Just read it for the 10th time.. still don't get what I am missing.. it says ""Eurovision Greece top 10 Juries""",negative,,read 10th time still dont get missing says eurovision greece top 10 juries
UgyoYnei53B9CG-RVRt4AaABAg,"Helena paparoizou she was 1st on Eurovision ❤❤
and klavdia is 6th❤❤",positive,,helena paparoizou 1st eurovision klavdia 6th
Ugw8q7LNYODPmdgM42h4AaABAg,1 is 2005 Helena Paparizou with song my number one and she gets the 1st,positive,,1 2005 helena paparizou song number one gets 1st
UgxbkA_uUc0wJItBjV54AaABAg,Can't wait for asteromata and ferto,neutral,,cant wait asteromata ferto
UgwiZ699f8tZF7Rlflt4AaABAg,Sr where is number one?????,positive,,sr number one
Ugyd5f61lrgE90wCR6J4AaABAg,For gods shake i am from Greece and i am so red rn.......😅,positive,,gods shake greece red rn
Ugy1z7R2XM-gnBcT9-Z4AaABAg,At least this year perfect place,positive,,least year perfect place
Ugz6Pdmx9CvuA2fjSyp4AaABAg,"Hi I'm from 2026 and we have Akylas who sings the ""ferto"" and we got 10th",neutral,,hi im 2026 akylas sings ferto got 10th
UgzBdom3HOgWEZqKObh4AaABAg,Why did you put the 2005 they literally got number one,positive,,put 2005 literally got number one
